name	translation
89(E)-58-85	89(E)-58-85
46147	46147
桐木りり	桐木りり
82(C)-56-82	82(C)-56-82
46268	46268
沢澤砂羽	沢澤砂羽
93(F)-57-90	93(F)-57-90
46353	46353
波奈束風景	波奈束風景
????	????
72(A)-54-75	72(A)-54-75
46042	46042
小鳥居夕花	小鳥居夕花
88(D)-58-88	88(D)-58-88
46179	46179
桃山いおん	桃山いおん
87(D)-56-84	87(D)-56-84
46337	46337
藤咲ウサ	藤咲ウサ
84(C)-60-86	84(C)-60-86
46106	46106
美月	美月
86(D)-57-85	86(D)-57-85
46090	46090
花安未羽	花安未羽
89(E)-55-88	89(E)-55-88
46247	46247
桃井いちご	桃井いちご
72(A)-54-77	72(A)-54-77
46196	46196
実羽ゆうき	実羽ゆうき
95(G)-63-90	95(G)-63-90
46297	46297
奏雨	奏雨
77(B)-58-79	77(B)-58-79
46372	46372
歩サラ	歩サラ
85(C)-59-81	85(C)-59-81
46133	46133
くすはらゆい	くすはらゆい
79(C)-56-76	79(C)-56-76
46070	46070
木村あやか	木村あやか
60(AA)-49-63	60(AA)-49-63
46211	46211
白雪碧	白雪碧
81(C)-56-80	81(C)-56-80
46055	46055
羽鳥いち	羽鳥いち
88(E)-55-78	88(E)-55-78
46154	46154
長月麗陰	長月麗陰
85(D)-58-82	85(D)-58-82
46381	46381
羽鳥空	羽鳥空
89(E)-54-76	89(E)-54-76
46290	46290
神代岬	神代岬
91(F)-59-90	91(F)-59-90
46230	46230
外街未来	外街未来
90(F)-59-87	90(F)-59-87
46029	46029
和央きりか	和央きりか
79(B)-54-77	79(B)-54-77
46314	46314
猫村ゆき	猫村ゆき
87(D)-60-88	87(D)-60-88
46167	46167
周防珊瑚	周防珊瑚
98(G)-58-93	98(G)-58-93
46194	46194
雨音遊	雨音遊
70(A)-52-73	70(A)-52-73
46125	46125
北風響子	北風響子
89(E)-62-88	89(E)-62-88
46239	46239
手塚まき	手塚まき
80(B)-55-81	80(B)-55-81
46219	46219
三代眞子	三代眞子
87(D)-56-86	87(D)-56-86
46078	46078
明羽杏子	明羽杏子
90(F)-57-82	90(F)-57-82
46225	46225
北大路ゆき	北大路ゆき
80(C)-55-81	80(C)-55-81
46113	46113
花園めい	花園めい
78(C)-54-76	78(C)-54-76
46286	46286
天季ひより	天季ひより
90(F)-57-88	90(F)-57-88
46036	46036
結城ゆたか	結城ゆたか
84(C)-56-85	84(C)-56-85
46294	46294
78(B)-54-79	78(B)-54-79
46237	46237
安玖深音	安玖深音
86(D)-59-87	86(D)-59-87
46110	46110
46189	46189
遥そら	遥そら
82(C)-55-83	82(C)-55-83
46180	46180
観村咲子	観村咲子
46299	46299
鷹月さくら	鷹月さくら
85(D)-57-84	85(D)-57-84
46081	46081
89(E)-59-86	89(E)-59-86
46322	46322
79(C)-54-80	79(C)-54-80
46095	46095
麦畑穂香	麦畑穂香
73(A)-52-76	73(A)-52-76
46250	46250
海老原柚葉	海老原柚葉
83(C)-55-83	83(C)-55-83
46053	46053
美空なつひ	美空なつひ
63(AA)-49-67	63(AA)-49-67
46131	46131
三咲里奈	三咲里奈
58(AAA)-49-60	58(AAA)-49-60
46258	46258
愛梨	愛梨
体力増加の祝福	生命强化的祝福
<color=#005C5E>味方全体の最大HP40%増加。</color>	<color=#005C5E>我方全体最大HP提升40%。</color>
攻撃強化の祝福	攻击强化的祝福
<color=#005C5E>味方全体の攻撃40%増加。</color>	<color=#005C5E>我方全体攻击提升40%。</color>
防御強化の祝福	防御强化的祝福
<color=#005C5E>味方全体の防御40%増加。</color>	<color=#005C5E>我方全体防御提升40%。</color>
魔力強化の祝福	魔力强化的祝福
<color=#005C5E>味方全体の魔力40%増加。</color>	<color=#005C5E>我方全体魔力提升40%。</color>
俊敏強化の祝福	敏捷强化的祝福
<color=#005C5E>味方全体の敏捷40%増加。</color>	<color=#005C5E>我方全体敏捷提升40%。</color>
幸運強化の祝福	幸运强化的祝福
<color=#005C5E>味方全体の幸運40%増加。</color>	<color=#005C5E>我方全体幸运提升40%。</color>
会心強化の祝福	会心强化的祝福
<color=#005C5E>味方全体のクリティカル率40%増加。</color>	<color=#005C5E>我方全体暴击率提升40%。</color>
命中強化の祝福	命中强化的祝福
<color=#005C5E>味方全体の命中率40%増加。</color>	<color=#005C5E>我方全体命中率提升40%。</color>
回避強化の祝福	回避强化的祝福
<color=#005C5E>味方全体の回避率40%増加。</color>	<color=#005C5E>我方全体回避率提升40%。</color>
反撃強化の祝福	反击强化的祝福
<color=#005C5E>味方全体の反撃率40%増加。</color>	<color=#005C5E>我方全体反击率提升40%。</color>
連撃強化の祝福	连击强化的祝福
<color=#005C5E>味方全体の連撃率40%増加。</color>	<color=#005C5E>我方全体连击率提升40%。</color>
回復超越の祝福	回复超越的祝福
<color=#005C5E>味方全体の回復上限40000増加。</color>	<color=#005C5E>我方全体回复上限增加40000。</color>
再生広布の祝福	再生广布的祝福
<color=#005C5E>バトル開始時、味方全体に再生を付与。</color>	<color=#005C5E>战斗开始时，赋予我方全体再生状态。</color>
繚乱広布の祝福	缭乱广布的祝福
<color=#005C5E>バトル開始時、味方全体に繚乱を付与。</color>	<color=#005C5E>战斗开始时，赋予我方全体缭乱状态。</color>
加速広布の祝福	加速广布的祝福
<color=#005C5E>バトル開始時、味方全体に加速を付与。</color>	<color=#005C5E>战斗开始时，赋予我方全体加速状态。</color>
力溜広布の祝福	蓄力广布的祝福
<color=#005C5E>バトル開始時、味方全体に力溜めを付与。</color>	<color=#005C5E>战斗开始时，赋予我方全体蓄力状态。</color>
集中広布の祝福	集中广布的祝福
<color=#005C5E>バトル開始時、味方全体に集中を付与。</color>	<color=#005C5E>战斗开始时，赋予我方全体集中状态。</color>
防膜広布の祝福	防壁广布的祝福
<color=#005C5E>バトル開始時、味方全体にバリアーを付与。</color>	<color=#005C5E>战斗开始时，赋予我方全体护盾状态。</color>
秘膜広布の祝福	秘膜广布的祝福
<color=#005C5E>バトル開始時、味方全体にベールを付与。</color>	<color=#005C5E>战斗开始时，赋予我方全体面纱状态。</color>
魔壁広布の祝福	魔壁广布的祝福
<color=#005C5E>バトル開始時、味方全体に魔壁を付与。</color>	<color=#005C5E>战斗开始时，赋予我方全体魔壁状态。</color>
祝福広布の祝福	祝福广布的祝福
<color=#005C5E>バトル開始時、味方全体に祝福を付与。</color>	<color=#005C5E>战斗开始时，赋予我方全体祝福状态。</color>
与撃増加の祝福	攻击提升的祝福
<color=#005C5E>味方が与えるダメージが<daeg_pow:1>%の確率で180%に増加。</color>	<color=#005C5E>我方造成的伤害有<daeg_pow:1>%的概率提升至180%。</color>
被撃減少の祝福	受击减少的祝福
<color=#005C5E>敵から受けるダメージが<daeg_pow:1>%の確率で60%に減少。</color>	<color=#005C5E>受到敌人的伤害有<daeg_pow:1>%的概率减少至60%。</color>
全体治癒の祝福	全体治愈的祝福
<color=#005C5E>ウェーブ開始時、味方全体のHP40000回復。</color>	<color=#005C5E>回合开始时，回复我方全体40000 HP。</color>
毒付与の祝福	毒赋予的祝福
<color=#005C5E>ウェーブ開始時、ランダムな敵2体に毒を付与。</color>	<color=#005C5E>回合开始时，随机赋予2名敌人中毒状态。</color>
出血付与の祝福	出血赋予的祝福
<color=#005C5E>ウェーブ開始時、ランダムな敵2体に出血を付与。</color>	<color=#005C5E>回合开始时，随机赋予2名敌人出血状态。</color>
刻印付与の祝福	刻印赋予的祝福
<color=#005C5E>ウェーブ開始時、ランダムな敵2体に刻印を付与。</color>	<color=#005C5E>回合开始时，随机赋予2名敌人刻印状态。</color>
火傷付与の祝福	灼伤赋予的祝福
<color=#005C5E>ウェーブ開始時、ランダムな敵2体に火傷を付与。</color>	<color=#005C5E>回合开始时，随机赋予2名敌人灼伤状态。</color>
感電付与の祝福	感电赋予的祝福
<color=#005C5E>ウェーブ開始時、ランダムな敵2体に感電を付与。</color>	<color=#005C5E>回合开始时，随机赋予2名敌人感电状态。</color>
氷結付与の祝福	冻结赋予的祝福
<color=#005C5E>ウェーブ開始時、ランダムな敵2体に氷結を付与。</color>	<color=#005C5E>回合开始时，随机赋予2名敌人冻结状态。</color>
与撃超越の祝福	攻击超越的祝福
<color=#005C5E>味方全体のダメージ上限50000増加。</color>	<color=#005C5E>我方全体伤害上限增加50000。</color>
冥力増加の祝福	冥力增加的祝福
<color=#005C5E>バトル開始時のMP15増加。</color>	<color=#005C5E>战斗开始时MP增加15。</color>
冥力加速の祝福	冥力加速的祝福
<color=#005C5E>ターン開始時のMP回復量2増加。</color>	<color=#005C5E>回合开始时MP回复量增加2。</color>
抵抗強化の祝福	抵抗强化的祝福
<color=#005C5E>味方全体の全ての状態異常抵抗率増加。</color>	<color=#005C5E>我方全体对所有异常状态的抵抗率提升。</color>
萌力加速の祝福	萌力加速的祝福
<color=#005C5E>味方全体の萌技ゲージ増加量100%増加。</color>	<color=#005C5E>我方全体萌技能量槽增加量提升100%。</color>
再動短縮の祝福	再动缩短的祝福
<color=#005C5E>ターン開始時のCT減少量1増加。</color>	<color=#005C5E>回合开始时CT减少量增加1。</color>
萌技強化の祝福	萌技强化的祝福
<color=#005C5E>味方全体の萌技威力3000強化。</color>	<color=#005C5E>我方全体萌技威力强化3000。</color>
特技強化の祝福	特技强化的祝福
<color=#005C5E>味方全体の通常攻撃以外のスキルの威力3000強化。</color>	<color=#005C5E>我方全体普通攻击以外的技能威力强化3000。</color>
効果増幅の祝福	效果增幅的祝福
<color=#005C5E>味方全体のバフ効果50%増加。</color>	<color=#005C5E>我方全体的增益效果提升50%。</color>
補助強化の祝福	辅助强化的祝福
<color=#005C5E>味方全体の補助効果によるパラメータ増加量50%増加。</color>	<color=#005C5E>我方全体通过辅助效果获得的属性提升量增加50%。</color>
持続強化の祝福	持续强化的祝福
<color=#005C5E>味方全体の補助効果の持続ターン増加。</color>	<color=#005C5E>我方全体的辅助效果持续时间增加。</color>
継続回復の祝福	持续回复的祝福
<color=#005C5E>ターン開始時、最もHPが少ない味方のHP30000回復。</color>	<color=#005C5E>回合开始时，回复我方HP最低的成员30000 HP。</color>
起死回生の祝福	起死回生的祝福
<color=#005C5E>味方が戦闘不能になった際、HP全快で復活（一度のみ発動)。</color>	<color=#005C5E>我方成员战斗不能时，以满HP状态复活（仅可发动一次）。</color>
瞑想広布の祝福	冥想广布的祝福
<color=#005C5E>バトル開始時、味方全体に瞑想を付与。</color>	<color=#005C5E>战斗开始时，赋予我方全体冥想状态。</color>
飛行広布の祝福	飞行广布的祝福
<color=#005C5E>バトル開始時、味方全体に飛行を付与。</color>	<color=#005C5E>战斗开始时，赋予我方全体飞行状态。</color>
幻影広布の祝福	幻影广布的祝福
<color=#005C5E>バトル開始時、味方全体に幻影を付与。</color>	<color=#005C5E>战斗开始时，赋予我方全体幻影状态。</color>
気絶付与の祝福	眩晕赋予的祝福
<color=#005C5E>ウェーブ開始時、ランダムな敵2体にスタンを付与。</color>	<color=#005C5E>回合开始时，随机赋予2名敌人眩晕状态。</color>
睡眠付与の祝福	睡眠赋予的祝福
<color=#005C5E>ウェーブ開始時、ランダムな敵2体に睡眠を付与。</color>	<color=#005C5E>回合开始时，随机赋予2名敌人睡眠状态。</color>
忘却付与の祝福	忘却赋予的祝福
<color=#005C5E>ウェーブ開始時、ランダムな敵2体に忘却を付与。</color>	<color=#005C5E>回合开始时，随机赋予2名敌人遗忘状态。</color>
鈍重付与の祝福	迟钝赋予的祝福
<color=#005C5E>ウェーブ開始時、ランダムな敵2体に鈍重を付与。</color>	<color=#005C5E>回合开始时，随机赋予2名敌人迟钝状态。</color>
魅了付与の祝福	魅惑赋予的祝福
<color=#005C5E>ウェーブ開始時、ランダムな敵2体に魅了を付与。</color>	<color=#005C5E>回合开始时，随机赋予2名敌人魅惑状态。</color>
遅滞付与の祝福	迟滞赋予的祝福
<color=#005C5E>ウェーブ開始時、ランダムな敵2体に遅滞を付与。</color>	<color=#005C5E>回合开始时，随机赋予2名敌人迟滞状态。</color>
弱体付与の祝福	弱体赋予的祝福
<color=#005C5E>ウェーブ開始時、ランダムな敵2体に弱体を付与。</color>	<color=#005C5E>回合开始时，随机赋予2名敌人弱体状态。</color>
快癒の祝福	快愈的祝福
<color=#005C5E>ウェーブ開始時、ランダムな味方4人の状態異常を1つ解除。</color>	<color=#005C5E>回合开始时，随机解除我方4人的1个异常状态。</color>
弱体解除の祝福	弱体解除的祝福
<color=#005C5E>ウェーブ開始時、ランダムな味方2人のデバフを全て解除。</color>	<color=#005C5E>回合开始时，随机解除我方2人的所有减益效果。</color>
支援攻撃の祝福	支援攻击的祝福
<color=#005C5E>ウェーブ開始時、敵全体に150000のダメージ与える。</color>	<color=#005C5E>回合开始时，对敌方全体造成150000伤害。</color>
超溜付与の祝福	超蓄力赋予的祝福
<color=#005C5E>ウェーブ開始時、最も攻撃力が高い味方一人と最も魔力が高い味方一人に超・力溜めを付与。</color>	<color=#005C5E>回合开始时，赋予我方攻击最高的1人及魔力最高的1人超·蓄力状态。</color>
繚乱付与の祝福	缭乱赋予的祝福
<color=#005C5E>ウェーブ開始時、ランダムな味方3人に百花繚乱を付与。</color>	<color=#005C5E>回合开始时，随机赋予我方3人百花缭乱状态。</color>
異常解除の祝福	异常解除的祝福
<color=#005C5E>ターン開始時、ランダムな味方2人の状態異常を1つ解除。</color>	<color=#005C5E>回合开始时，随机解除我方2人的1个异常状态。</color>
継続解除の祝福	持续解除的祝福
<color=#005C5E>ターン開始時、ランダムな味方単体のデバフを全て解除。</color>	<color=#005C5E>回合开始时，随机解除我方1人的所有减益效果。</color>
継続治癒の祝福	持续治愈的祝福
<color=#005C5E>ターン開始時、味方全体のHP20000回復。</color>	<color=#005C5E>回合开始时，回复我方全体20000 HP。</color>
攻撃強化/体力減少の穢詛	攻击强化/生命减少的秽咒
<color=#005C5E>味方全体の攻撃40%増加。</color><color=#b00000>味方全体の最大HP40%減少。</color>	<color=#005C5E>我方全体攻击提升40%。</color><color=#b00000>我方全体最大HP减少40%。</color>
魔力強化/体力減少の穢詛	魔力强化/生命减少的秽咒
<color=#005C5E>味方全体の魔力40%増加。</color><color=#b00000>味方全体の最大HP40%減少。</color>	<color=#005C5E>我方全体魔力提升40%。</color><color=#b00000>我方全体最大HP减少40%。</color>
会心強化/体力減少の穢詛	会心强化/生命减少的秽咒
<color=#005C5E>味方全体のクリティカル率40%増加。</color><color=#b00000>味方全体の最大HP40%減少。</color>	<color=#005C5E>我方全体暴击率提升40%。</color><color=#b00000>我方全体最大HP减少40%。</color>
命中強化/体力減少の穢詛	命中强化/生命减少的秽咒
<color=#005C5E>味方全体の命中率40%増加。</color><color=#b00000>味方全体の最大HP40%減少。</color>	<color=#005C5E>我方全体命中率提升40%。</color><color=#b00000>我方全体最大HP减少40%。</color>
反撃強化/体力減少の穢詛	反击强化/生命减少的秽咒
<color=#005C5E>味方全体の反撃率40%増加。</color><color=#b00000>味方全体の最大HP40%減少。</color>	<color=#005C5E>我方全体反击率提升40%。</color><color=#b00000>我方全体最大HP减少40%。</color>
連撃強化/体力減少の穢詛	连击强化/生命减少的秽咒
<color=#005C5E>味方全体の連撃率20%増加。</color><color=#b00000>味方全体の最大HP40%減少。</color>	<color=#005C5E>我方全体连击率提升20%。</color><color=#b00000>我方全体最大HP减少40%。</color>
与撃増加/体力減少の穢詛	攻击提升/生命减少的秽咒
<color=#005C5E>味方が与えるダメージが<daeg_pow:1>%の確率で180%に増加。</color><color=#b00000>味方全体の最大HP40%減少。</color>	<color=#005C5E>我方造成的伤害有<daeg_pow:1>%的概率提升至180%。</color><color=#b00000>我方全体最大HP减少40%。</color>
毒付与/体力減少の穢詛	毒赋予/生命减少的秽咒
<color=#005C5E>ウェーブ開始時、ランダムな敵2体に毒を付与。</color><color=#b00000>味方全体の最大HP40%減少。</color>	<color=#005C5E>回合开始时，随机赋予2名敌人中毒状态。</color><color=#b00000>我方全体最大HP减少40%。</color>
出血付与/体力減少の穢詛	出血赋予/生命减少的秽咒
<color=#005C5E>ウェーブ開始時、ランダムな敵2体に出血を付与。</color><color=#b00000>味方全体の最大HP40%減少。</color>	<color=#005C5E>回合开始时，随机赋予2名敌人出血状态。</color><color=#b00000>我方全体最大HP减少40%。</color>
刻印付与/体力減少の穢詛	刻印赋予/生命减少的秽咒
<color=#005C5E>ウェーブ開始時、ランダムな敵2体に刻印を付与。</color><color=#b00000>味方全体の最大HP40%減少。</color>	<color=#005C5E>回合开始时，随机赋予2名敌人刻印状态。</color><color=#b00000>我方全体最大HP减少40%。</color>
火傷付与/体力減少の穢詛	灼伤赋予/生命减少的秽咒
<color=#005C5E>ウェーブ開始時、ランダムな敵2体に火傷を付与。</color><color=#b00000>味方全体の最大HP40%減少。</color>	<color=#005C5E>回合开始时，随机赋予2名敌人灼伤状态。</color><color=#b00000>我方全体最大HP减少40%。</color>
感電付与/体力減少の穢詛	感电赋予/生命减少的秽咒
<color=#005C5E>ウェーブ開始時、ランダムな敵2体に感電を付与。</color><color=#b00000>味方全体の最大HP40%減少。</color>	<color=#005C5E>回合开始时，随机赋予2名敌人感电状态。</color><color=#b00000>我方全体最大HP减少40%。</color>
氷結付与/体力減少の穢詛	冻结赋予/生命减少的秽咒
<color=#005C5E>ウェーブ開始時、ランダムな敵2体に氷結を付与。</color><color=#b00000>味方全体の最大HP40%減少。</color>	<color=#005C5E>回合开始时，随机赋予2名敌人冻结状态。</color><color=#b00000>我方全体最大HP减少40%。</color>
体力増加/攻撃減少の穢詛	生命增加/攻击减少的秽咒
<color=#005C5E>味方全体の最大HP40%増加。</color><color=#b00000>味方全体の攻撃40%減少。</color>	<color=#005C5E>我方全体最大HP提升40%。</color><color=#b00000>我方全体攻击减少40%。</color>
防御強化/攻撃減少の穢詛	防御强化/攻击减少的秽咒
<color=#005C5E>味方全体の防御40%増加。</color><color=#b00000>味方全体の攻撃40%減少。</color>	<color=#005C5E>我方全体防御提升40%。</color><color=#b00000>我方全体攻击减少40%。</color>
俊敏強化/攻撃減少の穢詛	敏捷强化/攻击减少的秽咒
<color=#005C5E>味方全体の敏捷40%増加。</color><color=#b00000>味方全体の攻撃40%減少。</color>	<color=#005C5E>我方全体敏捷提升40%。</color><color=#b00000>我方全体攻击减少40%。</color>
幸運強化/攻撃減少の穢詛	幸运强化/攻击减少的秽咒
<color=#005C5E>味方全体の幸運40%増加。</color><color=#b00000>味方全体の攻撃40%減少。</color>	<color=#005C5E>我方全体幸运提升40%。</color><color=#b00000>我方全体攻击减少40%。</color>
回避強化/攻撃減少の穢詛	回避强化/攻击减少的秽咒
<color=#005C5E>味方全体の回避率40%増加。</color><color=#b00000>味方全体の攻撃40%減少。</color>	<color=#005C5E>我方全体回避率提升40%。</color><color=#b00000>我方全体攻击减少40%。</color>
回復超越/攻撃減少の穢詛	回复超越/攻击减少的秽咒
<color=#005C5E>味方全体の回復上限40000増加。</color><color=#b00000>味方全体の攻撃40%減少。</color>	<color=#005C5E>我方全体回复上限增加40000。</color><color=#b00000>我方全体攻击减少40%。</color>
全体治癒/攻撃減少の穢詛	全体治愈/攻击减少的秽咒
<color=#005C5E>ウェーブ開始時、味方全体のHP40000回復。</color><color=#b00000>味方全体の攻撃40%減少。</color>	<color=#005C5E>回合开始时，回复我方全体40000 HP。</color><color=#b00000>我方全体攻击减少40%。</color>
被撃減少/攻撃減少の穢詛	受击减少/攻击减少的秽咒
<color=#005C5E>敵から受けるダメージが<daeg_pow:1>%の確率で60%に減少。</color><color=#b00000>味方全体の攻撃40%減少。</color>	<color=#005C5E>受到敌人的伤害有<daeg_pow:1>%的概率减少至60%。</color><color=#b00000>我方全体攻击减少40%。</color>
攻撃強化/防御減少の穢詛	攻击强化/防御减少的秽咒
<color=#005C5E>味方全体の攻撃40%増加。</color><color=#b00000>味方全体の防御40%減少。</color>	<color=#005C5E>我方全体攻击提升40%。</color><color=#b00000>我方全体防御减少40%。</color>
魔力強化/防御減少の穢詛	魔力强化/防御减少的秽咒
<color=#005C5E>味方全体の魔力40%増加。</color><color=#b00000>味方全体の防御40%減少。</color>	<color=#005C5E>我方全体魔力提升40%。</color><color=#b00000>我方全体防御减少40%。</color>
会心強化/防御減少の穢詛	会心强化/防御减少的秽咒
<color=#005C5E>味方全体のクリティカル率40%増加。</color><color=#b00000>味方全体の防御40%減少。</color>	<color=#005C5E>我方全体暴击率提升40%。</color><color=#b00000>我方全体防御减少40%。</color>
命中強化/防御減少の穢詛	命中强化/防御减少的秽咒
<color=#005C5E>味方全体の命中率40%増加。</color><color=#b00000>味方全体の防御40%減少。</color>	<color=#005C5E>我方全体命中率提升40%。</color><color=#b00000>我方全体防御减少40%。</color>
反撃強化/防御減少の穢詛	反击强化/防御减少的秽咒
<color=#005C5E>味方全体の反撃率40%増加。</color><color=#b00000>味方全体の防御40%減少。</color>	<color=#005C5E>我方全体反击率提升40%。</color><color=#b00000>我方全体防御减少40%。</color>
連撃強化/防御減少の穢詛	连击强化/防御减少的秽咒
<color=#005C5E>味方全体の連撃率20%増加。</color><color=#b00000>味方全体の防御40%減少。</color>	<color=#005C5E>我方全体连击率提升20%。</color><color=#b00000>我方全体防御减少40%。</color>
与撃増加/防御減少の穢詛	攻击提升/防御减少的秽咒
<color=#005C5E>味方が与えるダメージが<daeg_pow:1>%の確率で180%に増加。</color><color=#b00000>味方全体の防御40%減少。</color>	<color=#005C5E>我方造成的伤害有<daeg_pow:1>%的概率提升至180%。</color><color=#b00000>我方全体防御减少40%。</color>
毒付与/防御減少の穢詛	毒赋予/防御减少的秽咒
<color=#005C5E>ウェーブ開始時、ランダムな敵2体に毒を付与。</color><color=#b00000>味方全体の防御40%減少。</color>	<color=#005C5E>回合开始时，随机赋予2名敌人中毒状态。</color><color=#b00000>我方全体防御减少40%。</color>
出血付与/防御減少の穢詛	出血赋予/防御减少的秽咒
<color=#005C5E>ウェーブ開始時、ランダムな敵2体に出血を付与。</color><color=#b00000>味方全体の防御40%減少。</color>	<color=#005C5E>回合开始时，随机赋予2名敌人出血状态。</color><color=#b00000>我方全体防御减少40%。</color>
刻印付与/防御減少の穢詛	刻印赋予/防御减少的秽咒
<color=#005C5E>ウェーブ開始時、ランダムな敵2体に刻印を付与。</color><color=#b00000>味方全体の防御40%減少。</color>	<color=#005C5E>回合开始时，随机赋予2名敌人刻印状态。</color><color=#b00000>我方全体防御减少40%。</color>
火傷付与/防御減少の穢詛	灼伤赋予/防御减少的秽咒
<color=#005C5E>ウェーブ開始時、ランダムな敵2体に火傷を付与。</color><color=#b00000>味方全体の防御40%減少。</color>	<color=#005C5E>回合开始时，随机赋予2名敌人灼伤状态。</color><color=#b00000>我方全体防御减少40%。</color>
感電付与/防御減少の穢詛	感电赋予/防御减少的秽咒
<color=#005C5E>ウェーブ開始時、ランダムな敵2体に感電を付与。</color><color=#b00000>味方全体の防御40%減少。</color>	<color=#005C5E>回合开始时，随机赋予2名敌人感电状态。</color><color=#b00000>我方全体防御减少40%。</color>
氷結付与/防御減少の穢詛	冻结赋予/防御减少的秽咒
<color=#005C5E>ウェーブ開始時、ランダムな敵2体に氷結を付与。</color><color=#b00000>味方全体の防御40%減少。</color>	<color=#005C5E>回合开始时，随机赋予2名敌人冻结状态。</color><color=#b00000>我方全体防御减少40%。</color>
体力増加/魔力減少の穢詛	生命增加/魔力减少的秽咒
<color=#005C5E>味方全体の最大HP40%増加。</color><color=#b00000>味方全体の魔力40%減少。</color>	<color=#005C5E>我方全体最大HP提升40%。</color><color=#b00000>我方全体魔力减少40%。</color>
防御強化/魔力減少の穢詛	防御强化/魔力减少的秽咒
<color=#005C5E>味方全体の防御40%増加。</color><color=#b00000>味方全体の魔力40%減少。</color>	<color=#005C5E>我方全体防御提升40%。</color><color=#b00000>我方全体魔力减少40%。</color>
俊敏強化/魔力減少の穢詛	敏捷强化/魔力减少的秽咒
<color=#005C5E>味方全体の敏捷40%増加。</color><color=#b00000>味方全体の魔力40%減少。</color>	<color=#005C5E>我方全体敏捷提升40%。</color><color=#b00000>我方全体魔力减少40%。</color>
幸運強化/魔力減少の穢詛	幸运强化/魔力减少的秽咒
<color=#005C5E>味方全体の幸運40%増加。</color><color=#b00000>味方全体の魔力40%減少。</color>	<color=#005C5E>我方全体幸运提升40%。</color><color=#b00000>我方全体魔力减少40%。</color>
回避強化/魔力減少の穢詛	回避强化/魔力减少的秽咒
<color=#005C5E>味方全体の回避率40%増加。</color><color=#b00000>味方全体の魔力40%減少。</color>	<color=#005C5E>我方全体回避率提升40%。</color><color=#b00000>我方全体魔力减少40%。</color>
全体治癒/魔力減少の穢詛	全体治愈/魔力减少的秽咒
<color=#005C5E>ウェーブ開始時、味方全体のHP40000回復。</color><color=#b00000>味方全体の魔力40%減少。</color>	<color=#005C5E>回合开始时，回复我方全体40000 HP。</color><color=#b00000>我方全体魔力减少40%。</color>
攻撃強化/俊敏減少の穢詛	攻击强化/敏捷减少的秽咒
<color=#005C5E>味方全体の攻撃40%増加。</color><color=#b00000>味方全体の敏捷40%減少。</color>	<color=#005C5E>我方全体攻击提升40%。</color><color=#b00000>我方全体敏捷减少40%。</color>
魔力強化/俊敏減少の穢詛	魔力强化/敏捷减少的秽咒
<color=#005C5E>味方全体の魔力40%増加。</color><color=#b00000>味方全体の敏捷40%減少。</color>	<color=#005C5E>我方全体魔力提升40%。</color><color=#b00000>我方全体敏捷减少40%。</color>
会心強化/俊敏減少の穢詛	会心强化/敏捷减少的秽咒
<color=#005C5E>味方全体のクリティカル率40%増加。</color><color=#b00000>味方全体の敏捷40%減少。</color>	<color=#005C5E>我方全体暴击率提升40%。</color><color=#b00000>我方全体敏捷减少40%。</color>
命中強化/俊敏減少の穢詛	命中强化/敏捷减少的秽咒
<color=#005C5E>味方全体の命中率40%増加。</color><color=#b00000>味方全体の敏捷40%減少。</color>	<color=#005C5E>我方全体命中率提升40%。</color><color=#b00000>我方全体敏捷减少40%。</color>
反撃強化/俊敏減少の穢詛	反击强化/敏捷减少的秽咒
<color=#005C5E>味方全体の反撃率40%増加。</color><color=#b00000>味方全体の敏捷40%減少。</color>	<color=#005C5E>我方全体反击率提升40%。</color><color=#b00000>我方全体敏捷减少40%。</color>
連撃強化/俊敏減少の穢詛	连击强化/敏捷减少的秽咒
<color=#005C5E>味方全体の連撃率20%増加。</color><color=#b00000>味方全体の敏捷40%減少。</color>	<color=#005C5E>我方全体连击率提升20%。</color><color=#b00000>我方全体敏捷减少40%。</color>
与撃増加/俊敏減少の穢詛	攻击提升/敏捷减少的秽咒
<color=#005C5E>味方が与えるダメージが<daeg_pow:1>%の確率で180%に増加。</color><color=#b00000>味方全体の敏捷40%減少。</color>	<color=#005C5E>我方造成的伤害有<daeg_pow:1>%的概率提升至180%。</color><color=#b00000>我方全体敏捷减少40%。</color>
毒付与/俊敏減少の穢詛	毒赋予/敏捷减少的秽咒
<color=#005C5E>ウェーブ開始時、ランダムな敵2体に毒を付与。</color><color=#b00000>味方全体の敏捷40%減少。</color>	<color=#005C5E>回合开始时，随机赋予2名敌人中毒状态。</color><color=#b00000>我方全体敏捷减少40%。</color>
出血付与/俊敏減少の穢詛	出血赋予/敏捷减少的秽咒
<color=#005C5E>ウェーブ開始時、ランダムな敵2体に出血を付与。</color><color=#b00000>味方全体の敏捷40%減少。</color>	<color=#005C5E>回合开始时，随机赋予2名敌人出血状态。</color><color=#b00000>我方全体敏捷减少40%。</color>
刻印付与/俊敏減少の穢詛	刻印赋予/敏捷减少的秽咒
<color=#005C5E>ウェーブ開始時、ランダムな敵2体に刻印を付与。</color><color=#b00000>味方全体の敏捷40%減少。</color>	<color=#005C5E>回合开始时，随机赋予2名敌人刻印状态。</color><color=#b00000>我方全体敏捷减少40%。</color>
火傷付与/俊敏減少の穢詛	灼伤赋予/敏捷减少的秽咒
<color=#005C5E>ウェーブ開始時、ランダムな敵2体に火傷を付与。</color><color=#b00000>味方全体の敏捷40%減少。</color>	<color=#005C5E>回合开始时，随机赋予2名敌人灼伤状态。</color><color=#b00000>我方全体敏捷减少40%。</color>
感電付与/俊敏減少の穢詛	感电赋予/敏捷减少的秽咒
<color=#005C5E>ウェーブ開始時、ランダムな敵2体に感電を付与。</color><color=#b00000>味方全体の敏捷40%減少。</color>	<color=#005C5E>回合开始时，随机赋予2名敌人感电状态。</color><color=#b00000>我方全体敏捷减少40%。</color>
氷結付与/俊敏減少の穢詛	冻结赋予/敏捷减少的秽咒
<color=#005C5E>ウェーブ開始時、ランダムな敵2体に氷結を付与。</color><color=#b00000>味方全体の敏捷40%減少。</color>	<color=#005C5E>回合开始时，随机赋予2名敌人冻结状态。</color><color=#b00000>我方全体敏捷减少40%。</color>
攻撃強化/幸運減少の穢詛	攻击强化/幸运减少的秽咒
<color=#005C5E>味方全体の攻撃40%増加。</color><color=#b00000>味方全体の幸運40%減少。</color>	<color=#005C5E>我方全体攻击提升40%。</color><color=#b00000>我方全体幸运减少40%。</color>
魔力強化/幸運減少の穢詛	魔力强化/幸运减少的秽咒
<color=#005C5E>味方全体の魔力40%増加。</color><color=#b00000>味方全体の幸運40%減少。</color>	<color=#005C5E>我方全体魔力提升40%。</color><color=#b00000>我方全体幸运减少40%。</color>
命中強化/幸運減少の穢詛	命中强化/幸运减少的秽咒
<color=#005C5E>味方全体の命中率40%増加。</color><color=#b00000>味方全体の幸運40%減少。</color>	<color=#005C5E>我方全体命中率提升40%。</color><color=#b00000>我方全体幸运减少40%。</color>
反撃強化/幸運減少の穢詛	反击强化/幸运减少的秽咒
<color=#005C5E>味方全体の反撃率40%増加。</color><color=#b00000>味方全体の幸運40%減少。</color>	<color=#005C5E>我方全体反击率提升40%。</color><color=#b00000>我方全体幸运减少40%。</color>
連撃強化/幸運減少の穢詛	连击强化/幸运减少的秽咒
<color=#005C5E>味方全体の連撃率20%増加。</color><color=#b00000>味方全体の幸運40%減少。</color>	<color=#005C5E>我方全体连击率提升20%。</color><color=#b00000>我方全体幸运减少40%。</color>
与撃増加/幸運減少の穢詛	攻击提升/幸运减少的秽咒
<color=#005C5E>味方が与えるダメージが<daeg_pow:1>%の確率で180%に増加。</color><color=#b00000>味方全体の幸運40%減少。</color>	<color=#005C5E>我方造成的伤害有<daeg_pow:1>%的概率提升至180%。</color><color=#b00000>我方全体幸运减少40%。</color>
毒付与/幸運減少の穢詛	毒赋予/幸运减少的秽咒
<color=#005C5E>ウェーブ開始時、ランダムな敵2体に毒を付与。</color><color=#b00000>味方全体の幸運40%減少。</color>	<color=#005C5E>回合开始时，随机赋予2名敌人中毒状态。</color><color=#b00000>我方全体幸运减少40%。</color>
出血付与/幸運減少の穢詛	出血赋予/幸运减少的秽咒
<color=#005C5E>ウェーブ開始時、ランダムな敵2体に出血を付与。</color><color=#b00000>味方全体の幸運40%減少。</color>	<color=#005C5E>回合开始时，随机赋予2名敌人出血状态。</color><color=#b00000>我方全体幸运减少40%。</color>
刻印付与/幸運減少の穢詛	刻印赋予/幸运减少的秽咒
<color=#005C5E>ウェーブ開始時、ランダムな敵2体に刻印を付与。</color><color=#b00000>味方全体の幸運40%減少。</color>	<color=#005C5E>回合开始时，随机赋予2名敌人刻印状态。</color><color=#b00000>我方全体幸运减少40%。</color>
火傷付与/幸運減少の穢詛	灼伤赋予/幸运减少的秽咒
<color=#005C5E>ウェーブ開始時、ランダムな敵2体に火傷を付与。</color><color=#b00000>味方全体の幸運40%減少。</color>	<color=#005C5E>回合开始时，随机赋予2名敌人灼伤状态。</color><color=#b00000>我方全体幸运减少40%。</color>
感電付与/幸運減少の穢詛	感电赋予/幸运减少的秽咒
<color=#005C5E>ウェーブ開始時、ランダムな敵2体に感電を付与。</color><color=#b00000>味方全体の幸運40%減少。</color>	<color=#005C5E>回合开始时，随机赋予2名敌人感电状态。</color><color=#b00000>我方全体幸运减少40%。</color>
氷結付与/幸運減少の穢詛	冻结赋予/幸运减少的秽咒
<color=#005C5E>ウェーブ開始時、ランダムな敵2体に氷結を付与。</color><color=#b00000>味方全体の幸運40%減少。</color>	<color=#005C5E>回合开始时，随机赋予2名敌人冻结状态。</color><color=#b00000>我方全体幸运减少40%。</color>
体力増加/会心減少の穢詛	生命增加/会心减少的秽咒
<color=#005C5E>味方全体の最大HP40%増加。</color><color=#b00000>味方全体のクリティカル率40%減少。</color>	<color=#005C5E>我方全体最大HP提升40%。</color><color=#b00000>我方全体暴击率减少40%。</color>
防御強化/会心減少の穢詛	防御强化/会心减少的秽咒
<color=#005C5E>味方全体の防御40%増加。</color><color=#b00000>味方全体のクリティカル率40%減少。</color>	<color=#005C5E>我方全体防御提升40%。</color><color=#b00000>我方全体暴击率减少40%。</color>
俊敏強化/会心減少の穢詛	敏捷强化/会心减少的秽咒
<color=#005C5E>味方全体の敏捷40%増加。</color><color=#b00000>味方全体のクリティカル率40%減少。</color>	<color=#005C5E>我方全体敏捷提升40%。</color><color=#b00000>我方全体暴击率减少40%。</color>
回避強化/会心減少の穢詛	回避强化/会心减少的秽咒
<color=#005C5E>味方全体の回避率40%増加。</color><color=#b00000>味方全体のクリティカル率40%減少。</color>	<color=#005C5E>我方全体回避率提升40%。</color><color=#b00000>我方全体暴击率减少40%。</color>
回復超越/会心減少の穢詛	回复超越/会心减少的秽咒
<color=#005C5E>味方全体の回復上限40000増加。</color><color=#b00000>味方全体のクリティカル率40%減少。</color>	<color=#005C5E>我方全体回复上限增加40000。</color><color=#b00000>我方全体暴击率减少40%。</color>
全体治癒/会心減少の穢詛	全体治愈/会心减少的秽咒
<color=#005C5E>ウェーブ開始時、味方全体のHP40000回復。</color><color=#b00000>味方全体のクリティカル率40%減少。</color>	<color=#005C5E>回合开始时，回复我方全体40000 HP。</color><color=#b00000>我方全体暴击率减少40%。</color>
被撃減少/会心減少の穢詛	受击减少/会心减少的秽咒
<color=#005C5E>敵から受けるダメージが<daeg_pow:1>%の確率で60%に減少。</color><color=#b00000>味方全体のクリティカル率40%減少。</color>	<color=#005C5E>受到敌人的伤害有<daeg_pow:1>%的概率减少至60%。</color><color=#b00000>我方全体暴击率减少40%。</color>
体力増加/命中減少の穢詛	生命增加/命中减少的秽咒
<color=#005C5E>味方全体の最大HP40%増加。</color><color=#b00000>味方全体の命中率40%減少。</color>	<color=#005C5E>我方全体最大HP提升40%。</color><color=#b00000>我方全体命中率减少40%。</color>
防御強化/命中減少の穢詛	防御强化/命中减少的秽咒
<color=#005C5E>味方全体の防御40%増加。</color><color=#b00000>味方全体の命中率40%減少。</color>	<color=#005C5E>我方全体防御提升40%。</color><color=#b00000>我方全体命中率减少40%。</color>
俊敏強化/命中減少の穢詛	敏捷强化/命中减少的秽咒
<color=#005C5E>味方全体の敏捷40%増加。</color><color=#b00000>味方全体の命中率40%減少。</color>	<color=#005C5E>我方全体敏捷提升40%。</color><color=#b00000>我方全体命中率减少40%。</color>
幸運強化/命中減少の穢詛	幸运强化/命中减少的秽咒
<color=#005C5E>味方全体の幸運40%増加。</color><color=#b00000>味方全体の命中率40%減少。</color>	<color=#005C5E>我方全体幸运提升40%。</color><color=#b00000>我方全体命中率减少40%。</color>
回避強化/命中減少の穢詛	回避强化/命中减少的秽咒
<color=#005C5E>味方全体の回避率40%増加。</color><color=#b00000>味方全体の命中率40%減少。</color>	<color=#005C5E>我方全体回避率提升40%。</color><color=#b00000>我方全体命中率减少40%。</color>
回復超越/命中減少の穢詛	回复超越/命中减少的秽咒
<color=#005C5E>味方全体の回復上限40000増加。</color><color=#b00000>味方全体の命中率40%減少。</color>	<color=#005C5E>我方全体回复上限增加40000。</color><color=#b00000>我方全体命中率减少40%。</color>
全体治癒/命中減少の穢詛	全体治愈/命中减少的秽咒
<color=#005C5E>ウェーブ開始時、味方全体のHP40000回復。</color><color=#b00000>味方全体の命中率40%減少。</color>	<color=#005C5E>回合开始时，回复我方全体40000 HP。</color><color=#b00000>我方全体命中率减少40%。</color>
被撃減少/命中減少の穢詛	受击减少/命中减少的秽咒
<color=#005C5E>敵から受けるダメージが<daeg_pow:1>%の確率で60%に減少。</color><color=#b00000>味方全体の命中率40%減少。</color>	<color=#005C5E>受到敌人的伤害有<daeg_pow:1>%的概率减少至60%。</color><color=#b00000>我方全体命中率减少40%。</color>
体力増加/反撃減少の穢詛	生命增加/反击减少的秽咒
<color=#005C5E>味方全体の最大HP40%増加。</color><color=#b00000>味方全体の反撃率40%減少。</color>	<color=#005C5E>我方全体最大HP提升40%。</color><color=#b00000>我方全体反击率减少40%。</color>
防御強化/反撃減少の穢詛	防御强化/反击减少的秽咒
<color=#005C5E>味方全体の防御40%増加。</color><color=#b00000>味方全体の反撃率40%減少。</color>	<color=#005C5E>我方全体防御提升40%。</color><color=#b00000>我方全体反击率减少40%。</color>
俊敏強化/反撃減少の穢詛	敏捷强化/反击减少的秽咒
<color=#005C5E>味方全体の敏捷40%増加。</color><color=#b00000>味方全体の反撃率40%減少。</color>	<color=#005C5E>我方全体敏捷提升40%。</color><color=#b00000>我方全体反击率减少40%。</color>
幸運強化/反撃減少の穢詛	幸运强化/反击减少的秽咒
<color=#005C5E>味方全体の幸運40%増加。</color><color=#b00000>味方全体の反撃率40%減少。</color>	<color=#005C5E>我方全体幸运提升40%。</color><color=#b00000>我方全体反击率减少40%。</color>
回復超越/反撃減少の穢詛	回复超越/反击减少的秽咒
<color=#005C5E>味方全体の回復上限40000増加。</color><color=#b00000>味方全体の反撃率40%減少。</color>	<color=#005C5E>我方全体回复上限增加40000。</color><color=#b00000>我方全体反击率减少40%。</color>
全体治癒/反撃減少の穢詛	全体治愈/反击减少的秽咒
<color=#005C5E>ウェーブ開始時、味方全体のHP40000回復。</color><color=#b00000>味方全体の反撃率40%減少。</color>	<color=#005C5E>回合开始时，回复我方全体40000 HP。</color><color=#b00000>我方全体反击率减少40%。</color>
被撃減少/反撃減少の穢詛	受击减少/反击减少的秽咒
<color=#005C5E>敵から受けるダメージが<daeg_pow:1>%の確率で60%に減少。</color><color=#b00000>味方全体の反撃率40%減少。</color>	<color=#005C5E>受到敌人的伤害有<daeg_pow:1>%的概率减少至60%。</color><color=#b00000>我方全体反击率减少40%。</color>
体力増加/冥力消失の穢詛	生命增加/冥力消失的秽咒
<color=#005C5E>味方全体の最大HP50%増加。</color><color=#b00000>バトル開始時のMPが0になる。</color>	<color=#005C5E>我方全体最大HP提升50%。</color><color=#b00000>战斗开始时MP变为0。</color>
攻撃強化/冥力消失の穢詛	攻击强化/冥力消失的秽咒
<color=#005C5E>味方全体の攻撃50%増加。</color><color=#b00000>バトル開始時のMPが0になる。</color>	<color=#005C5E>我方全体攻击提升50%。</color><color=#b00000>战斗开始时MP变为0。</color>
防御強化/冥力消失の穢詛	防御强化/冥力消失的秽咒
<color=#005C5E>味方全体の防御50%増加。</color><color=#b00000>バトル開始時のMPが0になる。</color>	<color=#005C5E>我方全体防御提升50%。</color><color=#b00000>战斗开始时MP变为0。</color>
魔力強化/冥力消失の穢詛	魔力强化/冥力消失的秽咒
<color=#005C5E>味方全体の魔力50%増加。</color><color=#b00000>バトル開始時のMPが0になる。</color>	<color=#005C5E>我方全体魔力提升50%。</color><color=#b00000>战斗开始时MP变为0。</color>
俊敏強化/冥力消失の穢詛	敏捷强化/冥力消失的秽咒
<color=#005C5E>味方全体の敏捷50%増加。</color><color=#b00000>バトル開始時のMPが0になる。</color>	<color=#005C5E>我方全体敏捷提升50%。</color><color=#b00000>战斗开始时MP变为0。</color>
幸運強化/冥力消失の穢詛	幸运强化/冥力消失的秽咒
<color=#005C5E>味方全体の幸運50%増加。</color><color=#b00000>バトル開始時のMPが0になる。</color>	<color=#005C5E>我方全体幸运提升50%。</color><color=#b00000>战斗开始时MP变为0。</color>
会心強化/冥力消失の穢詛	会心强化/冥力消失的秽咒
<color=#005C5E>味方全体のクリティカル率50%増加。</color><color=#b00000>バトル開始時のMPが0になる。</color>	<color=#005C5E>我方全体暴击率提升50%。</color><color=#b00000>战斗开始时MP变为0。</color>
命中強化/冥力消失の穢詛	命中强化/冥力消失的秽咒
<color=#005C5E>味方全体の命中率50%増加。</color><color=#b00000>バトル開始時のMPが0になる。</color>	<color=#005C5E>我方全体命中率提升50%。</color><color=#b00000>战斗开始时MP变为0。</color>
回避強化/冥力消失の穢詛	回避强化/冥力消失的秽咒
<color=#005C5E>味方全体の回避率50%増加。</color><color=#b00000>バトル開始時のMPが0になる。</color>	<color=#005C5E>我方全体回避率提升50%。</color><color=#b00000>战斗开始时MP变为0。</color>
反撃強化/冥力消失の穢詛	反击强化/冥力消失的秽咒
<color=#005C5E>味方全体の反撃率50%増加。</color><color=#b00000>バトル開始時のMPが0になる。</color>	<color=#005C5E>我方全体反击率提升50%。</color><color=#b00000>战斗开始时MP变为0。</color>
連撃強化/冥力消失の穢詛	连击强化/冥力消失的秽咒
<color=#005C5E>味方全体の連撃率30%増加。</color><color=#b00000>バトル開始時のMPが0になる。</color>	<color=#005C5E>我方全体连击率提升30%。</color><color=#b00000>战斗开始时MP变为0。</color>
回復超越/冥力消失の穢詛	回复超越/冥力消失的秽咒
<color=#005C5E>味方全体の回復上限50000増加。</color><color=#b00000>バトル開始時のMPが0になる。</color>	<color=#005C5E>我方全体回复上限增加50000。</color><color=#b00000>战斗开始时MP变为0。</color>
全体治癒/冥力消失の穢詛	全体治愈/冥力消失的秽咒
<color=#005C5E>ウェーブ開始時、味方全体のHP50000回復。</color><color=#b00000>バトル開始時のMPが0になる。</color>	<color=#005C5E>回合开始时，回复我方全体50000 HP。</color><color=#b00000>战斗开始时MP变为0。</color>
毒付与/冥力消失の穢詛	毒赋予/冥力消失的秽咒
<color=#005C5E>ウェーブ開始時、ランダムな敵4体に毒を付与。</color><color=#b00000>バトル開始時のMPが0になる。</color>	<color=#005C5E>回合开始时，随机赋予4名敌人中毒状态。</color><color=#b00000>战斗开始时MP变为0。</color>
出血付与/冥力消失の穢詛	出血赋予/冥力消失的秽咒
<color=#005C5E>ウェーブ開始時、ランダムな敵4体に出血を付与。</color><color=#b00000>バトル開始時のMPが0になる。</color>	<color=#005C5E>回合开始时，随机赋予4名敌人出血状态。</color><color=#b00000>战斗开始时MP变为0。</color>
刻印付与/冥力消失の穢詛	刻印赋予/冥力消失的秽咒
<color=#005C5E>ウェーブ開始時、ランダムな敵4体に刻印を付与。</color><color=#b00000>バトル開始時のMPが0になる。</color>	<color=#005C5E>回合开始时，随机赋予4名敌人刻印状态。</color><color=#b00000>战斗开始时MP变为0。</color>
火傷付与/冥力消失の穢詛	灼伤赋予/冥力消失的秽咒
<color=#005C5E>ウェーブ開始時、ランダムな敵4体に火傷を付与。</color><color=#b00000>バトル開始時のMPが0になる。</color>	<color=#005C5E>回合开始时，随机赋予4名敌人灼伤状态。</color><color=#b00000>战斗开始时MP变为0。</color>
感電付与/冥力消失の穢詛	感电赋予/冥力消失的秽咒
<color=#005C5E>ウェーブ開始時、ランダムな敵4体に感電を付与。</color><color=#b00000>バトル開始時のMPが0になる。</color>	<color=#005C5E>回合开始时，随机赋予4名敌人感电状态。</color><color=#b00000>战斗开始时MP变为0。</color>
氷結付与/冥力消失の穢詛	冻结赋予/冥力消失的秽咒
<color=#005C5E>ウェーブ開始時、ランダムな敵4体に氷結を付与。</color><color=#b00000>バトル開始時のMPが0になる。</color>	<color=#005C5E>回合开始时，随机赋予4名敌人冻结状态。</color><color=#b00000>战斗开始时MP变为0。</color>
与撃増加/冥力消失の穢詛	攻击提升/冥力消失的秽咒
<color=#005C5E>味方が与えるダメージが<daeg_pow:1>%の確率で200%に増加。</color><color=#b00000>バトル開始時のMPが0になる。</color>	<color=#005C5E>我方造成的伤害有<daeg_pow:1>%的概率提升至200%。</color><color=#b00000>战斗开始时MP变为0。</color>
被撃減少/冥力消失の穢詛	受击减少/冥力消失的秽咒
<color=#005C5E>敵から受けるダメージが<daeg_pow:1>%の確率で50％に減少。</color><color=#b00000>バトル開始時のMPが0になる。</color>	<color=#005C5E>受到敌人的伤害有<daeg_pow:1>%的概率减少至50%。</color><color=#b00000>战斗开始时MP变为0。</color>
体力増加/再生禍護の穢詛	生命增加/再生祸护的秽咒
<color=#005C5E>味方全体の最大HP40％増加。</color><color=#b00000>ウェーブ開始時、敵全体に再生を付与。</color>	<color=#005C5E>我方全体最大HP提升40%。</color><color=#b00000>回合开始时，赋予敌方全体再生状态。</color>
防御強化/再生禍護の穢詛	防御强化/再生祸护的秽咒
<color=#005C5E>味方全体の防御40％増加。</color><color=#b00000>ウェーブ開始時、敵全体に再生を付与。</color>	<color=#005C5E>我方全体防御提升40%。</color><color=#b00000>回合开始时，赋予敌方全体再生状态。</color>
俊敏強化/再生禍護の穢詛	敏捷强化/再生祸护的秽咒
<color=#005C5E>味方全体の敏捷40％増加。</color><color=#b00000>ウェーブ開始時、敵全体に再生を付与。</color>	<color=#005C5E>我方全体敏捷提升40%。</color><color=#b00000>回合开始时，赋予敌方全体再生状态。</color>
幸運強化/再生禍護の穢詛	幸运强化/再生祸护的秽咒
<color=#005C5E>味方全体の幸運40％増加。</color><color=#b00000>ウェーブ開始時、敵全体に再生を付与。</color>	<color=#005C5E>我方全体幸运提升40%。</color><color=#b00000>回合开始时，赋予敌方全体再生状态。</color>
回避強化/再生禍護の穢詛	回避强化/再生祸护的秽咒
<color=#005C5E>味方全体の回避率40％増加。</color><color=#b00000>ウェーブ開始時、敵全体に再生を付与。</color>	<color=#005C5E>我方全体回避率提升40%。</color><color=#b00000>回合开始时，赋予敌方全体再生状态。</color>
回復超越/再生禍護の穢詛	回复超越/再生祸护的秽咒
<color=#005C5E>味方全体の回復上限40000増加。</color><color=#b00000>ウェーブ開始時、敵全体に再生を付与。</color>	<color=#005C5E>我方全体回复上限增加40000。</color><color=#b00000>回合开始时，赋予敌方全体再生状态。</color>
全体治癒/再生禍護の穢詛	全体治愈/再生祸护的秽咒
<color=#005C5E>ウェーブ開始時、味方全体のHP40000回復。</color><color=#b00000>ウェーブ開始時、敵全体に再生を付与。</color>	<color=#005C5E>回合开始时，回复我方全体40000 HP。</color><color=#b00000>回合开始时，赋予敌方全体再生状态。</color>
加速広布/再生禍護の穢詛	加速广布/再生祸护的秽咒
<color=#005C5E>バトル開始時、味方全体に加速を付与。</color><color=#b00000>ウェーブ開始時、敵全体に再生を付与。</color>	<color=#005C5E>战斗开始时，赋予我方全体加速状态。</color><color=#b00000>回合开始时，赋予敌方全体再生状态。</color>
防膜広布/再生禍護の穢詛	防壁广布/再生祸护的秽咒
<color=#005C5E>バトル開始時、味方全体にバリアーを付与。</color><color=#b00000>ウェーブ開始時、敵全体に再生を付与。</color>	<color=#005C5E>战斗开始时，赋予我方全体护盾状态。</color><color=#b00000>回合开始时，赋予敌方全体再生状态。</color>
秘膜広布/再生禍護の穢詛	秘膜广布/再生祸护的秽咒
<color=#005C5E>バトル開始時、味方全体にベールを付与。</color><color=#b00000>ウェーブ開始時、敵全体に再生を付与。</color>	<color=#005C5E>战斗开始时，赋予我方全体面纱状态。</color><color=#b00000>回合开始时，赋予敌方全体再生状态。</color>
魔壁広布/再生禍護の穢詛	魔壁广布/再生祸护的秽咒
<color=#005C5E>バトル開始時、味方全体に魔壁を付与。</color><color=#b00000>ウェーブ開始時、敵全体に再生を付与。</color>	<color=#005C5E>战斗开始时，赋予我方全体魔壁状态。</color><color=#b00000>回合开始时，赋予敌方全体再生状态。</color>
祝福広布/再生禍護の穢詛	祝福广布/再生祸护的秽咒
<color=#005C5E>バトル開始時、味方全体に祝福を付与。</color><color=#b00000>ウェーブ開始時、敵全体に再生を付与。</color>	<color=#005C5E>战斗开始时，赋予我方全体祝福状态。</color><color=#b00000>回合开始时，赋予敌方全体再生状态。</color>
被撃減少/再生禍護の穢詛	受击减少/再生祸护的秽咒
<color=#005C5E>敵から受けるダメージが<daeg_pow:1>%の確率で60％に減少。</color><color=#b00000>ウェーブ開始時、敵全体に再生を付与。</color>	<color=#005C5E>受到敌人的伤害有<daeg_pow:1>%的概率减少至60%。</color><color=#b00000>回合开始时，赋予敌方全体再生状态。</color>
攻撃強化/繚乱禍護の穢詛	攻击强化/缭乱祸护的秽咒
<color=#005C5E>味方全体の攻撃40％増加。</color><color=#b00000>ウェーブ開始時、敵全体に繚乱を付与。</color>	<color=#005C5E>我方全体攻击提升40%。</color><color=#b00000>回合开始时，赋予敌方全体缭乱状态。</color>
魔力強化/繚乱禍護の穢詛	魔力强化/缭乱祸护的秽咒
<color=#005C5E>味方全体の魔力40％増加。</color><color=#b00000>ウェーブ開始時、敵全体に繚乱を付与。</color>	<color=#005C5E>我方全体魔力提升40%。</color><color=#b00000>回合开始时，赋予敌方全体缭乱状态。</color>
会心強化/繚乱禍護の穢詛	会心强化/缭乱祸护的秽咒
<color=#005C5E>味方全体のクリティカル率40％増加。</color><color=#b00000>ウェーブ開始時、敵全体に繚乱を付与。</color>	<color=#005C5E>我方全体暴击率提升40%。</color><color=#b00000>回合开始时，赋予敌方全体缭乱状态。</color>
命中強化/繚乱禍護の穢詛	命中强化/缭乱祸护的秽咒
<color=#005C5E>味方全体の命中率40％増加。</color><color=#b00000>ウェーブ開始時、敵全体に繚乱を付与。</color>	<color=#005C5E>我方全体命中率提升40%。</color><color=#b00000>回合开始时，赋予敌方全体缭乱状态。</color>
反撃強化/繚乱禍護の穢詛	反击强化/缭乱祸护的秽咒
<color=#005C5E>味方全体の反撃率40％増加。</color><color=#b00000>ウェーブ開始時、敵全体に繚乱を付与。</color>	<color=#005C5E>我方全体反击率提升40%。</color><color=#b00000>回合开始时，赋予敌方全体缭乱状态。</color>
連撃強化/繚乱禍護の穢詛	连击强化/缭乱祸护的秽咒
<color=#005C5E>味方全体の連撃率20％増加。</color><color=#b00000>ウェーブ開始時、敵全体に繚乱を付与。</color>	<color=#005C5E>我方全体连击率提升20%。</color><color=#b00000>回合开始时，赋予敌方全体缭乱状态。</color>
与撃増加/繚乱禍護の穢詛	攻击提升/缭乱祸护的秽咒
<color=#005C5E>味方が与えるダメージが<daeg_pow:1>%の確率で180%に増加。</color><color=#b00000>ウェーブ開始時、敵全体に繚乱を付与。</color>	<color=#005C5E>我方造成的伤害有<daeg_pow:1>%的概率提升至180%。</color><color=#b00000>回合开始时，赋予敌方全体缭乱状态。</color>
力溜広布/繚乱禍護の穢詛	蓄力广布/缭乱祸护的秽咒
<color=#005C5E>バトル開始時、味方全体に力溜めを付与。</color><color=#b00000>ウェーブ開始時、敵全体に繚乱を付与。</color>	<color=#005C5E>战斗开始时，赋予我方全体蓄力状态。</color><color=#b00000>回合开始时，赋予敌方全体缭乱状态。</color>
集中広布/繚乱禍護の穢詛	集中广布/缭乱祸护的秽咒
<color=#005C5E>バトル開始時、味方全体に集中を付与。</color><color=#b00000>ウェーブ開始時、敵全体に繚乱を付与。</color>	<color=#005C5E>战斗开始时，赋予我方全体集中状态。</color><color=#b00000>回合开始时，赋予敌方全体缭乱状态。</color>
毒付与/繚乱禍護の穢詛	毒赋予/缭乱祸护的秽咒
<color=#005C5E>ウェーブ開始時、ランダムな敵2体に毒を付与。</color><color=#b00000>ウェーブ開始時、敵全体に繚乱を付与。</color>	<color=#005C5E>回合开始时，随机赋予2名敌人中毒状态。</color><color=#b00000>回合开始时，赋予敌方全体缭乱状态。</color>
出血付与/繚乱禍護の穢詛	出血赋予/缭乱祸护的秽咒
<color=#005C5E>ウェーブ開始時、ランダムな敵2体に出血を付与。</color><color=#b00000>ウェーブ開始時、敵全体に繚乱を付与。</color>	<color=#005C5E>回合开始时，随机赋予2名敌人出血状态。</color><color=#b00000>回合开始时，赋予敌方全体缭乱状态。</color>
刻印付与/繚乱禍護の穢詛	刻印赋予/缭乱祸护的秽咒
<color=#005C5E>ウェーブ開始時、ランダムな敵2体に刻印を付与。</color><color=#b00000>ウェーブ開始時、敵全体に繚乱を付与。</color>	<color=#005C5E>回合开始时，随机赋予2名敌人刻印状态。</color><color=#b00000>回合开始时，赋予敌方全体缭乱状态。</color>
火傷付与/繚乱禍護の穢詛	灼伤赋予/缭乱祸护的秽咒
<color=#005C5E>ウェーブ開始時、ランダムな敵2体に火傷を付与。</color><color=#b00000>ウェーブ開始時、敵全体に繚乱を付与。</color>	<color=#005C5E>回合开始时，随机赋予2名敌人灼伤状态。</color><color=#b00000>回合开始时，赋予敌方全体缭乱状态。</color>
感電付与/繚乱禍護の穢詛	感电赋予/缭乱祸护的秽咒
<color=#005C5E>ウェーブ開始時、ランダムな敵2体に感電を付与。</color><color=#b00000>ウェーブ開始時、敵全体に繚乱を付与。</color>	<color=#005C5E>回合开始时，随机赋予2名敌人感电状态。</color><color=#b00000>回合开始时，赋予敌方全体缭乱状态。</color>
氷結付与/繚乱禍護の穢詛	冻结赋予/缭乱祸护的秽咒
<color=#005C5E>ウェーブ開始時、ランダムな敵2体に氷結を付与。</color><color=#b00000>ウェーブ開始時、敵全体に繚乱を付与。</color>	<color=#005C5E>回合开始时，随机赋予2名敌人冻结状态。</color><color=#b00000>回合开始时，赋予敌方全体缭乱状态。</color>
体力増加/加速禍護の穢詛	生命增加/加速祸护的秽咒
<color=#005C5E>味方全体の最大HP40％増加。</color><color=#b00000>ウェーブ開始時、敵全体に加速を付与。</color>	<color=#005C5E>我方全体最大HP提升40%。</color><color=#b00000>回合开始时，赋予敌方全体加速状态。</color>
防御強化/加速禍護の穢詛	防御强化/加速祸护的秽咒
<color=#005C5E>味方全体の防御40％増加。</color><color=#b00000>ウェーブ開始時、敵全体に加速を付与。</color>	<color=#005C5E>我方全体防御提升40%。</color><color=#b00000>回合开始时，赋予敌方全体加速状态。</color>
俊敏強化/加速禍護の穢詛	敏捷强化/加速祸护的秽咒
<color=#005C5E>味方全体の敏捷40％増加。</color><color=#b00000>ウェーブ開始時、敵全体に加速を付与。</color>	<color=#005C5E>我方全体敏捷提升40%。</color><color=#b00000>回合开始时，赋予敌方全体加速状态。</color>
幸運強化/加速禍護の穢詛	幸运强化/加速祸护的秽咒
<color=#005C5E>味方全体の幸運40％増加。</color><color=#b00000>ウェーブ開始時、敵全体に加速を付与。</color>	<color=#005C5E>我方全体幸运提升40%。</color><color=#b00000>回合开始时，赋予敌方全体加速状态。</color>
回復超越/加速禍護の穢詛	回复超越/加速祸护的秽咒
<color=#005C5E>味方全体の回復上限40000増加。</color><color=#b00000>ウェーブ開始時、敵全体に加速を付与。</color>	<color=#005C5E>我方全体回复上限增加40000。</color><color=#b00000>回合开始时，赋予敌方全体加速状态。</color>
全体治癒/加速禍護の穢詛	全体治愈/加速祸护的秽咒
<color=#005C5E>ウェーブ開始時、味方全体のHP40000回復。</color><color=#b00000>ウェーブ開始時、敵全体に加速を付与。</color>	<color=#005C5E>回合开始时，回复我方全体40000 HP。</color><color=#b00000>回合开始时，赋予敌方全体加速状态。</color>
再生広布/加速禍護の穢詛	再生广布/加速祸护的秽咒
<color=#005C5E>バトル開始時、味方全体に再生を付与。</color><color=#b00000>ウェーブ開始時、敵全体に加速を付与。</color>	<color=#005C5E>战斗开始时，赋予我方全体再生状态。</color><color=#b00000>回合开始时，赋予敌方全体加速状态。</color>
防膜広布/加速禍護の穢詛	防壁广布/加速祸护的秽咒
<color=#005C5E>バトル開始時、味方全体にバリアーを付与。</color><color=#b00000>ウェーブ開始時、敵全体に加速を付与。</color>	<color=#005C5E>战斗开始时，赋予我方全体护盾状态。</color><color=#b00000>回合开始时，赋予敌方全体加速状态。</color>
秘膜広布/加速禍護の穢詛	秘膜广布/加速祸护的秽咒
<color=#005C5E>バトル開始時、味方全体にベールを付与。</color><color=#b00000>ウェーブ開始時、敵全体に加速を付与。</color>	<color=#005C5E>战斗开始时，赋予我方全体面纱状态。</color><color=#b00000>回合开始时，赋予敌方全体加速状态。</color>
魔壁広布/加速禍護の穢詛	魔壁广布/加速祸护的秽咒
<color=#005C5E>バトル開始時、味方全体に魔壁を付与。</color><color=#b00000>ウェーブ開始時、敵全体に加速を付与。</color>	<color=#005C5E>战斗开始时，赋予我方全体魔壁状态。</color><color=#b00000>回合开始时，赋予敌方全体加速状态。</color>
祝福広布/加速禍護の穢詛	祝福广布/加速祸护的秽咒
<color=#005C5E>バトル開始時、味方全体に祝福を付与。</color><color=#b00000>ウェーブ開始時、敵全体に加速を付与。</color>	<color=#005C5E>战斗开始时，赋予我方全体祝福状态。</color><color=#b00000>回合开始时，赋予敌方全体加速状态。</color>
被撃減少/加速禍護の穢詛	受击减少/加速祸护的秽咒
<color=#005C5E>敵から受けるダメージが<daeg_pow:1>%の確率で60％に減少。</color><color=#b00000>ウェーブ開始時、敵全体に加速を付与。</color>	<color=#005C5E>受到敌人的伤害有<daeg_pow:1>%的概率减少至60%。</color><color=#b00000>回合开始时，赋予敌方全体加速状态。</color>
攻撃強化/力溜禍護の穢詛	攻击强化/蓄力祸护的秽咒
<color=#005C5E>味方全体の攻撃40％増加。</color><color=#b00000>ウェーブ開始時、敵全体に力溜めを付与。</color>	<color=#005C5E>我方全体攻击提升40%。</color><color=#b00000>回合开始时，赋予敌方全体蓄力状态。</color>
魔力強化/力溜禍護の穢詛	魔力强化/蓄力祸护的秽咒
<color=#005C5E>味方全体の魔力40％増加。</color><color=#b00000>ウェーブ開始時、敵全体に力溜めを付与。</color>	<color=#005C5E>我方全体魔力提升40%。</color><color=#b00000>回合开始时，赋予敌方全体蓄力状态。</color>
会心強化/力溜禍護の穢詛	会心强化/蓄力祸护的秽咒
<color=#005C5E>味方全体のクリティカル率40％増加。</color><color=#b00000>ウェーブ開始時、敵全体に力溜めを付与。</color>	<color=#005C5E>我方全体暴击率提升40%。</color><color=#b00000>回合开始时，赋予敌方全体蓄力状态。</color>
命中強化/力溜禍護の穢詛	命中强化/蓄力祸护的秽咒
<color=#005C5E>味方全体の命中率40％増加。</color><color=#b00000>ウェーブ開始時、敵全体に力溜めを付与。</color>	<color=#005C5E>我方全体命中率提升40%。</color><color=#b00000>回合开始时，赋予敌方全体蓄力状态。</color>
反撃強化/力溜禍護の穢詛	反击强化/蓄力祸护的秽咒
<color=#005C5E>味方全体の反撃率40％増加。</color><color=#b00000>ウェーブ開始時、敵全体に力溜めを付与。</color>	<color=#005C5E>我方全体反击率提升40%。</color><color=#b00000>回合开始时，赋予敌方全体蓄力状态。</color>
連撃強化/力溜禍護の穢詛	连击强化/蓄力祸护的秽咒
<color=#005C5E>味方全体の連撃率20％増加。</color><color=#b00000>ウェーブ開始時、敵全体に力溜めを付与。</color>	<color=#005C5E>我方全体连击率提升20%。</color><color=#b00000>回合开始时，赋予敌方全体蓄力状态。</color>
与撃増加/力溜禍護の穢詛	攻击提升/蓄力祸护的秽咒
<color=#005C5E>味方が与えるダメージが<daeg_pow:1>%の確率で180%に増加。</color><color=#b00000>ウェーブ開始時、敵全体に力溜めを付与。</color>	<color=#005C5E>我方造成的伤害有<daeg_pow:1>%的概率提升至180%。</color><color=#b00000>回合开始时，赋予敌方全体蓄力状态。</color>
繚乱広布/力溜禍護の穢詛	缭乱广布/蓄力祸护的秽咒
<color=#005C5E>バトル開始時、味方全体に繚乱を付与。</color><color=#b00000>ウェーブ開始時、敵全体に力溜めを付与。</color>	<color=#005C5E>战斗开始时，赋予我方全体缭乱状态。</color><color=#b00000>回合开始时，赋予敌方全体蓄力状态。</color>
集中広布/力溜禍護の穢詛	集中广布/蓄力祸护的秽咒
<color=#005C5E>バトル開始時、味方全体に集中を付与。</color><color=#b00000>ウェーブ開始時、敵全体に力溜めを付与。</color>	<color=#005C5E>战斗开始时，赋予我方全体集中状态。</color><color=#b00000>回合开始时，赋予敌方全体蓄力状态。</color>
毒付与/力溜禍護の穢詛	毒赋予/蓄力祸护的秽咒
<color=#005C5E>ウェーブ開始時、ランダムな敵2体に毒を付与。</color><color=#b00000>ウェーブ開始時、敵全体に力溜めを付与。</color>	<color=#005C5E>回合开始时，随机赋予2名敌人中毒状态。</color><color=#b00000>回合开始时，赋予敌方全体蓄力状态。</color>
出血付与/力溜禍護の穢詛	出血赋予/蓄力祸护的秽咒
<color=#005C5E>ウェーブ開始時、ランダムな敵2体に出血を付与。</color><color=#b00000>ウェーブ開始時、敵全体に力溜めを付与。</color>	<color=#005C5E>回合开始时，随机赋予2名敌人出血状态。</color><color=#b00000>回合开始时，赋予敌方全体蓄力状态。</color>
刻印付与/力溜禍護の穢詛	刻印赋予/蓄力祸护的秽咒
<color=#005C5E>ウェーブ開始時、ランダムな敵2体に刻印を付与。</color><color=#b00000>ウェーブ開始時、敵全体に力溜めを付与。</color>	<color=#005C5E>回合开始时，随机赋予2名敌人刻印状态。</color><color=#b00000>回合开始时，赋予敌方全体蓄力状态。</color>
火傷付与/力溜禍護の穢詛	灼伤赋予/蓄力祸护的秽咒
<color=#005C5E>ウェーブ開始時、ランダムな敵2体に火傷を付与。</color><color=#b00000>ウェーブ開始時、敵全体に力溜めを付与。</color>	<color=#005C5E>回合开始时，随机赋予2名敌人灼伤状态。</color><color=#b00000>回合开始时，赋予敌方全体蓄力状态。</color>
感電付与/力溜禍護の穢詛	感电赋予/蓄力祸护的秽咒
<color=#005C5E>ウェーブ開始時、ランダムな敵2体に感電を付与。</color><color=#b00000>ウェーブ開始時、敵全体に力溜めを付与。</color>	<color=#005C5E>回合开始时，随机赋予2名敌人感电状态。</color><color=#b00000>回合开始时，赋予敌方全体蓄力状态。</color>
氷結付与/力溜禍護の穢詛	冻结赋予/蓄力祸护的秽咒
<color=#005C5E>ウェーブ開始時、ランダムな敵2体に氷結を付与。</color><color=#b00000>ウェーブ開始時、敵全体に力溜めを付与。</color>	<color=#005C5E>回合开始时，随机赋予2名敌人冻结状态。</color><color=#b00000>回合开始时，赋予敌方全体蓄力状态。</color>
攻撃強化/集中禍護の穢詛	攻击强化/集中祸护的秽咒
<color=#005C5E>味方全体の攻撃40％増加。</color><color=#b00000>ウェーブ開始時、敵全体に集中を付与。</color>	<color=#005C5E>我方全体攻击提升40%。</color><color=#b00000>回合开始时，赋予敌方全体集中状态。</color>
魔力強化/集中禍護の穢詛	魔力强化/集中祸护的秽咒
<color=#005C5E>味方全体の魔力40％増加。</color><color=#b00000>ウェーブ開始時、敵全体に集中を付与。</color>	<color=#005C5E>我方全体魔力提升40%。</color><color=#b00000>回合开始时，赋予敌方全体集中状态。</color>
会心強化/集中禍護の穢詛	会心强化/集中祸护的秽咒
<color=#005C5E>味方全体のクリティカル率40％増加。</color><color=#b00000>ウェーブ開始時、敵全体に集中を付与。</color>	<color=#005C5E>我方全体暴击率提升40%。</color><color=#b00000>回合开始时，赋予敌方全体集中状态。</color>
命中強化/集中禍護の穢詛	命中强化/集中祸护的秽咒
<color=#005C5E>味方全体の命中率40％増加。</color><color=#b00000>ウェーブ開始時、敵全体に集中を付与。</color>	<color=#005C5E>我方全体命中率提升40%。</color><color=#b00000>回合开始时，赋予敌方全体集中状态。</color>
反撃強化/集中禍護の穢詛	反击强化/集中祸护的秽咒
<color=#005C5E>味方全体の反撃率40％増加。</color><color=#b00000>ウェーブ開始時、敵全体に集中を付与。</color>	<color=#005C5E>我方全体反击率提升40%。</color><color=#b00000>回合开始时，赋予敌方全体集中状态。</color>
連撃強化/集中禍護の穢詛	连击强化/集中祸护的秽咒
<color=#005C5E>味方全体の連撃率20％増加。</color><color=#b00000>ウェーブ開始時、敵全体に集中を付与。</color>	<color=#005C5E>我方全体连击率提升20%。</color><color=#b00000>回合开始时，赋予敌方全体集中状态。</color>
与撃増加/集中禍護の穢詛	攻击提升/集中祸护的秽咒
<color=#005C5E>味方が与えるダメージが<daeg_pow:1>%の確率で180%に増加。</color><color=#b00000>ウェーブ開始時、敵全体に集中を付与。</color>	<color=#005C5E>我方造成的伤害有<daeg_pow:1>%的概率提升至180%。</color><color=#b00000>回合开始时，赋予敌方全体集中状态。</color>
繚乱広布/集中禍護の穢詛	缭乱广布/集中祸护的秽咒
<color=#005C5E>バトル開始時、味方全体に繚乱を付与。</color><color=#b00000>ウェーブ開始時、敵全体に集中を付与。</color>	<color=#005C5E>战斗开始时，赋予我方全体缭乱状态。</color><color=#b00000>回合开始时，赋予敌方全体集中状态。</color>
力溜広布/集中禍護の穢詛	蓄力广布/集中祸护的秽咒
<color=#005C5E>バトル開始時、味方全体に力溜めを付与。</color><color=#b00000>ウェーブ開始時、敵全体に集中を付与。</color>	<color=#005C5E>战斗开始时，赋予我方全体蓄力状态。</color><color=#b00000>回合开始时，赋予敌方全体集中状态。</color>
毒付与/集中禍護の穢詛	毒赋予/集中祸护的秽咒
<color=#005C5E>ウェーブ開始時、ランダムな敵2体に毒を付与。</color><color=#b00000>ウェーブ開始時、敵全体に集中を付与。</color>	<color=#005C5E>回合开始时，随机赋予2名敌人中毒状态。</color><color=#b00000>回合开始时，赋予敌方全体集中状态。</color>
出血付与/集中禍護の穢詛	出血赋予/集中祸护的秽咒
<color=#005C5E>ウェーブ開始時、ランダムな敵2体に出血を付与。</color><color=#b00000>ウェーブ開始時、敵全体に集中を付与。</color>	<color=#005C5E>回合开始时，随机赋予2名敌人出血状态。</color><color=#b00000>回合开始时，赋予敌方全体集中状态。</color>
刻印付与/集中禍護の穢詛	刻印赋予/集中祸护的秽咒
<color=#005C5E>ウェーブ開始時、ランダムな敵2体に刻印を付与。</color><color=#b00000>ウェーブ開始時、敵全体に集中を付与。</color>	<color=#005C5E>回合开始时，随机赋予2名敌人刻印状态。</color><color=#b00000>回合开始时，赋予敌方全体集中状态。</color>
火傷付与/集中禍護の穢詛	灼伤赋予/集中祸护的秽咒
<color=#005C5E>ウェーブ開始時、ランダムな敵2体に火傷を付与。</color><color=#b00000>ウェーブ開始時、敵全体に集中を付与。</color>	<color=#005C5E>回合开始时，随机赋予2名敌人灼伤状态。</color><color=#b00000>回合开始时，赋予敌方全体集中状态。</color>
感電付与/集中禍護の穢詛	感电赋予/集中祸护的秽咒
<color=#005C5E>ウェーブ開始時、ランダムな敵2体に感電を付与。</color><color=#b00000>ウェーブ開始時、敵全体に集中を付与。</color>	<color=#005C5E>回合开始时，随机赋予2名敌人感电状态。</color><color=#b00000>回合开始时，赋予敌方全体集中状态。</color>
氷結付与/集中禍護の穢詛	冻结赋予/集中祸护的秽咒
<color=#005C5E>ウェーブ開始時、ランダムな敵2体に氷結を付与。</color><color=#b00000>ウェーブ開始時、敵全体に集中を付与。</color>	<color=#005C5E>回合开始时，随机赋予2名敌人冻结状态。</color><color=#b00000>回合开始时，赋予敌方全体集中状态。</color>
体力増加/防壁禍護の穢詛	生命增加/防壁祸护的秽咒
<color=#005C5E>味方全体の最大HP40％増加。</color><color=#b00000>ウェーブ開始時、敵全体にバリアーを付与。</color>	<color=#005C5E>我方全体最大HP提升40%。</color><color=#b00000>回合开始时，赋予敌方全体护盾状态。</color>
防御強化/防壁禍護の穢詛	防御强化/防壁祸护的秽咒
<color=#005C5E>味方全体の防御40％増加。</color><color=#b00000>ウェーブ開始時、敵全体にバリアーを付与。</color>	<color=#005C5E>我方全体防御提升40%。</color><color=#b00000>回合开始时，赋予敌方全体护盾状态。</color>
俊敏強化/防壁禍護の穢詛	敏捷强化/防壁祸护的秽咒
<color=#005C5E>味方全体の敏捷40％増加。</color><color=#b00000>ウェーブ開始時、敵全体にバリアーを付与。</color>	<color=#005C5E>我方全体敏捷提升40%。</color><color=#b00000>回合开始时，赋予敌方全体护盾状态。</color>
幸運強化/防壁禍護の穢詛	幸运强化/防壁祸护的秽咒
<color=#005C5E>味方全体の幸運40％増加。</color><color=#b00000>ウェーブ開始時、敵全体にバリアーを付与。</color>	<color=#005C5E>我方全体幸运提升40%。</color><color=#b00000>回合开始时，赋予敌方全体护盾状态。</color>
回避強化/防壁禍護の穢詛	回避强化/防壁祸护的秽咒
<color=#005C5E>味方全体の回避率40％増加。</color><color=#b00000>ウェーブ開始時、敵全体にバリアーを付与。</color>	<color=#005C5E>我方全体回避率提升40%。</color><color=#b00000>回合开始时，赋予敌方全体护盾状态。</color>
回復超越/防壁禍護の穢詛	回复超越/防壁祸护的秽咒
<color=#005C5E>味方全体の回復上限40000増加。</color><color=#b00000>ウェーブ開始時、敵全体にバリアーを付与。</color>	<color=#005C5E>我方全体回复上限增加40000。</color><color=#b00000>回合开始时，赋予敌方全体护盾状态。</color>
全体治癒/防壁禍護の穢詛	全体治愈/防壁祸护的秽咒
<color=#005C5E>ウェーブ開始時、味方全体のHP40000回復。</color><color=#b00000>ウェーブ開始時、敵全体にバリアーを付与。</color>	<color=#005C5E>回合开始时，回复我方全体40000 HP。</color><color=#b00000>回合开始时，赋予敌方全体护盾状态。</color>
再生広布/防壁禍護の穢詛	再生广布/防壁祸护的秽咒
<color=#005C5E>バトル開始時、味方全体に再生を付与。</color><color=#b00000>ウェーブ開始時、敵全体にバリアーを付与。</color>	<color=#005C5E>战斗开始时，赋予我方全体再生状态。</color><color=#b00000>回合开始时，赋予敌方全体护盾状态。</color>
加速広布/防壁禍護の穢詛	加速广布/防壁祸护的秽咒
<color=#005C5E>バトル開始時、味方全体に加速を付与。</color><color=#b00000>ウェーブ開始時、敵全体にバリアーを付与。</color>	<color=#005C5E>战斗开始时，赋予我方全体加速状态。</color><color=#b00000>回合开始时，赋予敌方全体护盾状态。</color>
秘膜広布/防壁禍護の穢詛	秘膜广布/防壁祸护的秽咒
<color=#005C5E>バトル開始時、味方全体にベールを付与。</color><color=#b00000>ウェーブ開始時、敵全体にバリアーを付与。</color>	<color=#005C5E>战斗开始时，赋予我方全体面纱状态。</color><color=#b00000>回合开始时，赋予敌方全体护盾状态。</color>
魔壁広布/防壁禍護の穢詛	魔壁广布/防壁祸护的秽咒
<color=#005C5E>バトル開始時、味方全体に魔壁を付与。</color><color=#b00000>ウェーブ開始時、敵全体にバリアーを付与。</color>	<color=#005C5E>战斗开始时，赋予我方全体魔壁状态。</color><color=#b00000>回合开始时，赋予敌方全体护盾状态。</color>
祝福広布/防壁禍護の穢詛	祝福广布/防壁祸护的秽咒
<color=#005C5E>バトル開始時、味方全体に祝福を付与。</color><color=#b00000>ウェーブ開始時、敵全体にバリアーを付与。</color>	<color=#005C5E>战斗开始时，赋予我方全体祝福状态。</color><color=#b00000>回合开始时，赋予敌方全体护盾状态。</color>
被撃減少/防壁禍護の穢詛	受击减少/防壁祸护的秽咒
<color=#005C5E>敵から受けるダメージが<daeg_pow:1>%の確率で60％に減少。</color><color=#b00000>ウェーブ開始時、敵全体にバリアーを付与。</color>	<color=#005C5E>受到敌人的伤害有<daeg_pow:1>%的概率减少至60%。</color><color=#b00000>回合开始时，赋予敌方全体护盾状态。</color>
体力増加/秘膜禍護の穢詛	生命增加/秘膜祸护的秽咒
<color=#005C5E>味方全体の最大HP40％増加。</color><color=#b00000>ウェーブ開始時、敵全体にベールを付与。</color>	<color=#005C5E>我方全体最大HP提升40%。</color><color=#b00000>回合开始时，赋予敌方全体面纱状态。</color>
防御強化/秘膜禍護の穢詛	防御强化/秘膜祸护的秽咒
<color=#005C5E>味方全体の防御40％増加。</color><color=#b00000>ウェーブ開始時、敵全体にベールを付与。</color>	<color=#005C5E>我方全体防御提升40%。</color><color=#b00000>回合开始时，赋予敌方全体面纱状态。</color>
俊敏強化/秘膜禍護の穢詛	敏捷强化/秘膜祸护的秽咒
<color=#005C5E>味方全体の敏捷40％増加。</color><color=#b00000>ウェーブ開始時、敵全体にベールを付与。</color>	<color=#005C5E>我方全体敏捷提升40%。</color><color=#b00000>回合开始时，赋予敌方全体面纱状态。</color>
回避強化/秘膜禍護の穢詛	回避强化/秘膜祸护的秽咒
<color=#005C5E>味方全体の回避率40％増加。</color><color=#b00000>ウェーブ開始時、敵全体にベールを付与。</color>	<color=#005C5E>我方全体回避率提升40%。</color><color=#b00000>回合开始时，赋予敌方全体面纱状态。</color>
回復超越/秘膜禍護の穢詛	回复超越/秘膜祸护的秽咒
<color=#005C5E>味方全体の回復上限40000増加。</color><color=#b00000>ウェーブ開始時、敵全体にベールを付与。</color>	<color=#005C5E>我方全体回复上限增加40000。</color><color=#b00000>回合开始时，赋予敌方全体面纱状态。</color>
全体治癒/秘膜禍護の穢詛	全体治愈/秘膜祸护的秽咒
<color=#005C5E>ウェーブ開始時、味方全体のHP40000回復。</color><color=#b00000>ウェーブ開始時、敵全体にベールを付与。</color>	<color=#005C5E>回合开始时，回复我方全体40000 HP。</color><color=#b00000>回合开始时，赋予敌方全体面纱状态。</color>
再生広布/秘膜禍護の穢詛	再生广布/秘膜祸护的秽咒
<color=#005C5E>バトル開始時、味方全体に再生を付与。</color><color=#b00000>ウェーブ開始時、敵全体にベールを付与。</color>	<color=#005C5E>战斗开始时，赋予我方全体再生状态。</color><color=#b00000>回合开始时，赋予敌方全体面纱状态。</color>
加速広布/秘膜禍護の穢詛	加速广布/秘膜祸护的秽咒
<color=#005C5E>バトル開始時、味方全体に加速を付与。</color><color=#b00000>ウェーブ開始時、敵全体にベールを付与。</color>	<color=#005C5E>战斗开始时，赋予我方全体加速状态。</color><color=#b00000>回合开始时，赋予敌方全体面纱状态。</color>
防膜広布/秘膜禍護の穢詛	防壁广布/秘膜祸护的秽咒
<color=#005C5E>バトル開始時、味方全体にバリアーを付与。</color><color=#b00000>ウェーブ開始時、敵全体にベールを付与。</color>	<color=#005C5E>战斗开始时，赋予我方全体护盾状态。</color><color=#b00000>回合开始时，赋予敌方全体面纱状态。</color>
魔壁広布/秘膜禍護の穢詛	魔壁广布/秘膜祸护的秽咒
<color=#005C5E>バトル開始時、味方全体に魔壁を付与。</color><color=#b00000>ウェーブ開始時、敵全体にベールを付与。</color>	<color=#005C5E>战斗开始时，赋予我方全体魔壁状态。</color><color=#b00000>回合开始时，赋予敌方全体面纱状态。</color>
祝福広布/秘膜禍護の穢詛	祝福广布/秘膜祸护的秽咒
<color=#005C5E>バトル開始時、味方全体に祝福を付与。</color><color=#b00000>ウェーブ開始時、敵全体にベールを付与。</color>	<color=#005C5E>战斗开始时，赋予我方全体祝福状态。</color><color=#b00000>回合开始时，赋予敌方全体面纱状态。</color>
被撃減少/秘膜禍護の穢詛	受击减少/秘膜祸护的秽咒
<color=#005C5E>敵から受けるダメージが<daeg_pow:1>%の確率で60％に減少。</color><color=#b00000>ウェーブ開始時、敵全体にベールを付与。</color>	<color=#005C5E>受到敌人的伤害有<daeg_pow:1>%的概率减少至60%。</color><color=#b00000>回合开始时，赋予敌方全体面纱状态。</color>
体力増加/魔壁禍護の穢詛	生命增加/魔壁祸护的秽咒
<color=#005C5E>味方全体の最大HP40％増加。</color><color=#b00000>ウェーブ開始時、敵全体に魔壁を付与。</color>	<color=#005C5E>我方全体最大HP提升40%。</color><color=#b00000>回合开始时，赋予敌方全体魔壁状态。</color>
防御強化/魔壁禍護の穢詛	防御强化/魔壁祸护的秽咒
<color=#005C5E>味方全体の防御40％増加。</color><color=#b00000>ウェーブ開始時、敵全体に魔壁を付与。</color>	<color=#005C5E>我方全体防御提升40%。</color><color=#b00000>回合开始时，赋予敌方全体魔壁状态。</color>
俊敏強化/魔壁禍護の穢詛	敏捷强化/魔壁祸护的秽咒
<color=#005C5E>味方全体の敏捷40％増加。</color><color=#b00000>ウェーブ開始時、敵全体に魔壁を付与。</color>	<color=#005C5E>我方全体敏捷提升40%。</color><color=#b00000>回合开始时，赋予敌方全体魔壁状态。</color>
幸運強化/魔壁禍護の穢詛	幸运强化/魔壁祸护的秽咒
<color=#005C5E>味方全体の幸運40％増加。</color><color=#b00000>ウェーブ開始時、敵全体に魔壁を付与。</color>	<color=#005C5E>我方全体幸运提升40%。</color><color=#b00000>回合开始时，赋予敌方全体魔壁状态。</color>
回避強化/魔壁禍護の穢詛	回避强化/魔壁祸护的秽咒
<color=#005C5E>味方全体の回避率40％増加。</color><color=#b00000>ウェーブ開始時、敵全体に魔壁を付与。</color>	<color=#005C5E>我方全体回避率提升40%。</color><color=#b00000>回合开始时，赋予敌方全体魔壁状态。</color>
回復超越/魔壁禍護の穢詛	回复超越/魔壁祸护的秽咒
<color=#005C5E>味方全体の回復上限40000増加。</color><color=#b00000>ウェーブ開始時、敵全体に魔壁を付与。</color>	<color=#005C5E>我方全体回复上限增加40000。</color><color=#b00000>回合开始时，赋予敌方全体魔壁状态。</color>
全体治癒/魔壁禍護の穢詛	全体治愈/魔壁祸护的秽咒
<color=#005C5E>ウェーブ開始時、味方全体のHP40000回復。</color><color=#b00000>ウェーブ開始時、敵全体に魔壁を付与。</color>	<color=#005C5E>回合开始时，回复我方全体40000 HP。</color><color=#b00000>回合开始时，赋予敌方全体魔壁状态。</color>
再生広布/魔壁禍護の穢詛	再生广布/魔壁祸护的秽咒
<color=#005C5E>バトル開始時、味方全体に再生を付与。</color><color=#b00000>ウェーブ開始時、敵全体に魔壁を付与。</color>	<color=#005C5E>战斗开始时，赋予我方全体再生状态。</color><color=#b00000>回合开始时，赋予敌方全体魔壁状态。</color>
加速広布/魔壁禍護の穢詛	加速广布/魔壁祸护的秽咒
<color=#005C5E>バトル開始時、味方全体に加速を付与。</color><color=#b00000>ウェーブ開始時、敵全体に魔壁を付与。</color>	<color=#005C5E>战斗开始时，赋予我方全体加速状态。</color><color=#b00000>回合开始时，赋予敌方全体魔壁状态。</color>
防膜広布/魔壁禍護の穢詛	防壁广布/魔壁祸护的秽咒
<color=#005C5E>バトル開始時、味方全体にバリアーを付与。</color><color=#b00000>ウェーブ開始時、敵全体に魔壁を付与。</color>	<color=#005C5E>战斗开始时，赋予我方全体护盾状态。</color><color=#b00000>回合开始时，赋予敌方全体魔壁状态。</color>
秘膜広布/魔壁禍護の穢詛	秘膜广布/魔壁祸护的秽咒
<color=#005C5E>バトル開始時、味方全体にベールを付与。</color><color=#b00000>ウェーブ開始時、敵全体に魔壁を付与。</color>	<color=#005C5E>战斗开始时，赋予我方全体面纱状态。</color><color=#b00000>回合开始时，赋予敌方全体魔壁状态。</color>
祝福広布/魔壁禍護の穢詛	祝福广布/魔壁祸护的秽咒
<color=#005C5E>バトル開始時、味方全体に祝福を付与。</color><color=#b00000>ウェーブ開始時、敵全体に魔壁を付与。</color>	<color=#005C5E>战斗开始时，赋予我方全体祝福状态。</color><color=#b00000>回合开始时，赋予敌方全体魔壁状态。</color>
被撃減少/魔壁禍護の穢詛	受击减少/魔壁祸护的秽咒
<color=#005C5E>敵から受けるダメージが<daeg_pow:1>%の確率で60％に減少。</color><color=#b00000>ウェーブ開始時、敵全体に魔壁を付与。</color>	<color=#005C5E>受到敌人的伤害有<daeg_pow:1>%的概率减少至60%。</color><color=#b00000>回合开始时，赋予敌方全体魔壁状态。</color>
出血付与/魔壁禍護の穢詛	出血赋予/魔壁祸护的秽咒
<color=#005C5E>ウェーブ開始時、ランダムな敵2体に出血を付与。</color><color=#b00000>ウェーブ開始時、敵全体に魔壁を付与。</color>	<color=#005C5E>回合开始时，随机赋予2名敌人出血状态。</color><color=#b00000>回合开始时，赋予敌方全体魔壁状态。</color>
火傷付与/魔壁禍護の穢詛	灼伤赋予/魔壁祸护的秽咒
<color=#005C5E>ウェーブ開始時、ランダムな敵2体に火傷を付与。</color><color=#b00000>ウェーブ開始時、敵全体に魔壁を付与。</color>	<color=#005C5E>回合开始时，随机赋予2名敌人灼伤状态。</color><color=#b00000>回合开始时，赋予敌方全体魔壁状态。</color>
感電付与/魔壁禍護の穢詛	感电赋予/魔壁祸护的秽咒
<color=#005C5E>ウェーブ開始時、ランダムな敵2体に感電を付与。</color><color=#b00000>ウェーブ開始時、敵全体に魔壁を付与。</color>	<color=#005C5E>回合开始时，随机赋予2名敌人感电状态。</color><color=#b00000>回合开始时，赋予敌方全体魔壁状态。</color>
氷結付与/魔壁禍護の穢詛	冻结赋予/魔壁祸护的秽咒
<color=#005C5E>ウェーブ開始時、ランダムな敵2体に氷結を付与。</color><color=#b00000>ウェーブ開始時、敵全体に魔壁を付与。</color>	<color=#005C5E>回合开始时，随机赋予2名敌人冻结状态。</color><color=#b00000>回合开始时，赋予敌方全体魔壁状态。</color>
体力増加/祝福禍護の穢詛	生命增加/祝福祸护的秽咒
<color=#005C5E>味方全体の最大HP40％増加。</color><color=#b00000>ウェーブ開始時、敵全体に祝福を付与。</color>	<color=#005C5E>我方全体最大HP提升40%。</color><color=#b00000>回合开始时，赋予敌方全体祝福状态。</color>
防御強化/祝福禍護の穢詛	防御强化/祝福祸护的秽咒
<color=#005C5E>味方全体の防御40％増加。</color><color=#b00000>ウェーブ開始時、敵全体に祝福を付与。</color>	<color=#005C5E>我方全体防御提升40%。</color><color=#b00000>回合开始时，赋予敌方全体祝福状态。</color>
俊敏強化/祝福禍護の穢詛	敏捷强化/祝福祸护的秽咒
<color=#005C5E>味方全体の敏捷40％増加。</color><color=#b00000>ウェーブ開始時、敵全体に祝福を付与。</color>	<color=#005C5E>我方全体敏捷提升40%。</color><color=#b00000>回合开始时，赋予敌方全体祝福状态。</color>
幸運強化/祝福禍護の穢詛	幸运强化/祝福祸护的秽咒
<color=#005C5E>味方全体の幸運40％増加。</color><color=#b00000>ウェーブ開始時、敵全体に祝福を付与。</color>	<color=#005C5E>我方全体幸运提升40%。</color><color=#b00000>回合开始时，赋予敌方全体祝福状态。</color>
回避強化/祝福禍護の穢詛	回避强化/祝福祸护的秽咒
<color=#005C5E>味方全体の回避率40％増加。</color><color=#b00000>ウェーブ開始時、敵全体に祝福を付与。</color>	<color=#005C5E>我方全体回避率提升40%。</color><color=#b00000>回合开始时，赋予敌方全体祝福状态。</color>
回復超越/祝福禍護の穢詛	回复超越/祝福祸护的秽咒
<color=#005C5E>味方全体の回復上限40000増加。</color><color=#b00000>ウェーブ開始時、敵全体に祝福を付与。</color>	<color=#005C5E>我方全体回复上限增加40000。</color><color=#b00000>回合开始时，赋予敌方全体祝福状态。</color>
全体治癒/祝福禍護の穢詛	全体治愈/祝福祸护的秽咒
<color=#005C5E>ウェーブ開始時、味方全体のHP40000回復。</color><color=#b00000>ウェーブ開始時、敵全体に祝福を付与。</color>	<color=#005C5E>回合开始时，回复我方全体40000 HP。</color><color=#b00000>回合开始时，赋予敌方全体祝福状态。</color>
再生広布/祝福禍護の穢詛	再生广布/祝福祸护的秽咒
<color=#005C5E>バトル開始時、味方全体に再生を付与。</color><color=#b00000>ウェーブ開始時、敵全体に祝福を付与。</color>	<color=#005C5E>战斗开始时，赋予我方全体再生状态。</color><color=#b00000>回合开始时，赋予敌方全体祝福状态。</color>
加速広布/祝福禍護の穢詛	加速广布/祝福祸护的秽咒
<color=#005C5E>バトル開始時、味方全体に加速を付与。</color><color=#b00000>ウェーブ開始時、敵全体に祝福を付与。</color>	<color=#005C5E>战斗开始时，赋予我方全体加速状态。</color><color=#b00000>回合开始时，赋予敌方全体祝福状态。</color>
防膜広布/祝福禍護の穢詛	防壁广布/祝福祸护的秽咒
<color=#005C5E>バトル開始時、味方全体にバリアーを付与。</color><color=#b00000>ウェーブ開始時、敵全体に祝福を付与。</color>	<color=#005C5E>战斗开始时，赋予我方全体护盾状态。</color><color=#b00000>回合开始时，赋予敌方全体祝福状态。</color>
秘膜広布/祝福禍護の穢詛	秘膜广布/祝福祸护的秽咒
<color=#005C5E>バトル開始時、味方全体にベールを付与。</color><color=#b00000>ウェーブ開始時、敵全体に祝福を付与。</color>	<color=#005C5E>战斗开始时，赋予我方全体面纱状态。</color><color=#b00000>回合开始时，赋予敌方全体祝福状态。</color>
魔壁広布/祝福禍護の穢詛	魔壁广布/祝福祸护的秽咒
<color=#005C5E>バトル開始時、味方全体に魔壁を付与。</color><color=#b00000>ウェーブ開始時、敵全体に祝福を付与。</color>	<color=#005C5E>战斗开始时，赋予我方全体魔壁状态。</color><color=#b00000>回合开始时，赋予敌方全体祝福状态。</color>
被撃減少/祝福禍護の穢詛	受击减少/祝福祸护的秽咒
<color=#005C5E>敵から受けるダメージが<daeg_pow:1>%の確率で60％に減少。</color><color=#b00000>ウェーブ開始時、敵全体に祝福を付与。</color>	<color=#005C5E>受到敌人的伤害有<daeg_pow:1>%的概率减少至60%。</color><color=#b00000>回合开始时，赋予敌方全体祝福状态。</color>
出血付与/祝福禍護の穢詛	出血赋予/祝福祸护的秽咒
<color=#005C5E>ウェーブ開始時、ランダムな敵2体に出血を付与。</color><color=#b00000>ウェーブ開始時、敵全体に祝福を付与。</color>	<color=#005C5E>回合开始时，随机赋予2名敌人出血状态。</color><color=#b00000>回合开始时，赋予敌方全体祝福状态。</color>
刻印付与/祝福禍護の穢詛	刻印赋予/祝福祸护的秽咒
<color=#005C5E>ウェーブ開始時、ランダムな敵2体に刻印を付与。</color><color=#b00000>ウェーブ開始時、敵全体に祝福を付与。</color>	<color=#005C5E>回合开始时，随机赋予2名敌人刻印状态。</color><color=#b00000>回合开始时，赋予敌方全体祝福状态。</color>
火傷付与/祝福禍護の穢詛	灼伤赋予/祝福祸护的秽咒
<color=#005C5E>ウェーブ開始時、ランダムな敵2体に火傷を付与。</color><color=#b00000>ウェーブ開始時、敵全体に祝福を付与。</color>	<color=#005C5E>回合开始时，随机赋予2名敌人灼伤状态。</color><color=#b00000>回合开始时，赋予敌方全体祝福状态。</color>
感電付与/祝福禍護の穢詛	感电赋予/祝福祸护的秽咒
<color=#005C5E>ウェーブ開始時、ランダムな敵2体に感電を付与。</color><color=#b00000>ウェーブ開始時、敵全体に祝福を付与。</color>	<color=#005C5E>回合开始时，随机赋予2名敌人感电状态。</color><color=#b00000>回合开始时，赋予敌方全体祝福状态。</color>
氷結付与/祝福禍護の穢詛	冻结赋予/祝福祸护的秽咒
<color=#005C5E>ウェーブ開始時、ランダムな敵2体に氷結を付与。</color><color=#b00000>ウェーブ開始時、敵全体に祝福を付与。</color>	<color=#005C5E>回合开始时，随机赋予2名敌人冻结状态。</color><color=#b00000>回合开始时，赋予敌方全体祝福状态。</color>
攻撃強化/被撃増加の穢詛	攻击强化/受击增加的秽咒
<color=#005C5E>味方全体の攻撃40％増加。</color><color=#b00000>敵から受けるダメージが<daeg_pow:2>%の確率で180％に増加。</color>	<color=#005C5E>我方全体攻击提升40%。</color><color=#b00000>受到敌人的伤害有<daeg_pow:2>%的概率增加至180%。</color>
会心強化/被撃増加の穢詛	会心强化/受击增加的秽咒
<color=#005C5E>味方全体のクリティカル率40％増加。</color><color=#b00000>敵から受けるダメージが<daeg_pow:2>%の確率で180％に増加。</color>	<color=#005C5E>我方全体暴击率提升40%。</color><color=#b00000>受到敌人的伤害有<daeg_pow:2>%的概率增加至180%。</color>
命中強化/被撃増加の穢詛	命中强化/受击增加的秽咒
<color=#005C5E>味方全体の命中率40％増加。</color><color=#b00000>敵から受けるダメージが<daeg_pow:2>%の確率で180％に増加。</color>	<color=#005C5E>我方全体命中率提升40%。</color><color=#b00000>受到敌人的伤害有<daeg_pow:2>%的概率增加至180%。</color>
反撃強化/被撃増加の穢詛	反击强化/受击增加的秽咒
<color=#005C5E>味方全体の反撃率40％増加。</color><color=#b00000>敵から受けるダメージが<daeg_pow:2>%の確率で180％に増加。</color>	<color=#005C5E>我方全体反击率提升40%。</color><color=#b00000>受到敌人的伤害有<daeg_pow:2>%的概率增加至180%。</color>
連撃強化/被撃増加の穢詛	连击强化/受击增加的秽咒
<color=#005C5E>味方全体の連撃率20％増加。</color><color=#b00000>敵から受けるダメージが<daeg_pow:2>%の確率で180％に増加。</color>	<color=#005C5E>我方全体连击率提升20%。</color><color=#b00000>受到敌人的伤害有<daeg_pow:2>%的概率增加至180%。</color>
与撃増加/被撃増加の穢詛	攻击提升/受击增加的秽咒
<color=#005C5E>味方が与えるダメージが<daeg_pow:1>%の確率で180%に増加。</color><color=#b00000>敵から受けるダメージが<daeg_pow:1>%の確率で180％に増加。</color>	<color=#005C5E>我方造成的伤害有<daeg_pow:1>%的概率提升至180%。</color><color=#b00000>受到敌人的伤害有<daeg_pow:1>%的概率增加至180%。</color>
毒付与/被撃増加の穢詛	毒赋予/受击增加的秽咒
<color=#005C5E>ウェーブ開始時、ランダムな敵2体に毒を付与。</color><color=#b00000>敵から受けるダメージが<daeg_pow:2>%の確率で180％に増加。</color>	<color=#005C5E>回合开始时，随机赋予2名敌人中毒状态。</color><color=#b00000>受到敌人的伤害有<daeg_pow:2>%的概率增加至180%。</color>
出血付与/被撃増加の穢詛	出血赋予/受击增加的秽咒
<color=#005C5E>ウェーブ開始時、ランダムな敵2体に出血を付与。</color><color=#b00000>敵から受けるダメージが<daeg_pow:2>%の確率で180％に増加。</color>	<color=#005C5E>回合开始时，随机赋予2名敌人出血状态。</color><color=#b00000>受到敌人的伤害有<daeg_pow:2>%的概率增加至180%。</color>
刻印付与/被撃増加の穢詛	刻印赋予/受击增加的秽咒
<color=#005C5E>ウェーブ開始時、ランダムな敵2体に刻印を付与。</color><color=#b00000>敵から受けるダメージが<daeg_pow:2>%の確率で180％に増加。</color>	<color=#005C5E>回合开始时，随机赋予2名敌人刻印状态。</color><color=#b00000>受到敌人的伤害有<daeg_pow:2>%的概率增加至180%。</color>
火傷付与/被撃増加の穢詛	灼伤赋予/受击增加的秽咒
<color=#005C5E>ウェーブ開始時、ランダムな敵2体に火傷を付与。</color><color=#b00000>敵から受けるダメージが<daeg_pow:2>%の確率で180％に増加。</color>	<color=#005C5E>回合开始时，随机赋予2名敌人灼伤状态。</color><color=#b00000>受到敌人的伤害有<daeg_pow:2>%的概率增加至180%。</color>
感電付与/被撃増加の穢詛	感电赋予/受击增加的秽咒
<color=#005C5E>ウェーブ開始時、ランダムな敵2体に感電を付与。</color><color=#b00000>敵から受けるダメージが<daeg_pow:2>%の確率で180％に増加。</color>	<color=#005C5E>回合开始时，随机赋予2名敌人感电状态。</color><color=#b00000>受到敌人的伤害有<daeg_pow:2>%的概率增加至180%。</color>
氷結付与/被撃増加の穢詛	冻结赋予/受击增加的秽咒
<color=#005C5E>ウェーブ開始時、ランダムな敵2体に氷結を付与。</color><color=#b00000>敵から受けるダメージが<daeg_pow:2>%の確率で180％に増加。</color>	<color=#005C5E>回合开始时，随机赋予2名敌人冻结状态。</color><color=#b00000>受到敌人的伤害有<daeg_pow:2>%的概率增加至180%。</color>
攻撃強化/負傷の穢詛	攻击强化/负伤的秽咒
<color=#005C5E>味方全体の攻撃40％増加。</color><color=#b00000>ウェーブ開始時、味方全体のHPが30000減少。</color>	<color=#005C5E>我方全体攻击提升40%。</color><color=#b00000>回合开始时，我方全体HP减少30000。</color>
魔力強化/負傷の穢詛	魔力强化/负伤的秽咒
<color=#005C5E>味方全体の魔力40％増加。</color><color=#b00000>ウェーブ開始時、味方全体のHPが30000減少。</color>	<color=#005C5E>我方全体魔力提升40%。</color><color=#b00000>回合开始时，我方全体HP减少30000。</color>
会心強化/負傷の穢詛	会心强化/负伤的秽咒
<color=#005C5E>味方全体のクリティカル率40％増加。</color><color=#b00000>ウェーブ開始時、味方全体のHPが30000減少。</color>	<color=#005C5E>我方全体暴击率提升40%。</color><color=#b00000>回合开始时，我方全体HP减少30000。</color>
命中強化/負傷の穢詛	命中强化/负伤的秽咒
<color=#005C5E>味方全体の命中率40％増加。</color><color=#b00000>ウェーブ開始時、味方全体のHPが30000減少。</color>	<color=#005C5E>我方全体命中率提升40%。</color><color=#b00000>回合开始时，我方全体HP减少30000。</color>
反撃強化/負傷の穢詛	反击强化/负伤的秽咒
<color=#005C5E>味方全体の反撃率40％増加。</color><color=#b00000>ウェーブ開始時、味方全体のHPが30000減少。</color>	<color=#005C5E>我方全体反击率提升40%。</color><color=#b00000>回合开始时，我方全体HP减少30000。</color>
連撃強化/負傷の穢詛	连击强化/负伤的秽咒
<color=#005C5E>味方全体の連撃率20％増加。</color><color=#b00000>ウェーブ開始時、味方全体のHPが30000減少。</color>	<color=#005C5E>我方全体连击率提升20%。</color><color=#b00000>回合开始时，我方全体HP减少30000。</color>
与撃増加/負傷の穢詛	攻击提升/负伤的秽咒
<color=#005C5E>味方が与えるダメージが<daeg_pow:1>%の確率で180%に増加。</color><color=#b00000>ウェーブ開始時、味方全体のHPが30000減少。</color>	<color=#005C5E>我方造成的伤害有<daeg_pow:1>%的概率提升至180%。</color><color=#b00000>回合开始时，我方全体HP减少30000。</color>
毒付与/負傷の穢詛	毒赋予/负伤的秽咒
<color=#005C5E>ウェーブ開始時、ランダムな敵2体に毒を付与。</color><color=#b00000>ウェーブ開始時、味方全体のHPが30000減少。</color>	<color=#005C5E>回合开始时，随机赋予2名敌人中毒状态。</color><color=#b00000>回合开始时，我方全体HP减少30000。</color>
出血付与/負傷の穢詛	出血赋予/负伤的秽咒
<color=#005C5E>ウェーブ開始時、ランダムな敵2体に出血を付与。</color><color=#b00000>ウェーブ開始時、味方全体のHPが30000減少。</color>	<color=#005C5E>回合开始时，随机赋予2名敌人出血状态。</color><color=#b00000>回合开始时，我方全体HP减少30000。</color>
刻印付与/負傷の穢詛	刻印赋予/负伤的秽咒
<color=#005C5E>ウェーブ開始時、ランダムな敵2体に刻印を付与。</color><color=#b00000>ウェーブ開始時、味方全体のHPが30000減少。</color>	<color=#005C5E>回合开始时，随机赋予2名敌人刻印状态。</color><color=#b00000>回合开始时，我方全体HP减少30000。</color>
火傷付与/負傷の穢詛	灼伤赋予/负伤的秽咒
<color=#005C5E>ウェーブ開始時、ランダムな敵2体に火傷を付与。</color><color=#b00000>ウェーブ開始時、味方全体のHPが30000減少。</color>	<color=#005C5E>回合开始时，随机赋予2名敌人灼伤状态。</color><color=#b00000>回合开始时，我方全体HP减少30000。</color>
感電付与/負傷の穢詛	感电赋予/负伤的秽咒
<color=#005C5E>ウェーブ開始時、ランダムな敵2体に感電を付与。</color><color=#b00000>ウェーブ開始時、味方全体のHPが30000減少。</color>	<color=#005C5E>回合开始时，随机赋予2名敌人感电状态。</color><color=#b00000>回合开始时，我方全体HP减少30000。</color>
氷結付与/負傷の穢詛	冻结赋予/负伤的秽咒
<color=#005C5E>ウェーブ開始時、ランダムな敵2体に氷結を付与。</color><color=#b00000>ウェーブ開始時、味方全体のHPが30000減少。</color>	<color=#005C5E>回合开始时，随机赋予2名敌人冻结状态。</color><color=#b00000>回合开始时，我方全体HP减少30000。</color>
攻撃強化/毒患いの穢詛	攻击强化/中毒患的秽咒
<color=#005C5E>味方全体の攻撃40％増加。</color><color=#b00000>ウェーブ開始時、ランダムな味方3人に毒を付与。</color>	<color=#005C5E>我方全体攻击提升40%。</color><color=#b00000>回合开始时，随机赋予我方3人中毒状态。</color>
魔力強化/毒患いの穢詛	魔力强化/中毒患的秽咒
<color=#005C5E>味方全体の魔力40％増加。</color><color=#b00000>ウェーブ開始時、ランダムな味方3人に毒を付与。</color>	<color=#005C5E>我方全体魔力提升40%。</color><color=#b00000>回合开始时，随机赋予我方3人中毒状态。</color>
会心強化/毒患いの穢詛	会心强化/中毒患的秽咒
<color=#005C5E>味方全体のクリティカル率40％増加。</color><color=#b00000>ウェーブ開始時、ランダムな味方3人に毒を付与。</color>	<color=#005C5E>我方全体暴击率提升40%。</color><color=#b00000>回合开始时，随机赋予我方3人中毒状态。</color>
命中強化/毒患いの穢詛	命中强化/中毒患的秽咒
<color=#005C5E>味方全体の命中率40％増加。</color><color=#b00000>ウェーブ開始時、ランダムな味方3人に毒を付与。</color>	<color=#005C5E>我方全体命中率提升40%。</color><color=#b00000>回合开始时，随机赋予我方3人中毒状态。</color>
反撃強化/毒患いの穢詛	反击强化/中毒患的秽咒
<color=#005C5E>味方全体の反撃率40％増加。</color><color=#b00000>ウェーブ開始時、ランダムな味方3人に毒を付与。</color>	<color=#005C5E>我方全体反击率提升40%。</color><color=#b00000>回合开始时，随机赋予我方3人中毒状态。</color>
連撃強化/毒患いの穢詛	连击强化/中毒患的秽咒
<color=#005C5E>味方全体の連撃率20％増加。</color><color=#b00000>ウェーブ開始時、ランダムな味方3人に毒を付与。</color>	<color=#005C5E>我方全体连击率提升20%。</color><color=#b00000>回合开始时，随机赋予我方3人中毒状态。</color>
与撃増加/毒患いの穢詛	攻击提升/中毒患的秽咒
<color=#005C5E>味方が与えるダメージが<daeg_pow:1>%の確率で180%に増加。</color><color=#b00000>ウェーブ開始時、ランダムな味方3人に毒を付与。</color>	<color=#005C5E>我方造成的伤害有<daeg_pow:1>%的概率提升至180%。</color><color=#b00000>回合开始时，随机赋予我方3人中毒状态。</color>
毒付与/毒患いの穢詛	毒赋予/中毒患的秽咒
<color=#005C5E>ウェーブ開始時、ランダムな敵3体に毒を付与。</color><color=#b00000>ウェーブ開始時、ランダムな味方3人に毒を付与。</color>	<color=#005C5E>回合开始时，随机赋予3名敌人中毒状态。</color><color=#b00000>回合开始时，随机赋予我方3人中毒状态。</color>
出血付与/毒患いの穢詛	出血赋予/中毒患的秽咒
<color=#005C5E>ウェーブ開始時、ランダムな敵3体に出血を付与。</color><color=#b00000>ウェーブ開始時、ランダムな味方3人に毒を付与。</color>	<color=#005C5E>回合开始时，随机赋予3名敌人出血状态。</color><color=#b00000>回合开始时，随机赋予我方3人中毒状态。</color>
刻印付与/毒患いの穢詛	刻印赋予/中毒患的秽咒
<color=#005C5E>ウェーブ開始時、ランダムな敵3体に刻印を付与。</color><color=#b00000>ウェーブ開始時、ランダムな味方3人に毒を付与。</color>	<color=#005C5E>回合开始时，随机赋予3名敌人刻印状态。</color><color=#b00000>回合开始时，随机赋予我方3人中毒状态。</color>
火傷付与/毒患いの穢詛	灼伤赋予/中毒患的秽咒
<color=#005C5E>ウェーブ開始時、ランダムな敵3体に火傷を付与。</color><color=#b00000>ウェーブ開始時、ランダムな味方3人に毒を付与。</color>	<color=#005C5E>回合开始时，随机赋予3名敌人灼伤状态。</color><color=#b00000>回合开始时，随机赋予我方3人中毒状态。</color>
感電付与/毒患いの穢詛	感电赋予/中毒患的秽咒
<color=#005C5E>ウェーブ開始時、ランダムな敵3体に感電を付与。</color><color=#b00000>ウェーブ開始時、ランダムな味方3人に毒を付与。</color>	<color=#005C5E>回合开始时，随机赋予3名敌人感电状态。</color><color=#b00000>回合开始时，随机赋予我方3人中毒状态。</color>
氷結付与/毒患いの穢詛	冻结赋予/中毒患的秽咒
<color=#005C5E>ウェーブ開始時、ランダムな敵3体に氷結を付与。</color><color=#b00000>ウェーブ開始時、ランダムな味方3人に毒を付与。</color>	<color=#005C5E>回合开始时，随机赋予3名敌人冻结状态。</color><color=#b00000>回合开始时，随机赋予我方3人中毒状态。</color>
攻撃強化/出血患いの穢詛	攻击强化/出血患的秽咒
<color=#005C5E>味方全体の攻撃40％増加。</color><color=#b00000>ウェーブ開始時、ランダムな味方3人に出血を付与。</color>	<color=#005C5E>我方全体攻击提升40%。</color><color=#b00000>回合开始时，随机赋予我方3人出血状态。</color>
魔力強化/出血患いの穢詛	魔力强化/出血患的秽咒
<color=#005C5E>味方全体の魔力40％増加。</color><color=#b00000>ウェーブ開始時、ランダムな味方3人に出血を付与。</color>	<color=#005C5E>我方全体魔力提升40%。</color><color=#b00000>回合开始时，随机赋予我方3人出血状态。</color>
会心強化/出血患いの穢詛	会心强化/出血患的秽咒
<color=#005C5E>味方全体のクリティカル率40％増加。</color><color=#b00000>ウェーブ開始時、ランダムな味方3人に出血を付与。</color>	<color=#005C5E>我方全体暴击率提升40%。</color><color=#b00000>回合开始时，随机赋予我方3人出血状态。</color>
命中強化/出血患いの穢詛	命中强化/出血患的秽咒
<color=#005C5E>味方全体の命中率40％増加。</color><color=#b00000>ウェーブ開始時、ランダムな味方3人に出血を付与。</color>	<color=#005C5E>我方全体命中率提升40%。</color><color=#b00000>回合开始时，随机赋予我方3人出血状态。</color>
反撃強化/出血患いの穢詛	反击强化/出血患的秽咒
<color=#005C5E>味方全体の反撃率40％増加。</color><color=#b00000>ウェーブ開始時、ランダムな味方3人に出血を付与。</color>	<color=#005C5E>我方全体反击率提升40%。</color><color=#b00000>回合开始时，随机赋予我方3人出血状态。</color>
連撃強化/出血患いの穢詛	连击强化/出血患的秽咒
<color=#005C5E>味方全体の連撃率20％増加。</color><color=#b00000>ウェーブ開始時、ランダムな味方3人に出血を付与。</color>	<color=#005C5E>我方全体连击率提升20%。</color><color=#b00000>回合开始时，随机赋予我方3人出血状态。</color>
与撃増加/出血患いの穢詛	攻击提升/出血患的秽咒
<color=#005C5E>味方が与えるダメージが<daeg_pow:1>%の確率で180%に増加。</color><color=#b00000>ウェーブ開始時、ランダムな味方3人に出血を付与。</color>	<color=#005C5E>我方造成的伤害有<daeg_pow:1>%的概率提升至180%。</color><color=#b00000>回合开始时，随机赋予我方3人出血状态。</color>
毒付与/出血患いの穢詛	毒赋予/出血患的秽咒
<color=#005C5E>ウェーブ開始時、ランダムな敵3体に毒を付与。</color><color=#b00000>ウェーブ開始時、ランダムな味方3人に出血を付与。</color>	<color=#005C5E>回合开始时，随机赋予3名敌人中毒状态。</color><color=#b00000>回合开始时，随机赋予我方3人出血状态。</color>
出血付与/出血患いの穢詛	出血赋予/出血患的秽咒
<color=#005C5E>ウェーブ開始時、ランダムな敵3体に出血を付与。</color><color=#b00000>ウェーブ開始時、ランダムな味方3人に出血を付与。</color>	<color=#005C5E>回合开始时，随机赋予3名敌人出血状态。</color><color=#b00000>回合开始时，随机赋予我方3人出血状态。</color>
刻印付与/出血患いの穢詛	刻印赋予/出血患的秽咒
<color=#005C5E>ウェーブ開始時、ランダムな敵3体に刻印を付与。</color><color=#b00000>ウェーブ開始時、ランダムな味方3人に出血を付与。</color>	<color=#005C5E>回合开始时，随机赋予3名敌人刻印状态。</color><color=#b00000>回合开始时，随机赋予我方3人出血状态。</color>
火傷付与/出血患いの穢詛	灼伤赋予/出血患的秽咒
<color=#005C5E>ウェーブ開始時、ランダムな敵3体に火傷を付与。</color><color=#b00000>ウェーブ開始時、ランダムな味方3人に出血を付与。</color>	<color=#005C5E>回合开始时，随机赋予3名敌人灼伤状态。</color><color=#b00000>回合开始时，随机赋予我方3人出血状态。</color>
感電付与/出血患いの穢詛	感电赋予/出血患的秽咒
<color=#005C5E>ウェーブ開始時、ランダムな敵3体に感電を付与。</color><color=#b00000>ウェーブ開始時、ランダムな味方3人に出血を付与。</color>	<color=#005C5E>回合开始时，随机赋予3名敌人感电状态。</color><color=#b00000>回合开始时，随机赋予我方3人出血状态。</color>
氷結付与/出血患いの穢詛	冻结赋予/出血患的秽咒
<color=#005C5E>ウェーブ開始時、ランダムな敵3体に氷結を付与。</color><color=#b00000>ウェーブ開始時、ランダムな味方3人に出血を付与。</color>	<color=#005C5E>回合开始时，随机赋予3名敌人冻结状态。</color><color=#b00000>回合开始时，随机赋予我方3人出血状态。</color>
攻撃強化/刻印患いの穢詛	攻击强化/刻印患的秽咒
<color=#005C5E>味方全体の攻撃40％増加。</color><color=#b00000>ウェーブ開始時、ランダムな味方3人に刻印を付与。</color>	<color=#005C5E>我方全体攻击提升40%。</color><color=#b00000>回合开始时，随机赋予我方3人刻印状态。</color>
魔力強化/刻印患いの穢詛	魔力强化/刻印患的秽咒
<color=#005C5E>味方全体の魔力40％増加。</color><color=#b00000>ウェーブ開始時、ランダムな味方3人に刻印を付与。</color>	<color=#005C5E>我方全体魔力提升40%。</color><color=#b00000>回合开始时，随机赋予我方3人刻印状态。</color>
会心強化/刻印患いの穢詛	会心强化/刻印患的秽咒
<color=#005C5E>味方全体のクリティカル率40％増加。</color><color=#b00000>ウェーブ開始時、ランダムな味方3人に刻印を付与。</color>	<color=#005C5E>我方全体暴击率提升40%。</color><color=#b00000>回合开始时，随机赋予我方3人刻印状态。</color>
命中強化/刻印患いの穢詛	命中强化/刻印患的秽咒
<color=#005C5E>味方全体の命中率40％増加。</color><color=#b00000>ウェーブ開始時、ランダムな味方3人に刻印を付与。</color>	<color=#005C5E>我方全体命中率提升40%。</color><color=#b00000>回合开始时，随机赋予我方3人刻印状态。</color>
反撃強化/刻印患いの穢詛	反击强化/刻印患的秽咒
<color=#005C5E>味方全体の反撃率40％増加。</color><color=#b00000>ウェーブ開始時、ランダムな味方3人に刻印を付与。</color>	<color=#005C5E>我方全体反击率提升40%。</color><color=#b00000>回合开始时，随机赋予我方3人刻印状态。</color>
連撃強化/刻印患いの穢詛	连击强化/刻印患的秽咒
<color=#005C5E>味方全体の連撃率20％増加。</color><color=#b00000>ウェーブ開始時、ランダムな味方3人に刻印を付与。</color>	<color=#005C5E>我方全体连击率提升20%。</color><color=#b00000>回合开始时，随机赋予我方3人刻印状态。</color>
与撃増加/刻印患いの穢詛	攻击提升/刻印患的秽咒
<color=#005C5E>味方が与えるダメージが<daeg_pow:1>%の確率で180%に増加。</color><color=#b00000>ウェーブ開始時、ランダムな味方3人に刻印を付与。</color>	<color=#005C5E>我方造成的伤害有<daeg_pow:1>%的概率提升至180%。</color><color=#b00000>回合开始时，随机赋予我方3人刻印状态。</color>
毒付与/刻印患いの穢詛	毒赋予/刻印患的秽咒
<color=#005C5E>ウェーブ開始時、ランダムな敵3体に毒を付与。</color><color=#b00000>ウェーブ開始時、ランダムな味方3人に刻印を付与。</color>	<color=#005C5E>回合开始时，随机赋予3名敌人中毒状态。</color><color=#b00000>回合开始时，随机赋予我方3人刻印状态。</color>
出血付与/刻印患いの穢詛	出血赋予/刻印患的秽咒
<color=#005C5E>ウェーブ開始時、ランダムな敵3体に出血を付与。</color><color=#b00000>ウェーブ開始時、ランダムな味方3人に刻印を付与。</color>	<color=#005C5E>回合开始时，随机赋予3名敌人出血状态。</color><color=#b00000>回合开始时，随机赋予我方3人刻印状态。</color>
刻印付与/刻印患いの穢詛	刻印赋予/刻印患的秽咒
<color=#005C5E>ウェーブ開始時、ランダムな敵3体に刻印を付与。</color><color=#b00000>ウェーブ開始時、ランダムな味方3人に刻印を付与。</color>	<color=#005C5E>回合开始时，随机赋予3名敌人刻印状态。</color><color=#b00000>回合开始时，随机赋予我方3人刻印状态。</color>
火傷付与/刻印患いの穢詛	灼伤赋予/刻印患的秽咒
<color=#005C5E>ウェーブ開始時、ランダムな敵3体に火傷を付与。</color><color=#b00000>ウェーブ開始時、ランダムな味方3人に刻印を付与。</color>	<color=#005C5E>回合开始时，随机赋予3名敌人灼伤状态。</color><color=#b00000>回合开始时，随机赋予我方3人刻印状态。</color>
感電付与/刻印患いの穢詛	感电赋予/刻印患的秽咒
<color=#005C5E>ウェーブ開始時、ランダムな敵3体に感電を付与。</color><color=#b00000>ウェーブ開始時、ランダムな味方3人に刻印を付与。</color>	<color=#005C5E>回合开始时，随机赋予3名敌人感电状态。</color><color=#b00000>回合开始时，随机赋予我方3人刻印状态。</color>
氷結付与/刻印患いの穢詛	冻结赋予/刻印患的秽咒
<color=#005C5E>ウェーブ開始時、ランダムな敵3体に氷結を付与。</color><color=#b00000>ウェーブ開始時、ランダムな味方3人に刻印を付与。</color>	<color=#005C5E>回合开始时，随机赋予3名敌人冻结状态。</color><color=#b00000>回合开始时，随机赋予我方3人刻印状态。</color>
攻撃強化/火傷患いの穢詛	攻击强化/灼伤患的秽咒
<color=#005C5E>味方全体の攻撃40％増加。</color><color=#b00000>ウェーブ開始時、ランダムな味方3人に火傷を付与。</color>	<color=#005C5E>我方全体攻击提升40%。</color><color=#b00000>回合开始时，随机赋予我方3人灼伤状态。</color>
魔力強化/火傷患いの穢詛	魔力强化/灼伤患的秽咒
<color=#005C5E>味方全体の魔力40％増加。</color><color=#b00000>ウェーブ開始時、ランダムな味方3人に火傷を付与。</color>	<color=#005C5E>我方全体魔力提升40%。</color><color=#b00000>回合开始时，随机赋予我方3人灼伤状态。</color>
会心強化/火傷患いの穢詛	会心强化/灼伤患的秽咒
<color=#005C5E>味方全体のクリティカル率40％増加。</color><color=#b00000>ウェーブ開始時、ランダムな味方3人に火傷を付与。</color>	<color=#005C5E>我方全体暴击率提升40%。</color><color=#b00000>回合开始时，随机赋予我方3人灼伤状态。</color>
命中強化/火傷患いの穢詛	命中强化/灼伤患的秽咒
<color=#005C5E>味方全体の命中率40％増加。</color><color=#b00000>ウェーブ開始時、ランダムな味方3人に火傷を付与。</color>	<color=#005C5E>我方全体命中率提升40%。</color><color=#b00000>回合开始时，随机赋予我方3人灼伤状态。</color>
反撃強化/火傷患いの穢詛	反击强化/灼伤患的秽咒
<color=#005C5E>味方全体の反撃率40％増加。</color><color=#b00000>ウェーブ開始時、ランダムな味方3人に火傷を付与。</color>	<color=#005C5E>我方全体反击率提升40%。</color><color=#b00000>回合开始时，随机赋予我方3人灼伤状态。</color>
連撃強化/火傷患いの穢詛	连击强化/灼伤患的秽咒
<color=#005C5E>味方全体の連撃率20％増加。</color><color=#b00000>ウェーブ開始時、ランダムな味方3人に火傷を付与。</color>	<color=#005C5E>我方全体连击率提升20%。</color><color=#b00000>回合开始时，随机赋予我方3人灼伤状态。</color>
与撃増加/火傷患いの穢詛	攻击提升/灼伤患的秽咒
<color=#005C5E>味方が与えるダメージが<daeg_pow:1>%の確率で180%に増加。</color><color=#b00000>ウェーブ開始時、ランダムな味方3人に火傷を付与。</color>	<color=#005C5E>我方造成的伤害有<daeg_pow:1>%的概率提升至180%。</color><color=#b00000>回合开始时，随机赋予我方3人灼伤状态。</color>
毒付与/火傷患いの穢詛	毒赋予/灼伤患的秽咒
<color=#005C5E>ウェーブ開始時、ランダムな敵3体に毒を付与。</color><color=#b00000>ウェーブ開始時、ランダムな味方3人に火傷を付与。</color>	<color=#005C5E>回合开始时，随机赋予3名敌人中毒状态。</color><color=#b00000>回合开始时，随机赋予我方3人灼伤状态。</color>
出血付与/火傷患いの穢詛	出血赋予/灼伤患的秽咒
<color=#005C5E>ウェーブ開始時、ランダムな敵3体に出血を付与。</color><color=#b00000>ウェーブ開始時、ランダムな味方3人に火傷を付与。</color>	<color=#005C5E>回合开始时，随机赋予3名敌人出血状态。</color><color=#b00000>回合开始时，随机赋予我方3人灼伤状态。</color>
刻印付与/火傷患いの穢詛	刻印赋予/灼伤患的秽咒
<color=#005C5E>ウェーブ開始時、ランダムな敵3体に刻印を付与。</color><color=#b00000>ウェーブ開始時、ランダムな味方3人に火傷を付与。</color>	<color=#005C5E>回合开始时，随机赋予3名敌人刻印状态。</color><color=#b00000>回合开始时，随机赋予我方3人灼伤状态。</color>
火傷付与/火傷患いの穢詛	灼伤赋予/灼伤患的秽咒
<color=#005C5E>ウェーブ開始時、ランダムな敵3体に火傷を付与。</color><color=#b00000>ウェーブ開始時、ランダムな味方3人に火傷を付与。</color>	<color=#005C5E>回合开始时，随机赋予3名敌人灼伤状态。</color><color=#b00000>回合开始时，随机赋予我方3人灼伤状态。</color>
感電付与/火傷患いの穢詛	感电赋予/灼伤患的秽咒
<color=#005C5E>ウェーブ開始時、ランダムな敵3体に感電を付与。</color><color=#b00000>ウェーブ開始時、ランダムな味方3人に火傷を付与。</color>	<color=#005C5E>回合开始时，随机赋予3名敌人感电状态。</color><color=#b00000>回合开始时，随机赋予我方3人灼伤状态。</color>
氷結付与/火傷患いの穢詛	冻结赋予/灼伤患的秽咒
<color=#005C5E>ウェーブ開始時、ランダムな敵3体に氷結を付与。</color><color=#b00000>ウェーブ開始時、ランダムな味方3人に火傷を付与。</color>	<color=#005C5E>回合开始时，随机赋予3名敌人冻结状态。</color><color=#b00000>回合开始时，随机赋予我方3人灼伤状态。</color>
攻撃強化/感電患いの穢詛	攻击强化/感电患的秽咒
<color=#005C5E>味方全体の攻撃40％増加。</color><color=#b00000>ウェーブ開始時、ランダムな味方3人に感電を付与。</color>	<color=#005C5E>我方全体攻击提升40%。</color><color=#b00000>回合开始时，随机赋予我方3人感电状态。</color>
魔力強化/感電患いの穢詛	魔力强化/感电患的秽咒
<color=#005C5E>味方全体の魔力40％増加。</color><color=#b00000>ウェーブ開始時、ランダムな味方3人に感電を付与。</color>	<color=#005C5E>我方全体魔力提升40%。</color><color=#b00000>回合开始时，随机赋予我方3人感电状态。</color>
会心強化/感電患いの穢詛	会心强化/感电患的秽咒
<color=#005C5E>味方全体のクリティカル率40％増加。</color><color=#b00000>ウェーブ開始時、ランダムな味方3人に感電を付与。</color>	<color=#005C5E>我方全体暴击率提升40%。</color><color=#b00000>回合开始时，随机赋予我方3人感电状态。</color>
命中強化/感電患いの穢詛	命中强化/感电患的秽咒
<color=#005C5E>味方全体の命中率40％増加。</color><color=#b00000>ウェーブ開始時、ランダムな味方3人に感電を付与。</color>	<color=#005C5E>我方全体命中率提升40%。</color><color=#b00000>回合开始时，随机赋予我方3人感电状态。</color>
反撃強化/感電患いの穢詛	反击强化/感电患的秽咒
<color=#005C5E>味方全体の反撃率40％増加。</color><color=#b00000>ウェーブ開始時、ランダムな味方3人に感電を付与。</color>	<color=#005C5E>我方全体反击率提升40%。</color><color=#b00000>回合开始时，随机赋予我方3人感电状态。</color>
連撃強化/感電患いの穢詛	连击强化/感电患的秽咒
<color=#005C5E>味方全体の連撃率20％増加。</color><color=#b00000>ウェーブ開始時、ランダムな味方3人に感電を付与。</color>	<color=#005C5E>我方全体连击率提升20%。</color><color=#b00000>回合开始时，随机赋予我方3人感电状态。</color>
与撃増加/感電患いの穢詛	攻击提升/感电患的秽咒
<color=#005C5E>味方が与えるダメージが<daeg_pow:1>%の確率で180%に増加。</color><color=#b00000>ウェーブ開始時、ランダムな味方3人に感電を付与。</color>	<color=#005C5E>我方造成的伤害有<daeg_pow:1>%的概率提升至180%。</color><color=#b00000>回合开始时，随机赋予我方3人感电状态。</color>
毒付与/感電患いの穢詛	毒赋予/感电患的秽咒
<color=#005C5E>ウェーブ開始時、ランダムな敵3体に毒を付与。</color><color=#b00000>ウェーブ開始時、ランダムな味方3人に感電を付与。</color>	<color=#005C5E>回合开始时，随机赋予3名敌人中毒状态。</color><color=#b00000>回合开始时，随机赋予我方3人感电状态。</color>
出血付与/感電患いの穢詛	出血赋予/感电患的秽咒
<color=#005C5E>ウェーブ開始時、ランダムな敵3体に出血を付与。</color><color=#b00000>ウェーブ開始時、ランダムな味方3人に感電を付与。</color>	<color=#005C5E>回合开始时，随机赋予3名敌人出血状态。</color><color=#b00000>回合开始时，随机赋予我方3人感电状态。</color>
刻印付与/感電患いの穢詛	刻印赋予/感电患的秽咒
<color=#005C5E>ウェーブ開始時、ランダムな敵3体に刻印を付与。</color><color=#b00000>ウェーブ開始時、ランダムな味方3人に感電を付与。</color>	<color=#005C5E>回合开始时，随机赋予3名敌人刻印状态。</color><color=#b00000>回合开始时，随机赋予我方3人感电状态。</color>
火傷付与/感電患いの穢詛	灼伤赋予/感电患的秽咒
<color=#005C5E>ウェーブ開始時、ランダムな敵3体に火傷を付与。</color><color=#b00000>ウェーブ開始時、ランダムな味方3人に感電を付与。</color>	<color=#005C5E>回合开始时，随机赋予3名敌人灼伤状态。</color><color=#b00000>回合开始时，随机赋予我方3人感电状态。</color>
感電付与/感電患いの穢詛	感电赋予/感电患的秽咒
<color=#005C5E>ウェーブ開始時、ランダムな敵3体に感電を付与。</color><color=#b00000>ウェーブ開始時、ランダムな味方3人に感電を付与。</color>	<color=#005C5E>回合开始时，随机赋予3名敌人感电状态。</color><color=#b00000>回合开始时，随机赋予我方3人感电状态。</color>
氷結付与/感電患いの穢詛	冻结赋予/感电患的秽咒
<color=#005C5E>ウェーブ開始時、ランダムな敵3体に氷結を付与。</color><color=#b00000>ウェーブ開始時、ランダムな味方3人に感電を付与。</color>	<color=#005C5E>回合开始时，随机赋予3名敌人冻结状态。</color><color=#b00000>回合开始时，随机赋予我方3人感电状态。</color>
攻撃強化/氷結患いの穢詛	攻击强化/冻结患的秽咒
<color=#005C5E>味方全体の攻撃40％増加。</color><color=#b00000>ウェーブ開始時、ランダムな味方3人に氷結を付与。</color>	<color=#005C5E>我方全体攻击提升40%。</color><color=#b00000>回合开始时，随机赋予我方3人冻结状态。</color>
魔力強化/氷結患いの穢詛	魔力强化/冻结患的秽咒
<color=#005C5E>味方全体の魔力40％増加。</color><color=#b00000>ウェーブ開始時、ランダムな味方3人に氷結を付与。</color>	<color=#005C5E>我方全体魔力提升40%。</color><color=#b00000>回合开始时，随机赋予我方3人冻结状态。</color>
会心強化/氷結患いの穢詛	会心强化/冻结患的秽咒
<color=#005C5E>味方全体のクリティカル率40％増加。</color><color=#b00000>ウェーブ開始時、ランダムな味方3人に氷結を付与。</color>	<color=#005C5E>我方全体暴击率提升40%。</color><color=#b00000>回合开始时，随机赋予我方3人冻结状态。</color>
命中強化/氷結患いの穢詛	命中强化/冻结患的秽咒
<color=#005C5E>味方全体の命中率40％増加。</color><color=#b00000>ウェーブ開始時、ランダムな味方3人に氷結を付与。</color>	<color=#005C5E>我方全体命中率提升40%。</color><color=#b00000>回合开始时，随机赋予我方3人冻结状态。</color>
反撃強化/氷結患いの穢詛	反击强化/冻结患的秽咒
<color=#005C5E>味方全体の反撃率40％増加。</color><color=#b00000>ウェーブ開始時、ランダムな味方3人に氷結を付与。</color>	<color=#005C5E>我方全体反击率提升40%。</color><color=#b00000>回合开始时，随机赋予我方3人冻结状态。</color>
連撃強化/氷結患いの穢詛	连击强化/冻结患的秽咒
<color=#005C5E>味方全体の連撃率20％増加。</color><color=#b00000>ウェーブ開始時、ランダムな味方3人に氷結を付与。</color>	<color=#005C5E>我方全体连击率提升20%。</color><color=#b00000>回合开始时，随机赋予我方3人冻结状态。</color>
与撃増加/氷結患いの穢詛	攻击提升/冻结患的秽咒
<color=#005C5E>味方が与えるダメージが<daeg_pow:1>%の確率で180%に増加。</color><color=#b00000>ウェーブ開始時、ランダムな味方3人に氷結を付与。</color>	<color=#005C5E>我方造成的伤害有<daeg_pow:1>%的概率提升至180%。</color><color=#b00000>回合开始时，随机赋予我方3人冻结状态。</color>
毒付与/氷結患いの穢詛	毒赋予/冻结患的秽咒
<color=#005C5E>ウェーブ開始時、ランダムな敵3体に毒を付与。</color><color=#b00000>ウェーブ開始時、ランダムな味方3人に氷結を付与。</color>	<color=#005C5E>回合开始时，随机赋予3名敌人中毒状态。</color><color=#b00000>回合开始时，随机赋予我方3人冻结状态。</color>
出血付与/氷結患いの穢詛	出血赋予/冻结患的秽咒
<color=#005C5E>ウェーブ開始時、ランダムな敵3体に出血を付与。</color><color=#b00000>ウェーブ開始時、ランダムな味方3人に氷結を付与。</color>	<color=#005C5E>回合开始时，随机赋予3名敌人出血状态。</color><color=#b00000>回合开始时，随机赋予我方3人冻结状态。</color>
刻印付与/氷結患いの穢詛	刻印赋予/冻结患的秽咒
<color=#005C5E>ウェーブ開始時、ランダムな敵3体に刻印を付与。</color><color=#b00000>ウェーブ開始時、ランダムな味方3人に氷結を付与。</color>	<color=#005C5E>回合开始时，随机赋予3名敌人刻印状态。</color><color=#b00000>回合开始时，随机赋予我方3人冻结状态。</color>
火傷付与/氷結患いの穢詛	灼伤赋予/冻结患的秽咒
<color=#005C5E>ウェーブ開始時、ランダムな敵3体に火傷を付与。</color><color=#b00000>ウェーブ開始時、ランダムな味方3人に氷結を付与。</color>	<color=#005C5E>回合开始时，随机赋予3名敌人灼伤状态。</color><color=#b00000>回合开始时，随机赋予我方3人冻结状态。</color>
感電付与/氷結患いの穢詛	感电赋予/冻结患的秽咒
<color=#005C5E>ウェーブ開始時、ランダムな敵3体に感電を付与。</color><color=#b00000>ウェーブ開始時、ランダムな味方3人に氷結を付与。</color>	<color=#005C5E>回合开始时，随机赋予3名敌人感电状态。</color><color=#b00000>回合开始时，随机赋予我方3人冻结状态。</color>
氷結付与/氷結患いの穢詛	冻结赋予/冻结患的秽咒
<color=#005C5E>ウェーブ開始時、ランダムな敵3体に氷結を付与。</color><color=#b00000>ウェーブ開始時、ランダムな味方3人に氷結を付与。</color>	<color=#005C5E>回合开始时，随机赋予3名敌人冻结状态。</color><color=#b00000>回合开始时，随机赋予我方3人冻结状态。</color>
与撃超越/癒限減少の穢詛	攻击超越/愈限减少的秽咒
<color=#005C5E>味方全体のダメージ上限50000増加。</color><color=#b00000>味方全体の回復上限40000減少。</color>	<color=#005C5E>我方全体伤害上限增加50000。</color><color=#b00000>我方全体回复上限减少40000。</color>
萌力加速/癒限減少の穢詛	萌力加速/愈限减少的秽咒
<color=#005C5E>味方全体の萌技ゲージ増加量100%増加。</color><color=#b00000>味方全体の回復上限40000減少。</color>	<color=#005C5E>我方全体萌技能量槽增加量提升100%。</color><color=#b00000>我方全体回复上限减少40000。</color>
再動短縮/癒限減少の穢詛	再动缩短/愈限减少的秽咒
<color=#005C5E>ターン開始時のCT減少量1増加。</color><color=#b00000>味方全体の回復上限40000減少。</color>	<color=#005C5E>回合开始时CT减少量增加1。</color><color=#b00000>我方全体回复上限减少40000。</color>
冥力増加/癒限減少の穢詛	冥力增加/愈限减少的秽咒
<color=#005C5E>バトル開始時のMP15増加。</color><color=#b00000>味方全体の回復上限40000減少。</color>	<color=#005C5E>战斗开始时MP增加15。</color><color=#b00000>我方全体回复上限减少40000。</color>
冥力加速/癒限減少の穢詛	冥力加速/愈限减少的秽咒
<color=#005C5E>ターン開始時のMP回復量2増加。</color><color=#b00000>味方全体の回復上限40000減少。</color>	<color=#005C5E>回合开始时MP回复量增加2。</color><color=#b00000>我方全体回复上限减少40000。</color>
効果増幅/癒限減少の穢詛	效果增幅/愈限减少的秽咒
<color=#005C5E>味方全体のバフ効果量50％増加。</color><color=#b00000>味方全体の回復上限40000減少。</color>	<color=#005C5E>我方全体的增益效果提升50%。</color><color=#b00000>我方全体回复上限减少40000。</color>
補助強化/癒限減少の穢詛	辅助强化/愈限减少的秽咒
<color=#005C5E>味方全体の補助効果によるパラメータ増加量50％増加。</color><color=#b00000>味方全体の回復上限40000減少。</color>	<color=#005C5E>我方全体通过辅助效果获得的属性提升量增加50%。</color><color=#b00000>我方全体回复上限减少40000。</color>
持続強化/癒限減少の穢詛	持续强化/愈限减少的秽咒
<color=#005C5E>味方全体の補助効果の持続ターン数2増加。</color><color=#b00000>味方全体の回復上限40000減少。</color>	<color=#005C5E>我方全体的辅助效果持续时间增加2。</color><color=#b00000>我方全体回复上限减少40000。</color>
弱体解除/癒限減少の穢詛	弱体解除/愈限减少的秽咒
<color=#005C5E>ウェーブ開始時、ランダムな味方2人のデバフを全て解除。</color><color=#b00000>味方全体の回復上限40000減少。</color>	<color=#005C5E>回合开始时，随机解除我方2人的所有减益效果。</color><color=#b00000>我方全体回复上限减少40000。</color>
気絶付与/癒限減少の穢詛	眩晕赋予/愈限减少的秽咒
<color=#005C5E>ウェーブ開始時、ランダムな敵2体にスタンを付与。</color><color=#b00000>味方全体の回復上限40000減少。</color>	<color=#005C5E>回合开始时，随机赋予2名敌人眩晕状态。</color><color=#b00000>我方全体回复上限减少40000。</color>
睡眠付与/癒限減少の穢詛	睡眠赋予/愈限减少的秽咒
<color=#005C5E>ウェーブ開始時、ランダムな敵2体に睡眠を付与。</color><color=#b00000>味方全体の回復上限40000減少。</color>	<color=#005C5E>回合开始时，随机赋予2名敌人睡眠状态。</color><color=#b00000>我方全体回复上限减少40000。</color>
忘却付与/癒限減少の穢詛	忘却赋予/愈限减少的秽咒
<color=#005C5E>ウェーブ開始時、ランダムな敵2体に忘却を付与。</color><color=#b00000>味方全体の回復上限40000減少。</color>	<color=#005C5E>回合开始时，随机赋予2名敌人遗忘状态。</color><color=#b00000>我方全体回复上限减少40000。</color>
鈍重付与/癒限減少の穢詛	迟钝赋予/愈限减少的秽咒
<color=#005C5E>ウェーブ開始時、ランダムな敵2体に鈍重を付与。</color><color=#b00000>味方全体の回復上限40000減少。</color>	<color=#005C5E>回合开始时，随机赋予2名敌人迟钝状态。</color><color=#b00000>我方全体回复上限减少40000。</color>
魅了付与/癒限減少の穢詛	魅惑赋予/愈限减少的秽咒
<color=#005C5E>ウェーブ開始時、ランダムな敵2体に魅了を付与。</color><color=#b00000>味方全体の回復上限40000減少。</color>	<color=#005C5E>回合开始时，随机赋予2名敌人魅惑状态。</color><color=#b00000>我方全体回复上限减少40000。</color>
遅滞付与/癒限減少の穢詛	迟滞赋予/愈限减少的秽咒
<color=#005C5E>ウェーブ開始時、ランダムな敵2体に遅滞を付与。</color><color=#b00000>味方全体の回復上限40000減少。</color>	<color=#005C5E>回合开始时，随机赋予2名敌人迟滞状态。</color><color=#b00000>我方全体回复上限减少40000。</color>
弱体付与/癒限減少の穢詛	弱体赋予/愈限减少的秽咒
<color=#005C5E>ウェーブ開始時、ランダムな敵2体に弱体を付与。</color><color=#b00000>味方全体の回復上限40000減少。</color>	<color=#005C5E>回合开始时，随机赋予2名敌人弱体状态。</color><color=#b00000>我方全体回复上限减少40000。</color>
支援攻撃/癒限減少の穢詛	支援攻击/愈限减少的秽咒
<color=#005C5E>ウェーブ開始時、敵全体に150000のダメージを与える。</color><color=#b00000>味方全体の回復上限40000減少。</color>	<color=#005C5E>回合开始时，对敌方全体造成150000伤害。</color><color=#b00000>我方全体回复上限减少40000。</color>
与撃超越/癒力減少の穢詛	攻击超越/愈力减少的秽咒
<color=#005C5E>味方全体のダメージ上限50000増加。</color><color=#b00000>味方全体の回復量40%減少。</color>	<color=#005C5E>我方全体伤害上限增加50000。</color><color=#b00000>我方全体回复量减少40%。</color>
萌力加速/癒力減少の穢詛	萌力加速/愈力减少的秽咒
<color=#005C5E>味方全体の萌技ゲージ増加量100%増加。</color><color=#b00000>味方全体の回復量40%減少。</color>	<color=#005C5E>我方全体萌技能量槽增加量提升100%。</color><color=#b00000>我方全体回复量减少40%。</color>
再動短縮/癒力減少の穢詛	再动缩短/愈力减少的秽咒
<color=#005C5E>ターン開始時のCT減少量1増加。</color><color=#b00000>味方全体の回復量40%減少。</color>	<color=#005C5E>回合开始时CT减少量增加1。</color><color=#b00000>我方全体回复量减少40%。</color>
冥力増加/癒力減少の穢詛	冥力增加/愈力减少的秽咒
<color=#005C5E>バトル開始時のMP15増加。</color><color=#b00000>味方全体の回復量40%減少。</color>	<color=#005C5E>战斗开始时MP增加15。</color><color=#b00000>我方全体回复量减少40%。</color>
冥力加速/癒力減少の穢詛	冥力加速/愈力减少的秽咒
<color=#005C5E>ターン開始時のMP回復量2増加。</color><color=#b00000>味方全体の回復量40%減少。</color>	<color=#005C5E>回合开始时MP回复量增加2。</color><color=#b00000>我方全体回复量减少40%。</color>
効果増幅/癒力減少の穢詛	效果增幅/愈力减少的秽咒
<color=#005C5E>味方全体のバフ効果量50％増加。</color><color=#b00000>味方全体の回復量40%減少。</color>	<color=#005C5E>我方全体的增益效果提升50%。</color><color=#b00000>我方全体回复量减少40%。</color>
補助強化/癒力減少の穢詛	辅助强化/愈力减少的秽咒
<color=#005C5E>味方全体の補助効果によるパラメータ増加量50％増加。</color><color=#b00000>味方全体の回復量40%減少。</color>	<color=#005C5E>我方全体通过辅助效果获得的属性提升量增加50%。</color><color=#b00000>我方全体回复量减少40%。</color>
持続強化/癒力減少の穢詛	持续强化/愈力减少的秽咒
<color=#005C5E>味方全体の補助効果の持続ターン数2増加。</color><color=#b00000>味方全体の回復量40%減少。</color>	<color=#005C5E>我方全体的辅助效果持续时间增加2。</color><color=#b00000>我方全体回复量减少40%。</color>
弱体解除/癒力減少の穢詛	弱体解除/愈力减少的秽咒
<color=#005C5E>ウェーブ開始時、ランダムな味方2人のデバフを全て解除。</color><color=#b00000>味方全体の回復量40%減少。</color>	<color=#005C5E>回合开始时，随机解除我方2人的所有减益效果。</color><color=#b00000>我方全体回复量减少40%。</color>
気絶付与/癒力減少の穢詛	眩晕赋予/愈力减少的秽咒
<color=#005C5E>ウェーブ開始時、ランダムな敵2体にスタンを付与。</color><color=#b00000>味方全体の回復量40%減少。</color>	<color=#005C5E>回合开始时，随机赋予2名敌人眩晕状态。</color><color=#b00000>我方全体回复量减少40%。</color>
睡眠付与/癒力減少の穢詛	睡眠赋予/愈力减少的秽咒
<color=#005C5E>ウェーブ開始時、ランダムな敵2体に睡眠を付与。</color><color=#b00000>味方全体の回復量40%減少。</color>	<color=#005C5E>回合开始时，随机赋予2名敌人睡眠状态。</color><color=#b00000>我方全体回复量减少40%。</color>
忘却付与/癒力減少の穢詛	忘却赋予/愈力减少的秽咒
<color=#005C5E>ウェーブ開始時、ランダムな敵2体に忘却を付与。</color><color=#b00000>味方全体の回復量40%減少。</color>	<color=#005C5E>回合开始时，随机赋予2名敌人遗忘状态。</color><color=#b00000>我方全体回复量减少40%。</color>
鈍重付与/癒力減少の穢詛	迟钝赋予/愈力减少的秽咒
<color=#005C5E>ウェーブ開始時、ランダムな敵2体に鈍重を付与。</color><color=#b00000>味方全体の回復量40%減少。</color>	<color=#005C5E>回合开始时，随机赋予2名敌人迟钝状态。</color><color=#b00000>我方全体回复量减少40%。</color>
魅了付与/癒力減少の穢詛	魅惑赋予/愈力减少的秽咒
<color=#005C5E>ウェーブ開始時、ランダムな敵2体に魅了を付与。</color><color=#b00000>味方全体の回復量40%減少。</color>	<color=#005C5E>回合开始时，随机赋予2名敌人魅惑状态。</color><color=#b00000>我方全体回复量减少40%。</color>
遅滞付与/癒力減少の穢詛	迟滞赋予/愈力减少的秽咒
<color=#005C5E>ウェーブ開始時、ランダムな敵2体に遅滞を付与。</color><color=#b00000>味方全体の回復量40%減少。</color>	<color=#005C5E>回合开始时，随机赋予2名敌人迟滞状态。</color><color=#b00000>我方全体回复量减少40%。</color>
弱体付与/癒力減少の穢詛	弱体赋予/愈力减少的秽咒
<color=#005C5E>ウェーブ開始時、ランダムな敵2体に弱体を付与。</color><color=#b00000>味方全体の回復量40%減少。</color>	<color=#005C5E>回合开始时，随机赋予2名敌人弱体状态。</color><color=#b00000>我方全体回复量减少40%。</color>
支援攻撃/癒力減少の穢詛	支援攻击/愈力减少的秽咒
<color=#005C5E>ウェーブ開始時、敵全体に150000のダメージを与える。</color><color=#b00000>味方全体の回復量40%減少。</color>	<color=#005C5E>回合开始时，对敌方全体造成150000伤害。</color><color=#b00000>我方全体回复量减少40%。</color>
与撃超越/抗力減少の穢詛	攻击超越/抗力减少的秽咒
<color=#005C5E>味方全体のダメージ上限50000増加。</color><color=#b00000>味方全体の全ての状態異常抵抗率減少。</color>	<color=#005C5E>我方全体伤害上限增加50000。</color><color=#b00000>我方全体对所有异常状态的抵抗率减少。</color>
萌力加速/抗力減少の穢詛	萌力加速/抗力减少的秽咒
<color=#005C5E>味方全体の萌技ゲージ増加量100%増加。</color><color=#b00000>味方全体の全ての状態異常抵抗率減少。</color>	<color=#005C5E>我方全体萌技能量槽增加量提升100%。</color><color=#b00000>我方全体对所有异常状态的抵抗率减少。</color>
再動短縮/抗力減少の穢詛	再动缩短/抗力减少的秽咒
<color=#005C5E>ターン開始時のCT減少量1増加。</color><color=#b00000>味方全体の全ての状態異常抵抗率減少。</color>	<color=#005C5E>回合开始时CT减少量增加1。</color><color=#b00000>我方全体对所有异常状态的抵抗率减少。</color>
冥力増加/抗力減少の穢詛	冥力增加/抗力减少的秽咒
<color=#005C5E>バトル開始時のMP15増加。</color><color=#b00000>味方全体の全ての状態異常抵抗率減少。</color>	<color=#005C5E>战斗开始时MP增加15。</color><color=#b00000>我方全体对所有异常状态的抵抗率减少。</color>
冥力加速/抗力減少の穢詛	冥力加速/抗力减少的秽咒
<color=#005C5E>ターン開始時のMP回復量2増加。</color><color=#b00000>味方全体の全ての状態異常抵抗率減少。</color>	<color=#005C5E>回合开始时MP回复量增加2。</color><color=#b00000>我方全体对所有异常状态的抵抗率减少。</color>
萌技強化/抗力減少の穢詛	萌技强化/抗力减少的秽咒
<color=#005C5E>味方全体の萌技威力3000強化。</color><color=#b00000>味方全体の全ての状態異常抵抗率減少。</color>	<color=#005C5E>我方全体萌技威力强化3000。</color><color=#b00000>我方全体对所有异常状态的抵抗率减少。</color>
特技強化/抗力減少の穢詛	特技强化/抗力减少的秽咒
<color=#005C5E>味方全体の通常攻撃以外のスキルの威力3000強化。</color><color=#b00000>味方全体の全ての状態異常抵抗率減少。</color>	<color=#005C5E>我方全体普通攻击以外的技能威力强化3000。</color><color=#b00000>我方全体对所有异常状态的抵抗率减少。</color>
効果増幅/抗力減少の穢詛	效果增幅/抗力减少的秽咒
<color=#005C5E>味方全体のバフ効果量50％増加。</color><color=#b00000>味方全体の全ての状態異常抵抗率減少。</color>	<color=#005C5E>我方全体的增益效果提升50%。</color><color=#b00000>我方全体对所有异常状态的抵抗率减少。</color>
補助強化/抗力減少の穢詛	辅助强化/抗力减少的秽咒
<color=#005C5E>味方全体の補助効果によるパラメータ増加量50％増加。</color><color=#b00000>味方全体の全ての状態異常抵抗率減少。</color>	<color=#005C5E>我方全体通过辅助效果获得的属性提升量增加50%。</color><color=#b00000>我方全体对所有异常状态的抵抗率减少。</color>
持続強化/抗力減少の穢詛	持续强化/抗力减少的秽咒
<color=#005C5E>味方全体の補助効果の持続ターン数2増加。</color><color=#b00000>味方全体の全ての状態異常抵抗率減少。</color>	<color=#005C5E>我方全体的辅助效果持续时间增加2。</color><color=#b00000>我方全体对所有异常状态的抵抗率减少。</color>
弱体解除/抗力減少の穢詛	弱体解除/抗力减少的秽咒
<color=#005C5E>ウェーブ開始時、ランダムな味方2人のデバフを全て解除。</color><color=#b00000>味方全体の全ての状態異常抵抗率減少。</color>	<color=#005C5E>回合开始时，随机解除我方2人的所有减益效果。</color><color=#b00000>我方全体对所有异常状态的抵抗率减少。</color>
気絶付与/抗力減少の穢詛	眩晕赋予/抗力减少的秽咒
<color=#005C5E>ウェーブ開始時、ランダムな敵2体にスタンを付与。</color><color=#b00000>味方全体の全ての状態異常抵抗率減少。</color>	<color=#005C5E>回合开始时，随机赋予2名敌人眩晕状态。</color><color=#b00000>我方全体对所有异常状态的抵抗率减少。</color>
睡眠付与/抗力減少の穢詛	睡眠赋予/抗力减少的秽咒
<color=#005C5E>ウェーブ開始時、ランダムな敵2体に睡眠を付与。</color><color=#b00000>味方全体の全ての状態異常抵抗率減少。</color>	<color=#005C5E>回合开始时，随机赋予2名敌人睡眠状态。</color><color=#b00000>我方全体对所有异常状态的抵抗率减少。</color>
忘却付与/抗力減少の穢詛	忘却赋予/抗力减少的秽咒
<color=#005C5E>ウェーブ開始時、ランダムな敵2体に忘却を付与。</color><color=#b00000>味方全体の全ての状態異常抵抗率減少。</color>	<color=#005C5E>回合开始时，随机赋予2名敌人遗忘状态。</color><color=#b00000>我方全体对所有异常状态的抵抗率减少。</color>
鈍重付与/抗力減少の穢詛	迟钝赋予/抗力减少的秽咒
<color=#005C5E>ウェーブ開始時、ランダムな敵2体に鈍重を付与。</color><color=#b00000>味方全体の全ての状態異常抵抗率減少。</color>	<color=#005C5E>回合开始时，随机赋予2名敌人迟钝状态。</color><color=#b00000>我方全体对所有异常状态的抵抗率减少。</color>
魅了付与/抗力減少の穢詛	魅惑赋予/抗力减少的秽咒
<color=#005C5E>ウェーブ開始時、ランダムな敵2体に魅了を付与。</color><color=#b00000>味方全体の全ての状態異常抵抗率減少。</color>	<color=#005C5E>回合开始时，随机赋予2名敌人魅惑状态。</color><color=#b00000>我方全体对所有异常状态的抵抗率减少。</color>
遅滞付与/抗力減少の穢詛	迟滞赋予/抗力减少的秽咒
<color=#005C5E>ウェーブ開始時、ランダムな敵2体に遅滞を付与。</color><color=#b00000>味方全体の全ての状態異常抵抗率減少。</color>	<color=#005C5E>回合开始时，随机赋予2名敌人迟滞状态。</color><color=#b00000>我方全体对所有异常状态的抵抗率减少。</color>
弱体付与/抗力減少の穢詛	弱体赋予/抗力减少的秽咒
<color=#005C5E>ウェーブ開始時、ランダムな敵2体に弱体を付与。</color><color=#b00000>味方全体の全ての状態異常抵抗率減少。</color>	<color=#005C5E>回合开始时，随机赋予2名敌人弱体状态。</color><color=#b00000>我方全体对所有异常状态的抵抗率减少。</color>
支援攻撃/抗力減少の穢詛	支援攻击/抗力减少的秽咒
<color=#005C5E>ウェーブ開始時、敵全体に150000のダメージを与える。</color><color=#b00000>味方全体の全ての状態異常抵抗率減少。</color>	<color=#005C5E>回合开始时，对敌方全体造成150000伤害。</color><color=#b00000>我方全体对所有异常状态的抵抗率减少。</color>
与撃超越/感応減少の穢詛	攻击超越/感应减少的秽咒
<color=#005C5E>味方全体のダメージ上限50000増加。</color><color=#b00000>味方全体の萌技ゲージ増加量50%減少。</color>	<color=#005C5E>我方全体伤害上限增加50000。</color><color=#b00000>我方全体萌技能量槽增加量减少50%。</color>
抵抗強化/感応減少の穢詛	抵抗强化/感应减少的秽咒
<color=#005C5E>味方全体の全ての状態異常抵抗率増加。</color><color=#b00000>味方全体の萌技ゲージ増加量50%減少。</color>	<color=#005C5E>我方全体对所有异常状态的抵抗率提升。</color><color=#b00000>我方全体萌技能量槽增加量减少50%。</color>
冥力増加/感応減少の穢詛	冥力增加/感应减少的秽咒
<color=#005C5E>バトル開始時のMP15増加。</color><color=#b00000>味方全体の萌技ゲージ増加量50%減少。</color>	<color=#005C5E>战斗开始时MP增加15。</color><color=#b00000>我方全体萌技能量槽增加量减少50%。</color>
冥力加速/感応減少の穢詛	冥力加速/感应减少的秽咒
<color=#005C5E>ターン開始時のMP回復量2増加。</color><color=#b00000>味方全体の萌技ゲージ増加量50%減少。</color>	<color=#005C5E>回合开始时MP回复量增加2。</color><color=#b00000>我方全体萌技能量槽增加量减少50%。</color>
効果増幅/感応減少の穢詛	效果增幅/感应减少的秽咒
<color=#005C5E>味方全体のバフ効果量50％増加。</color><color=#b00000>味方全体の萌技ゲージ増加量50%減少。</color>	<color=#005C5E>我方全体的增益效果提升50%。</color><color=#b00000>我方全体萌技能量槽增加量减少50%。</color>
補助強化/感応減少の穢詛	辅助强化/感应减少的秽咒
<color=#005C5E>味方全体の補助効果によるパラメータ増加量50％増加。</color><color=#b00000>味方全体の萌技ゲージ増加量50%減少。</color>	<color=#005C5E>我方全体通过辅助效果获得的属性提升量增加50%。</color><color=#b00000>我方全体萌技能量槽增加量减少50%。</color>
持続強化/感応減少の穢詛	持续强化/感应减少的秽咒
<color=#005C5E>味方全体の補助効果の持続ターン数2増加。</color><color=#b00000>味方全体の萌技ゲージ増加量50%減少。</color>	<color=#005C5E>我方全体的辅助效果持续时间增加2。</color><color=#b00000>我方全体萌技能量槽增加量减少50%。</color>
継続回復/感応減少の穢詛	持续回复/感应减少的秽咒
<color=#005C5E>ターン開始時、最もHPが少ない味方のHP30000回復。</color><color=#b00000>味方全体の萌技ゲージ増加量50%減少。</color>	<color=#005C5E>回合开始时，回复我方HP最低的成员30000 HP。</color><color=#b00000>我方全体萌技能量槽增加量减少50%。</color>
快癒/感応減少の穢詛	快愈/感应减少的秽咒
<color=#005C5E>ウェーブ開始時、ランダムな味方4人の状態異常を1つ解除。</color><color=#b00000>味方全体の萌技ゲージ増加量50%減少。</color>	<color=#005C5E>回合开始时，随机解除我方4人的1个异常状态。</color><color=#b00000>我方全体萌技能量槽增加量减少50%。</color>
弱体解除/感応減少の穢詛	弱体解除/感应减少的秽咒
<color=#005C5E>ウェーブ開始時、ランダムな味方2人のデバフを全て解除。</color><color=#b00000>味方全体の萌技ゲージ増加量50%減少。</color>	<color=#005C5E>回合开始时，随机解除我方2人的所有减益效果。</color><color=#b00000>我方全体萌技能量槽增加量减少50%。</color>
与撃超越/強化減少の穢詛	攻击超越/强化减少的秽咒
<color=#005C5E>味方全体のダメージ上限50000増加。</color><color=#b00000>味方全体のバフ効果量50%減少。</color>	<color=#005C5E>我方全体伤害上限增加50000。</color><color=#b00000>我方全体的增益效果减少50%。</color>
抵抗強化/強化減少の穢詛	抵抗强化/强化减少的秽咒
<color=#005C5E>味方全体の全ての状態異常抵抗率増加。</color><color=#b00000>味方全体のバフ効果量50%減少。</color>	<color=#005C5E>我方全体对所有异常状态的抵抗率提升。</color><color=#b00000>我方全体的增益效果减少50%。</color>
萌力加速/強化減少の穢詛	萌力加速/强化减少的秽咒
<color=#005C5E>味方全体の萌技ゲージ増加量100%増加。</color><color=#b00000>味方全体のバフ効果量50%減少。</color>	<color=#005C5E>我方全体萌技能量槽增加量提升100%。</color><color=#b00000>我方全体的增益效果减少50%。</color>
再動短縮/強化減少の穢詛	再动缩短/强化减少的秽咒
<color=#005C5E>ターン開始時のCT減少量1増加。</color><color=#b00000>味方全体のバフ効果量50%減少。</color>	<color=#005C5E>回合开始时CT减少量增加1。</color><color=#b00000>我方全体的增益效果减少50%。</color>
萌技強化/強化減少の穢詛	萌技强化/强化减少的秽咒
<color=#005C5E>味方全体の萌技威力3000強化。</color><color=#b00000>味方全体のバフ効果量50%減少。</color>	<color=#005C5E>我方全体萌技威力强化3000。</color><color=#b00000>我方全体的增益效果减少50%。</color>
特技強化/強化減少の穢詛	特技强化/强化减少的秽咒
<color=#005C5E>味方全体の通常攻撃以外のスキルの威力3000強化。</color><color=#b00000>味方全体のバフ効果量50%減少。</color>	<color=#005C5E>我方全体普通攻击以外的技能威力强化3000。</color><color=#b00000>我方全体的增益效果减少50%。</color>
継続回復/強化減少の穢詛	持续回复/强化减少的秽咒
<color=#005C5E>ターン開始時、最もHPが少ない味方のHP30000回復。</color><color=#b00000>味方全体のバフ効果量50%減少。</color>	<color=#005C5E>回合开始时，回复我方HP最低的成员30000 HP。</color><color=#b00000>我方全体的增益效果减少50%。</color>
快癒/強化減少の穢詛	快愈/强化减少的秽咒
<color=#005C5E>ウェーブ開始時、ランダムな味方2人の状態異常を1つ解除。</color><color=#b00000>味方全体のバフ効果量50%減少。</color>	<color=#005C5E>回合开始时，随机解除我方2人的1个异常状态。</color><color=#b00000>我方全体的增益效果减少50%。</color>
気絶付与/強化減少の穢詛	眩晕赋予/强化减少的秽咒
<color=#005C5E>ウェーブ開始時、ランダムな敵2体にスタンを付与。</color><color=#b00000>味方全体のバフ効果量50%減少。</color>	<color=#005C5E>回合开始时，随机赋予2名敌人眩晕状态。</color><color=#b00000>我方全体的增益效果减少50%。</color>
睡眠付与/強化減少の穢詛	睡眠赋予/强化减少的秽咒
<color=#005C5E>ウェーブ開始時、ランダムな敵2体に睡眠を付与。</color><color=#b00000>味方全体のバフ効果量50%減少。</color>	<color=#005C5E>回合开始时，随机赋予2名敌人睡眠状态。</color><color=#b00000>我方全体的增益效果减少50%。</color>
忘却付与/強化減少の穢詛	忘却赋予/强化减少的秽咒
<color=#005C5E>ウェーブ開始時、ランダムな敵2体に忘却を付与。</color><color=#b00000>味方全体のバフ効果量50%減少。</color>	<color=#005C5E>回合开始时，随机赋予2名敌人遗忘状态。</color><color=#b00000>我方全体的增益效果减少50%。</color>
鈍重付与/強化減少の穢詛	迟钝赋予/强化减少的秽咒
<color=#005C5E>ウェーブ開始時、ランダムな敵2体に鈍重を付与。</color><color=#b00000>味方全体のバフ効果量50%減少。</color>	<color=#005C5E>回合开始时，随机赋予2名敌人迟钝状态。</color><color=#b00000>我方全体的增益效果减少50%。</color>
魅了付与/強化減少の穢詛	魅惑赋予/强化减少的秽咒
<color=#005C5E>ウェーブ開始時、ランダムな敵2体に魅了を付与。</color><color=#b00000>味方全体のバフ効果量50%減少。</color>	<color=#005C5E>回合开始时，随机赋予2名敌人魅惑状态。</color><color=#b00000>我方全体的增益效果减少50%。</color>
遅滞付与/強化減少の穢詛	迟滞赋予/强化减少的秽咒
<color=#005C5E>ウェーブ開始時、ランダムな敵2体に遅滞を付与。</color><color=#b00000>味方全体のバフ効果量50%減少。</color>	<color=#005C5E>回合开始时，随机赋予2名敌人迟滞状态。</color><color=#b00000>我方全体的增益效果减少50%。</color>
弱体付与/強化減少の穢詛	弱体赋予/强化减少的秽咒
<color=#005C5E>ウェーブ開始時、ランダムな敵2体に弱体を付与。</color><color=#b00000>味方全体のバフ効果量50%減少。</color>	<color=#005C5E>回合开始时，随机赋予2名敌人弱体状态。</color><color=#b00000>我方全体的增益效果减少50%。</color>
支援攻撃/強化減少の穢詛	支援攻击/强化减少的秽咒
<color=#005C5E>ウェーブ開始時、敵全体に150000のダメージを与える。</color><color=#b00000>味方全体のバフ効果量50%減少。</color>	<color=#005C5E>回合开始时，对敌方全体造成150000伤害。</color><color=#b00000>我方全体的增益效果减少50%。</color>
与撃超越/補助減少の穢詛	攻击超越/辅助减少的秽咒
<color=#005C5E>味方全体のダメージ上限50000増加。</color><color=#b00000>味方全体の補助効果によるパラメータ増加量50%減少。</color>	<color=#005C5E>我方全体伤害上限增加50000。</color><color=#b00000>我方全体通过辅助效果获得的属性提升量减少50%。</color>
抵抗強化/補助減少の穢詛	抵抗强化/辅助减少的秽咒
<color=#005C5E>味方全体の全ての状態異常抵抗率増加。</color><color=#b00000>味方全体の補助効果によるパラメータ増加量50%減少。</color>	<color=#005C5E>我方全体对所有异常状态的抵抗率提升。</color><color=#b00000>我方全体通过辅助效果获得的属性提升量减少50%。</color>
萌力加速/補助減少の穢詛	萌力加速/辅助减少的秽咒
<color=#005C5E>味方全体の萌技ゲージ増加量100%増加。</color><color=#b00000>味方全体の補助効果によるパラメータ増加量50%減少。</color>	<color=#005C5E>我方全体萌技能量槽增加量提升100%。</color><color=#b00000>我方全体通过辅助效果获得的属性提升量减少50%。</color>
再動短縮/補助減少の穢詛	再动缩短/辅助减少的秽咒
<color=#005C5E>ターン開始時のCT減少量1増加。</color><color=#b00000>味方全体の補助効果によるパラメータ増加量50%減少。</color>	<color=#005C5E>回合开始时CT减少量增加1。</color><color=#b00000>我方全体通过辅助效果获得的属性提升量减少50%。</color>
萌技強化/補助減少の穢詛	萌技强化/辅助减少的秽咒
<color=#005C5E>味方全体の萌技威力3000強化。</color><color=#b00000>味方全体の補助効果によるパラメータ増加量50%減少。</color>	<color=#005C5E>我方全体萌技威力强化3000。</color><color=#b00000>我方全体通过辅助效果获得的属性提升量减少50%。</color>
特技強化/補助減少の穢詛	特技强化/辅助减少的秽咒
<color=#005C5E>味方全体の通常攻撃以外のスキルの威力3000強化。</color><color=#b00000>味方全体の補助効果によるパラメータ増加量50%減少。</color>	<color=#005C5E>我方全体普通攻击以外的技能威力强化3000。</color><color=#b00000>我方全体通过辅助效果获得的属性提升量减少50%。</color>
継続回復/補助減少の穢詛	持续回复/辅助减少的秽咒
<color=#005C5E>ターン開始時、最もHPが少ない味方のHP30000回復。</color><color=#b00000>味方全体の補助効果によるパラメータ増加量50%減少。</color>	<color=#005C5E>回合开始时，回复我方HP最低的成员30000 HP。</color><color=#b00000>我方全体通过辅助效果获得的属性提升量减少50%。</color>
快癒/補助減少の穢詛	快愈/辅助减少的秽咒
<color=#005C5E>ウェーブ開始時、ランダムな味方2人の状態異常を1つ解除。</color><color=#b00000>味方全体の補助効果によるパラメータ増加量50%減少。</color>	<color=#005C5E>回合开始时，随机解除我方2人的1个异常状态。</color><color=#b00000>我方全体通过辅助效果获得的属性提升量减少50%。</color>
気絶付与/補助減少の穢詛	眩晕赋予/辅助减少的秽咒
<color=#005C5E>ウェーブ開始時、ランダムな敵2体にスタンを付与。</color><color=#b00000>味方全体の補助効果によるパラメータ増加量50%減少。</color>	<color=#005C5E>回合开始时，随机赋予2名敌人眩晕状态。</color><color=#b00000>我方全体通过辅助效果获得的属性提升量减少50%。</color>
睡眠付与/補助減少の穢詛	睡眠赋予/辅助减少的秽咒
<color=#005C5E>ウェーブ開始時、ランダムな敵2体に睡眠を付与。</color><color=#b00000>味方全体の補助効果によるパラメータ増加量50%減少。</color>	<color=#005C5E>回合开始时，随机赋予2名敌人睡眠状态。</color><color=#b00000>我方全体通过辅助效果获得的属性提升量减少50%。</color>
忘却付与/補助減少の穢詛	忘却赋予/辅助减少的秽咒
<color=#005C5E>ウェーブ開始時、ランダムな敵2体に忘却を付与。</color><color=#b00000>味方全体の補助効果によるパラメータ増加量50%減少。</color>	<color=#005C5E>回合开始时，随机赋予2名敌人遗忘状态。</color><color=#b00000>我方全体通过辅助效果获得的属性提升量减少50%。</color>
鈍重付与/補助減少の穢詛	迟钝赋予/辅助减少的秽咒
<color=#005C5E>ウェーブ開始時、ランダムな敵2体に鈍重を付与。</color><color=#b00000>味方全体の補助効果によるパラメータ増加量50%減少。</color>	<color=#005C5E>回合开始时，随机赋予2名敌人迟钝状态。</color><color=#b00000>我方全体通过辅助效果获得的属性提升量减少50%。</color>
魅了付与/補助減少の穢詛	魅惑赋予/辅助减少的秽咒
<color=#005C5E>ウェーブ開始時、ランダムな敵2体に魅了を付与。</color><color=#b00000>味方全体の補助効果によるパラメータ増加量50%減少。</color>	<color=#005C5E>回合开始时，随机赋予2名敌人魅惑状态。</color><color=#b00000>我方全体通过辅助效果获得的属性提升量减少50%。</color>
遅滞付与/補助減少の穢詛	迟滞赋予/辅助减少的秽咒
<color=#005C5E>ウェーブ開始時、ランダムな敵2体に遅滞を付与。</color><color=#b00000>味方全体の補助効果によるパラメータ増加量50%減少。</color>	<color=#005C5E>回合开始时，随机赋予2名敌人迟滞状态。</color><color=#b00000>我方全体通过辅助效果获得的属性提升量减少50%。</color>
弱体付与/補助減少の穢詛	弱体赋予/辅助减少的秽咒
<color=#005C5E>ウェーブ開始時、ランダムな敵2体に弱体を付与。</color><color=#b00000>味方全体の補助効果によるパラメータ増加量50%減少。</color>	<color=#005C5E>回合开始时，随机赋予2名敌人弱体状态。</color><color=#b00000>我方全体通过辅助效果获得的属性提升量减少50%。</color>
支援攻撃/補助減少の穢詛	支援攻击/辅助减少的秽咒
<color=#005C5E>ウェーブ開始時、敵全体に150000のダメージを与える。</color><color=#b00000>味方全体の補助効果によるパラメータ増加量50%減少。</color>	<color=#005C5E>回合开始时，对敌方全体造成150000伤害。</color><color=#b00000>我方全体通过辅助效果获得的属性提升量减少50%。</color>
与撃超越/不調増加の穢詛	攻击超越/不调增加的秽咒
<color=#005C5E>味方全体のダメージ上限50000増加。</color><color=#b00000>味方全体が受けるデバフ効果量50％増加。</color>	<color=#005C5E>我方全体伤害上限增加50000。</color><color=#b00000>我方全体受到的减益效果增加50%。</color>
抵抗強化/不調増加の穢詛	抵抗强化/不调增加的秽咒
<color=#005C5E>味方全体の全ての状態異常抵抗率増加。</color><color=#b00000>味方全体が受けるデバフ効果量50％増加。</color>	<color=#005C5E>我方全体对所有异常状态的抵抗率提升。</color><color=#b00000>我方全体受到的减益效果增加50%。</color>
萌力加速/不調増加の穢詛	萌力加速/不调增加的秽咒
<color=#005C5E>味方全体の萌技ゲージ増加量100%増加。</color><color=#b00000>味方全体が受けるデバフ効果量50％増加。</color>	<color=#005C5E>我方全体萌技能量槽增加量提升100%。</color><color=#b00000>我方全体受到的减益效果增加50%。</color>
再動短縮/不調増加の穢詛	再动缩短/不调增加的秽咒
<color=#005C5E>ターン開始時のCT減少量1増加。</color><color=#b00000>味方全体が受けるデバフ効果量50％増加。</color>	<color=#005C5E>回合开始时CT减少量增加1。</color><color=#b00000>我方全体受到的减益效果增加50%。</color>
萌技強化/不調増加の穢詛	萌技强化/不调增加的秽咒
<color=#005C5E>味方全体の萌技威力3000強化。</color><color=#b00000>味方全体が受けるデバフ効果量50％増加。</color>	<color=#005C5E>我方全体萌技威力强化3000。</color><color=#b00000>我方全体受到的减益效果增加50%。</color>
特技強化/不調増加の穢詛	特技强化/不调增加的秽咒
<color=#005C5E>味方全体の通常攻撃以外のスキルの威力3000強化。</color><color=#b00000>味方全体が受けるデバフ効果量50％増加。</color>	<color=#005C5E>我方全体普通攻击以外的技能威力强化3000。</color><color=#b00000>我方全体受到的减益效果增加50%。</color>
継続回復/不調増加の穢詛	持续回复/不调增加的秽咒
<color=#005C5E>ターン開始時、最もHPが少ない味方のHP30000回復。</color><color=#b00000>味方全体が受けるデバフ効果量50％増加。</color>	<color=#005C5E>回合开始时，回复我方HP最低的成员30000 HP。</color><color=#b00000>我方全体受到的减益效果增加50%。</color>
快癒/不調増加の穢詛	快愈/不调增加的秽咒
<color=#005C5E>ウェーブ開始時、ランダムな味方2人の状態異常を1つ解除。</color><color=#b00000>味方全体が受けるデバフ効果量50％増加。</color>	<color=#005C5E>回合开始时，随机解除我方2人的1个异常状态。</color><color=#b00000>我方全体受到的减益效果增加50%。</color>
気絶付与/不調増加の穢詛	眩晕赋予/不调增加的秽咒
<color=#005C5E>ウェーブ開始時、ランダムな敵2体にスタンを付与。</color><color=#b00000>味方全体が受けるデバフ効果量50％増加。</color>	<color=#005C5E>回合开始时，随机赋予2名敌人眩晕状态。</color><color=#b00000>我方全体受到的减益效果增加50%。</color>
睡眠付与/不調増加の穢詛	睡眠赋予/不调增加的秽咒
<color=#005C5E>ウェーブ開始時、ランダムな敵2体に睡眠を付与。</color><color=#b00000>味方全体が受けるデバフ効果量50％増加。</color>	<color=#005C5E>回合开始时，随机赋予2名敌人睡眠状态。</color><color=#b00000>我方全体受到的减益效果增加50%。</color>
忘却付与/不調増加の穢詛	忘却赋予/不调增加的秽咒
<color=#005C5E>ウェーブ開始時、ランダムな敵2体に忘却を付与。</color><color=#b00000>味方全体が受けるデバフ効果量50％増加。</color>	<color=#005C5E>回合开始时，随机赋予2名敌人遗忘状态。</color><color=#b00000>我方全体受到的减益效果增加50%。</color>
鈍重付与/不調増加の穢詛	迟钝赋予/不调增加的秽咒
<color=#005C5E>ウェーブ開始時、ランダムな敵2体に鈍重を付与。</color><color=#b00000>味方全体が受けるデバフ効果量50％増加。</color>	<color=#005C5E>回合开始时，随机赋予2名敌人迟钝状态。</color><color=#b00000>我方全体受到的减益效果增加50%。</color>
魅了付与/不調増加の穢詛	魅惑赋予/不调增加的秽咒
<color=#005C5E>ウェーブ開始時、ランダムな敵2体に魅了を付与。</color><color=#b00000>味方全体が受けるデバフ効果量50％増加。</color>	<color=#005C5E>回合开始时，随机赋予2名敌人魅惑状态。</color><color=#b00000>我方全体受到的减益效果增加50%。</color>
遅滞付与/不調増加の穢詛	迟滞赋予/不调增加的秽咒
<color=#005C5E>ウェーブ開始時、ランダムな敵2体に遅滞を付与。</color><color=#b00000>味方全体が受けるデバフ効果量50％増加。</color>	<color=#005C5E>回合开始时，随机赋予2名敌人迟滞状态。</color><color=#b00000>我方全体受到的减益效果增加50%。</color>
弱体付与/不調増加の穢詛	弱体赋予/不调增加的秽咒
<color=#005C5E>ウェーブ開始時、ランダムな敵2体に弱体を付与。</color><color=#b00000>味方全体が受けるデバフ効果量50％増加。</color>	<color=#005C5E>回合开始时，随机赋予2名敌人弱体状态。</color><color=#b00000>我方全体受到的减益效果增加50%。</color>
支援攻撃/不調増加の穢詛	支援攻击/不调增加的秽咒
<color=#005C5E>ウェーブ開始時、敵全体に150000のダメージを与える。</color><color=#b00000>味方全体が受けるデバフ効果量50％増加。</color>	<color=#005C5E>回合开始时，对敌方全体造成150000伤害。</color><color=#b00000>我方全体受到的减益效果增加50%。</color>
与撃超越/異常耐性の穢詛	攻击超越/异常耐性的秽咒
<color=#005C5E>味方全体のダメージ上限50000増加。</color><color=#b00000>敵全体が受ける状態異常の持続ターン数2減少。</color>	<color=#005C5E>我方全体伤害上限增加50000。</color><color=#b00000>敌方全体受到的异常状态持续时间减少2。</color>
抵抗強化/異常耐性の穢詛	抵抗强化/异常耐性的秽咒
<color=#005C5E>味方全体の全ての状態異常抵抗率増加。</color><color=#b00000>敵全体が受ける状態異常の持続ターン数2減少。</color>	<color=#005C5E>我方全体对所有异常状态的抵抗率提升。</color><color=#b00000>敌方全体受到的异常状态持续时间减少2。</color>
効果増幅/異常耐性の穢詛	效果增幅/异常耐性的秽咒
<color=#005C5E>味方全体のバフ効果量50％増加。</color><color=#b00000>敵全体が受ける状態異常の持続ターン数2減少。</color>	<color=#005C5E>我方全体的增益效果提升50%。</color><color=#b00000>敌方全体受到的异常状态持续时间减少2。</color>
補助強化/異常耐性の穢詛	辅助强化/异常耐性的秽咒
<color=#005C5E>味方全体の補助効果によるパラメータ増加量50％増加。</color><color=#b00000>敵全体が受ける状態異常の持続ターン数2減少。</color>	<color=#005C5E>我方全体通过辅助效果获得的属性提升量增加50%。</color><color=#b00000>敌方全体受到的异常状态持续时间减少2。</color>
持続強化/異常耐性の穢詛	持续强化/异常耐性的秽咒
<color=#005C5E>味方全体の補助効果の持続ターン2増加。</color><color=#b00000>敵全体が受ける状態異常の持続ターン数2減少。</color>	<color=#005C5E>我方全体的辅助效果持续时间增加2。</color><color=#b00000>敌方全体受到的异常状态持续时间减少2。</color>
冥力増加/異常耐性の穢詛	冥力增加/异常耐性的秽咒
<color=#005C5E>バトル開始時のMP15増加。</color><color=#b00000>敵全体が受ける状態異常の持続ターン数2減少。</color>	<color=#005C5E>战斗开始时MP增加15。</color><color=#b00000>敌方全体受到的异常状态持续时间减少2。</color>
冥力加速/異常耐性の穢詛	冥力加速/异常耐性的秽咒
<color=#005C5E>ターン開始時のMP回復量2増加。</color><color=#b00000>敵全体が受ける状態異常の持続ターン数2減少。</color>	<color=#005C5E>回合开始时MP回复量增加2。</color><color=#b00000>敌方全体受到的异常状态持续时间减少2。</color>
継続回復/異常耐性の穢詛	持续回复/异常耐性的秽咒
<color=#005C5E>ターン開始時、最もHPが少ない味方のHP30000回復。</color><color=#b00000>敵全体が受ける状態異常の持続ターン数2減少。</color>	<color=#005C5E>回合开始时，回复我方HP最低的成员30000 HP。</color><color=#b00000>敌方全体受到的异常状态持续时间减少2。</color>
快癒/異常耐性の穢詛	快愈/异常耐性的秽咒
<color=#005C5E>ウェーブ開始時、ランダムな味方2人の状態異常を1つ解除。</color><color=#b00000>敵全体が受ける状態異常の持続ターン数2減少。</color>	<color=#005C5E>回合开始时，随机解除我方2人的1个异常状态。</color><color=#b00000>敌方全体受到的异常状态持续时间减少2。</color>
弱体解除/異常耐性の穢詛	弱体解除/异常耐性的秽咒
<color=#005C5E>ウェーブ開始時、ランダムな味方2人のデバフを全て解除。</color><color=#b00000>敵全体が受ける状態異常の持続ターン数2減少。</color>	<color=#005C5E>回合开始时，随机解除我方2人的所有减益效果。</color><color=#b00000>敌方全体受到的异常状态持续时间减少2。</color>
与撃超越/弱体耐性の穢詛	攻击超越/弱体耐性的秽咒
<color=#005C5E>味方全体のダメージ上限50000増加。</color><color=#b00000>敵全体が受けるデバフ効果量50％減少。</color>	<color=#005C5E>我方全体伤害上限增加50000。</color><color=#b00000>敌方全体受到的减益效果减少50%。</color>
抵抗強化/弱体耐性の穢詛	抵抗强化/弱体耐性的秽咒
<color=#005C5E>味方全体の全ての状態異常抵抗率増加。</color><color=#b00000>敵全体が受けるデバフ効果量50％減少。</color>	<color=#005C5E>我方全体对所有异常状态的抵抗率提升。</color><color=#b00000>敌方全体受到的减益效果减少50%。</color>
補助強化/弱体耐性の穢詛	辅助强化/弱体耐性的秽咒
<color=#005C5E>味方全体の補助効果によるパラメータ増加量50％増加。</color><color=#b00000>敵全体が受けるデバフ効果量50％減少。</color>	<color=#005C5E>我方全体通过辅助效果获得的属性提升量增加50%。</color><color=#b00000>敌方全体受到的减益效果减少50%。</color>
持続強化/弱体耐性の穢詛	持续强化/弱体耐性的秽咒
<color=#005C5E>味方全体の補助効果の持続ターン数2増加。</color><color=#b00000>敵全体が受けるデバフ効果量50％減少。</color>	<color=#005C5E>我方全体的辅助效果持续时间增加2。</color><color=#b00000>敌方全体受到的减益效果减少50%。</color>
冥力増加/弱体耐性の穢詛	冥力增加/弱体耐性的秽咒
<color=#005C5E>バトル開始時のMP15増加。</color><color=#b00000>敵全体が受けるデバフ効果量50％減少。</color>	<color=#005C5E>战斗开始时MP增加15。</color><color=#b00000>敌方全体受到的减益效果减少50%。</color>
冥力加速/弱体耐性の穢詛	冥力加速/弱体耐性的秽咒
<color=#005C5E>ターン開始時のMP回復量2増加。</color><color=#b00000>敵全体が受けるデバフ効果量50％減少。</color>	<color=#005C5E>回合开始时MP回复量增加2。</color><color=#b00000>敌方全体受到的减益效果减少50%。</color>
継続回復/弱体耐性の穢詛	持续回复/弱体耐性的秽咒
<color=#005C5E>ターン開始時、最もHPが少ない味方のHP30000回復。</color><color=#b00000>敵全体が受けるデバフ効果量50％減少。</color>	<color=#005C5E>回合开始时，回复我方HP最低的成员30000 HP。</color><color=#b00000>敌方全体受到的减益效果减少50%。</color>
快癒/弱体耐性の穢詛	快愈/弱体耐性的秽咒
<color=#005C5E>ウェーブ開始時、ランダムな味方2人の状態異常を1つ解除。</color><color=#b00000>敵全体が受けるデバフ効果量50％減少。</color>	<color=#005C5E>回合开始时，随机解除我方2人的1个异常状态。</color><color=#b00000>敌方全体受到的减益效果减少50%。</color>
弱体解除/弱体耐性の穢詛	弱体解除/弱体耐性的秽咒
<color=#005C5E>ウェーブ開始時、ランダムな味方2人のデバフを全て解除。</color><color=#b00000>敵全体が受けるデバフ効果量50％減少。</color>	<color=#005C5E>回合开始时，随机解除我方2人的所有减益效果。</color><color=#b00000>敌方全体受到的减益效果减少50%。</color>
与撃超越/必殺禍剰の穢詛	攻击超越/必杀祸剩的秽咒
<color=#005C5E>味方全体のダメージ上限50000増加。</color><color=#b00000>敵全体の必殺技ゲージ増加量2増加。</color>	<color=#005C5E>我方全体伤害上限增加50000。</color><color=#b00000>敌方全体必杀技能量槽增加量增加2。</color>
抵抗強化/必殺禍剰の穢詛	抵抗强化/必杀祸剩的秽咒
<color=#005C5E>味方全体の全ての状態異常抵抗率増加。</color><color=#b00000>敵全体の必殺技ゲージ増加量2増加。</color>	<color=#005C5E>我方全体对所有异常状态的抵抗率提升。</color><color=#b00000>敌方全体必杀技能量槽增加量增加2。</color>
萌力加速/必殺禍剰の穢詛	萌力加速/必杀祸剩的秽咒
<color=#005C5E>味方全体の萌技ゲージ増加量100%増加。</color><color=#b00000>敵全体の必殺技ゲージ増加量2増加。</color>	<color=#005C5E>我方全体萌技能量槽增加量提升100%。</color><color=#b00000>敌方全体必杀技能量槽增加量增加2。</color>
再動短縮/必殺禍剰の穢詛	再动缩短/必杀祸剩的秽咒
<color=#005C5E>ターン開始時のCT減少量1増加。</color><color=#b00000>敵全体の必殺技ゲージ増加量2増加。</color>	<color=#005C5E>回合开始时CT减少量增加1。</color><color=#b00000>敌方全体必杀技能量槽增加量增加2。</color>
萌技強化/必殺禍剰の穢詛	萌技强化/必杀祸剩的秽咒
<color=#005C5E>味方全体の萌技威力3000強化。</color><color=#b00000>敵全体の必殺技ゲージ増加量2増加。</color>	<color=#005C5E>我方全体萌技威力强化3000。</color><color=#b00000>敌方全体必杀技能量槽增加量增加2。</color>
特技強化/必殺禍剰の穢詛	特技强化/必杀祸剩的秽咒
<color=#005C5E>味方全体の通常攻撃以外のスキルの威力3000強化。</color><color=#b00000>敵全体の必殺技ゲージ増加量2増加。</color>	<color=#005C5E>我方全体普通攻击以外的技能威力强化3000。</color><color=#b00000>敌方全体必杀技能量槽增加量增加2。</color>
効果増幅/必殺禍剰の穢詛	效果增幅/必杀祸剩的秽咒
<color=#005C5E>味方全体のバフ効果量50％増加。</color><color=#b00000>敵全体の必殺技ゲージ増加量2増加。</color>	<color=#005C5E>我方全体的增益效果提升50%。</color><color=#b00000>敌方全体必杀技能量槽增加量增加2。</color>
補助強化/必殺禍剰の穢詛	辅助强化/必杀祸剩的秽咒
<color=#005C5E>味方全体の補助効果によるパラメータ増加量50％増加。</color><color=#b00000>敵全体の必殺技ゲージ増加量2増加。</color>	<color=#005C5E>我方全体通过辅助效果获得的属性提升量增加50%。</color><color=#b00000>敌方全体必杀技能量槽增加量增加2。</color>
持続強化/必殺禍剰の穢詛	持续强化/必杀祸剩的秽咒
<color=#005C5E>味方全体の補助効果の持続ターン数2増加。</color><color=#b00000>敵全体の必殺技ゲージ増加量2増加。</color>	<color=#005C5E>我方全体的辅助效果持续时间增加2。</color><color=#b00000>敌方全体必杀技能量槽增加量增加2。</color>
冥力増加/必殺禍剰の穢詛	冥力增加/必杀祸剩的秽咒
<color=#005C5E>バトル開始時のMP15増加。</color><color=#b00000>敵全体の必殺技ゲージ増加量2増加。</color>	<color=#005C5E>战斗开始时MP增加15。</color><color=#b00000>敌方全体必杀技能量槽增加量增加2。</color>
冥力加速/必殺禍剰の穢詛	冥力加速/必杀祸剩的秽咒
<color=#005C5E>ターン開始時のMP回復量2増加。</color><color=#b00000>敵全体の必殺技ゲージ増加量2増加。</color>	<color=#005C5E>回合开始时MP回复量增加2。</color><color=#b00000>敌方全体必杀技能量槽增加量增加2。</color>
継続回復/必殺禍剰の穢詛	持续回复/必杀祸剩的秽咒
<color=#005C5E>ターン開始時、最もHPが少ない味方のHP30000回復。</color><color=#b00000>敵全体の必殺技ゲージ増加量2増加。</color>	<color=#005C5E>回合开始时，回复我方HP最低的成员30000 HP。</color><color=#b00000>敌方全体必杀技能量槽增加量增加2。</color>
弱体解除/必殺禍剰の穢詛	弱体解除/必杀祸剩的秽咒
<color=#005C5E>ウェーブ開始時、ランダムな味方2人のデバフを全て解除。</color><color=#b00000>敵全体の必殺技ゲージ増加量2増加。</color>	<color=#005C5E>回合开始时，随机解除我方2人的所有减益效果。</color><color=#b00000>敌方全体必杀技能量槽增加量增加2。</color>
気絶付与/必殺禍剰の穢詛	眩晕赋予/必杀祸剩的秽咒
<color=#005C5E>ウェーブ開始時、ランダムな敵2体にスタンを付与。</color><color=#b00000>敵全体の必殺技ゲージ増加量2増加。</color>	<color=#005C5E>回合开始时，随机赋予2名敌人眩晕状态。</color><color=#b00000>敌方全体必杀技能量槽增加量增加2。</color>
睡眠付与/必殺禍剰の穢詛	睡眠赋予/必杀祸剩的秽咒
<color=#005C5E>ウェーブ開始時、ランダムな敵2体に睡眠を付与。</color><color=#b00000>敵全体の必殺技ゲージ増加量2増加。</color>	<color=#005C5E>回合开始时，随机赋予2名敌人睡眠状态。</color><color=#b00000>敌方全体必杀技能量槽增加量增加2。</color>
忘却付与/必殺禍剰の穢詛	忘却赋予/必杀祸剩的秽咒
<color=#005C5E>ウェーブ開始時、ランダムな敵2体に忘却を付与。</color><color=#b00000>敵全体の必殺技ゲージ増加量2増加。</color>	<color=#005C5E>回合开始时，随机赋予2名敌人遗忘状态。</color><color=#b00000>敌方全体必杀技能量槽增加量增加2。</color>
鈍重付与/必殺禍剰の穢詛	迟钝赋予/必杀祸剩的秽咒
<color=#005C5E>ウェーブ開始時、ランダムな敵2体に鈍重を付与。</color><color=#b00000>敵全体の必殺技ゲージ増加量2増加。</color>	<color=#005C5E>回合开始时，随机赋予2名敌人迟钝状态。</color><color=#b00000>敌方全体必杀技能量槽增加量增加2。</color>
魅了付与/必殺禍剰の穢詛	魅惑赋予/必杀祸剩的秽咒
<color=#005C5E>ウェーブ開始時、ランダムな敵2体に魅了を付与。</color><color=#b00000>敵全体の必殺技ゲージ増加量2増加。</color>	<color=#005C5E>回合开始时，随机赋予2名敌人魅惑状态。</color><color=#b00000>敌方全体必杀技能量槽增加量增加2。</color>
遅滞付与/必殺禍剰の穢詛	迟滞赋予/必杀祸剩的秽咒
<color=#005C5E>ウェーブ開始時、ランダムな敵2体に遅滞を付与。</color><color=#b00000>敵全体の必殺技ゲージ増加量2増加。</color>	<color=#005C5E>回合开始时，随机赋予2名敌人迟滞状态。</color><color=#b00000>敌方全体必杀技能量槽增加量增加2。</color>
弱体付与/必殺禍剰の穢詛	弱体赋予/必杀祸剩的秽咒
<color=#005C5E>ウェーブ開始時、ランダムな敵2体に弱体を付与。</color><color=#b00000>敵全体の必殺技ゲージ増加量2増加。</color>	<color=#005C5E>回合开始时，随机赋予2名敌人弱体状态。</color><color=#b00000>敌方全体必杀技能量槽增加量增加2。</color>
支援攻撃/必殺禍剰の穢詛	支援攻击/必杀祸剩的秽咒
<color=#005C5E>ウェーブ開始時、敵全体に150000のダメージを与える。</color><color=#b00000>敵全体の必殺技ゲージ増加量2増加。</color>	<color=#005C5E>回合开始时，对敌方全体造成150000伤害。</color><color=#b00000>敌方全体必杀技能量槽增加量增加2。</color>
抵抗強化/継続恢復の穢詛	抵抗强化/持续恢复的秽咒
<color=#005C5E>味方全体の全ての状態異常抵抗率増加。</color><color=#b00000>ターン開始時、最もHPが少ない敵のHP150000回復。</color>	<color=#005C5E>我方全体对所有异常状态的抵抗率提升。</color><color=#b00000>回合开始时，回复敌方HP最低的成员150000 HP。</color>
効果増幅/継続恢復の穢詛	效果增幅/持续恢复的秽咒
<color=#005C5E>味方全体のバフ効果量50％増加。</color><color=#b00000>ターン開始時、最もHPが少ない敵のHP150000回復。</color>	<color=#005C5E>我方全体的增益效果提升50%。</color><color=#b00000>回合开始时，回复敌方HP最低的成员150000 HP。</color>
補助強化/継続恢復の穢詛	辅助强化/持续恢复的秽咒
<color=#005C5E>味方全体の補助効果によるパラメータ増加量50％増加。</color><color=#b00000>ターン開始時、最もHPが少ない敵のHP150000回復。</color>	<color=#005C5E>我方全体通过辅助效果获得的属性提升量增加50%。</color><color=#b00000>回合开始时，回复敌方HP最低的成员150000 HP。</color>
持続強化/継続恢復の穢詛	持续强化/持续恢复的秽咒
<color=#005C5E>味方全体の補助効果の持続ターン数2増加。</color><color=#b00000>ターン開始時、最もHPが少ない敵のHP150000回復。</color>	<color=#005C5E>我方全体的辅助效果持续时间增加2。</color><color=#b00000>回合开始时，回复敌方HP最低的成员150000 HP。</color>
冥力増加/継続恢復の穢詛	冥力增加/持续恢复的秽咒
<color=#005C5E>バトル開始時のMP15増加。</color><color=#b00000>ターン開始時、最もHPが少ない敵のHP150000回復。</color>	<color=#005C5E>战斗开始时MP增加15。</color><color=#b00000>回合开始时，回复敌方HP最低的成员150000 HP。</color>
冥力加速/継続恢復の穢詛	冥力加速/持续恢复的秽咒
<color=#005C5E>ターン開始時のMP回復量2増加。</color><color=#b00000>ターン開始時、最もHPが少ない敵のHP150000回復。</color>	<color=#005C5E>回合开始时MP回复量增加2。</color><color=#b00000>回合开始时，回复敌方HP最低的成员150000 HP。</color>
継続回復/継続恢復の穢詛	持续回复/持续恢复的秽咒
<color=#005C5E>ターン開始時、最もHPが少ない味方のHP30000回復。</color><color=#b00000>ターン開始時、最もHPが少ない敵のHP150000回復。</color>	<color=#005C5E>回合开始时，回复我方HP最低的成员30000 HP。</color><color=#b00000>回合开始时，回复敌方HP最低的成员150000 HP。</color>
快癒/継続恢復の穢詛	快愈/持续恢复的秽咒
<color=#005C5E>ウェーブ開始時、ランダムな味方4人の状態異常を1つ解除。</color><color=#b00000>ターン開始時、最もHPが少ない敵のHP150000回復。</color>	<color=#005C5E>回合开始时，随机解除我方4人的1个异常状态。</color><color=#b00000>回合开始时，回复敌方HP最低的成员150000 HP。</color>
弱体解除/継続恢復の穢詛	弱体解除/持续恢复的秽咒
<color=#005C5E>ウェーブ開始時、ランダムな味方2人のデバフを全て解除。</color><color=#b00000>ターン開始時、最もHPが少ない敵のHP150000回復。</color>	<color=#005C5E>回合开始时，随机解除我方2人的所有减益效果。</color><color=#b00000>回合开始时，回复敌方HP最低的成员150000 HP。</color>
再動短縮/被魔増加の穢詛	再动缩短/被魔增加的秽咒
<color=#005C5E>ターン開始時のCT減少量2増加。</color><color=#b00000>敵からの魔法攻撃で受けるダメージが180％に増加。</color>	<color=#005C5E>回合开始时CT减少量增加2。</color><color=#b00000>受到敌人的魔法攻击伤害增加至180%。</color>
萌力加速/被魔増加の穢詛	萌力加速/被魔增加的秽咒
<color=#005C5E>味方全体の萌技ゲージ増加量200%増加。</color><color=#b00000>敵からの魔法攻撃で受けるダメージが180％に増加。</color>	<color=#005C5E>我方全体萌技能量槽增加量提升200%。</color><color=#b00000>受到敌人的魔法攻击伤害增加至180%。</color>
与撃超越/被魔増加の穢詛	攻击超越/被魔增加的秽咒
<color=#005C5E>味方全体のダメージ上限60000増加。</color><color=#b00000>敵からの魔法攻撃で受けるダメージが180％に増加。</color>	<color=#005C5E>我方全体伤害上限增加60000。</color><color=#b00000>受到敌人的魔法攻击伤害增加至180%。</color>
特技強化/被魔増加の穢詛	特技强化/被魔增加的秽咒
<color=#005C5E>味方全体の通常攻撃以外のスキルの威力4000強化。</color><color=#b00000>敵からの魔法攻撃で受けるダメージが180％に増加。</color>	<color=#005C5E>我方全体普通攻击以外的技能威力强化4000。</color><color=#b00000>受到敌人的魔法攻击伤害增加至180%。</color>
萌技強化/被魔増加の穢詛	萌技强化/被魔增加的秽咒
<color=#005C5E>味方全体の萌技威力4000強化。</color><color=#b00000>敵からの魔法攻撃で受けるダメージが180％に増加。</color>	<color=#005C5E>我方全体萌技威力强化4000。</color><color=#b00000>受到敌人的魔法攻击伤害增加至180%。</color>
効果増幅/被魔増加の穢詛	效果增幅/被魔增加的秽咒
<color=#005C5E>味方全体のバフ効果量60%増加。</color><color=#b00000>敵からの魔法攻撃で受けるダメージが180％に増加。</color>	<color=#005C5E>我方全体的增益效果提升60%。</color><color=#b00000>受到敌人的魔法攻击伤害增加至180%。</color>
補助強化/被魔増加の穢詛	辅助强化/被魔增加的秽咒
<color=#005C5E>味方全体の補助効果によるパラメータ増加量60%増加。</color><color=#b00000>敵からの魔法攻撃で受けるダメージが180％に増加。</color>	<color=#005C5E>我方全体通过辅助效果获得的属性提升量增加60%。</color><color=#b00000>受到敌人的魔法攻击伤害增加至180%。</color>
持続強化/被魔増加の穢詛	持续强化/被魔增加的秽咒
<color=#005C5E>味方全体の補助効果の持続ターン数3増加。</color><color=#b00000>敵からの魔法攻撃で受けるダメージが180％に増加。</color>	<color=#005C5E>我方全体的辅助效果持续时间增加3。</color><color=#b00000>受到敌人的魔法攻击伤害增加至180%。</color>
冥力加速/被魔増加の穢詛	冥力加速/被魔增加的秽咒
<color=#005C5E>ターン開始時のMP回復量3増加。</color><color=#b00000>敵からの魔法攻撃で受けるダメージが180％に増加。</color>	<color=#005C5E>回合开始时MP回复量增加3。</color><color=#b00000>受到敌人的魔法攻击伤害增加至180%。</color>
冥力増加/被魔増加の穢詛	冥力增加/被魔增加的秽咒
<color=#005C5E>バトル開始時のMP20増加。</color><color=#b00000>敵からの魔法攻撃で受けるダメージが180％に増加。</color>	<color=#005C5E>战斗开始时MP增加20。</color><color=#b00000>受到敌人的魔法攻击伤害增加至180%。</color>
弱体解除/被魔増加の穢詛	弱体解除/被魔增加的秽咒
<color=#005C5E>ウェーブ開始時、ランダムな味方3人のデバフを全て解除。</color><color=#b00000>敵からの魔法攻撃で受けるダメージが180％に増加。</color>	<color=#005C5E>回合开始时，随机解除我方3人的所有减益效果。</color><color=#b00000>受到敌人的魔法攻击伤害增加至180%。</color>
支援攻撃/被魔増加の穢詛	支援攻击/被魔增加的秽咒
<color=#005C5E>ウェーブ開始時、敵全体に200000のダメージを与える。</color><color=#b00000>敵からの魔法攻撃で受けるダメージが180％に増加。</color>	<color=#005C5E>回合开始时，对敌方全体造成200000伤害。</color><color=#b00000>受到敌人的魔法攻击伤害增加至180%。</color>
気絶付与/被魔増加の穢詛	眩晕赋予/被魔增加的秽咒
<color=#005C5E>ウェーブ開始時、ランダムな敵3体にスタンを付与。</color><color=#b00000>敵からの魔法攻撃で受けるダメージが180％に増加。</color>	<color=#005C5E>回合开始时，随机赋予3名敌人眩晕状态。</color><color=#b00000>受到敌人的魔法攻击伤害增加至180%。</color>
睡眠付与/被魔増加の穢詛	睡眠赋予/被魔增加的秽咒
<color=#005C5E>ウェーブ開始時、ランダムな敵3体に睡眠を付与。</color><color=#b00000>敵からの魔法攻撃で受けるダメージが180％に増加。</color>	<color=#005C5E>回合开始时，随机赋予3名敌人睡眠状态。</color><color=#b00000>受到敌人的魔法攻击伤害增加至180%。</color>
忘却付与/被魔増加の穢詛	忘却赋予/被魔增加的秽咒
<color=#005C5E>ウェーブ開始時、ランダムな敵3体に忘却を付与。</color><color=#b00000>敵からの魔法攻撃で受けるダメージが180％に増加。</color>	<color=#005C5E>回合开始时，随机赋予3名敌人遗忘状态。</color><color=#b00000>受到敌人的魔法攻击伤害增加至180%。</color>
鈍重付与/被魔増加の穢詛	迟钝赋予/被魔增加的秽咒
<color=#005C5E>ウェーブ開始時、ランダムな敵3体に鈍重を付与。</color><color=#b00000>敵からの魔法攻撃で受けるダメージが180％に増加。</color>	<color=#005C5E>回合开始时，随机赋予3名敌人迟钝状态。</color><color=#b00000>受到敌人的魔法攻击伤害增加至180%。</color>
魅了付与/被魔増加の穢詛	魅惑赋予/被魔增加的秽咒
<color=#005C5E>ウェーブ開始時、ランダムな敵3体に魅了を付与。</color><color=#b00000>敵からの魔法攻撃で受けるダメージが180％に増加。</color>	<color=#005C5E>回合开始时，随机赋予3名敌人魅惑状态。</color><color=#b00000>受到敌人的魔法攻击伤害增加至180%。</color>
遅滞付与/被魔増加の穢詛	迟滞赋予/被魔增加的秽咒
<color=#005C5E>ウェーブ開始時、ランダムな敵3体に遅滞を付与。</color><color=#b00000>敵からの魔法攻撃で受けるダメージが180％に増加。</color>	<color=#005C5E>回合开始时，随机赋予3名敌人迟滞状态。</color><color=#b00000>受到敌人的魔法攻击伤害增加至180%。</color>
弱体付与/被魔増加の穢詛	弱体赋予/被魔增加的秽咒
<color=#005C5E>ウェーブ開始時、ランダムな敵3体に弱体を付与。</color><color=#b00000>敵からの魔法攻撃で受けるダメージが180％に増加。</color>	<color=#005C5E>回合开始时，随机赋予3名敌人弱体状态。</color><color=#b00000>受到敌人的魔法攻击伤害增加至180%。</color>
与撃超越/気絶患いの穢詛	攻击超越/眩晕患的秽咒
<color=#005C5E>味方全体のダメージ上限50000増加。</color><color=#b00000>ウェーブ開始時、ランダムな味方2人にスタンを付与。</color>	<color=#005C5E>我方全体伤害上限增加50000。</color><color=#b00000>回合开始时，随机赋予我方2人眩晕状态。</color>
萌力加速/気絶患いの穢詛	萌力加速/眩晕患的秽咒
<color=#005C5E>味方全体の萌技ゲージ増加量100%増加。</color><color=#b00000>ウェーブ開始時、ランダムな味方2人にスタンを付与。</color>	<color=#005C5E>我方全体萌技能量槽增加量提升100%。</color><color=#b00000>回合开始时，随机赋予我方2人眩晕状态。</color>
再動短縮/気絶患いの穢詛	再动缩短/眩晕患的秽咒
<color=#005C5E>ターン開始時のCT減少量1増加。</color><color=#b00000>ウェーブ開始時、ランダムな味方2人にスタンを付与。</color>	<color=#005C5E>回合开始时CT减少量增加1。</color><color=#b00000>回合开始时，随机赋予我方2人眩晕状态。</color>
萌技強化/気絶患いの穢詛	萌技强化/眩晕患的秽咒
<color=#005C5E>味方全体の萌技威力3000強化。</color><color=#b00000>ウェーブ開始時、ランダムな味方2人にスタンを付与。</color>	<color=#005C5E>我方全体萌技威力强化3000。</color><color=#b00000>回合开始时，随机赋予我方2人眩晕状态。</color>
特技強化/気絶患いの穢詛	特技强化/眩晕患的秽咒
<color=#005C5E>味方全体の通常攻撃以外のスキルの威力3000強化。</color><color=#b00000>ウェーブ開始時、ランダムな味方2人にスタンを付与。</color>	<color=#005C5E>我方全体普通攻击以外的技能威力强化3000。</color><color=#b00000>回合开始时，随机赋予我方2人眩晕状态。</color>
効果増幅/気絶患いの穢詛	效果增幅/眩晕患的秽咒
<color=#005C5E>味方全体のバフ効果量50%増加。</color><color=#b00000>ウェーブ開始時、ランダムな味方2人にスタンを付与。</color>	<color=#005C5E>我方全体的增益效果提升50%。</color><color=#b00000>回合开始时，随机赋予我方2人眩晕状态。</color>
補助強化/気絶患いの穢詛	辅助强化/眩晕患的秽咒
<color=#005C5E>味方全体の補助効果によるパラメータ増加量50%増加。</color><color=#b00000>ウェーブ開始時、ランダムな味方2人にスタンを付与。</color>	<color=#005C5E>我方全体通过辅助效果获得的属性提升量增加50%。</color><color=#b00000>回合开始时，随机赋予我方2人眩晕状态。</color>
持続強化/気絶患いの穢詛	持续强化/眩晕患的秽咒
<color=#005C5E>味方全体の補助効果の持続ターン数2増加。</color><color=#b00000>ウェーブ開始時、ランダムな味方2人にスタンを付与。</color>	<color=#005C5E>我方全体的辅助效果持续时间增加2。</color><color=#b00000>回合开始时，随机赋予我方2人眩晕状态。</color>
冥力増加/気絶患いの穢詛	冥力增加/眩晕患的秽咒
<color=#005C5E>バトル開始時のMP15増加。</color><color=#b00000>ウェーブ開始時、ランダムな味方2人にスタンを付与。</color>	<color=#005C5E>战斗开始时MP增加15。</color><color=#b00000>回合开始时，随机赋予我方2人眩晕状态。</color>
冥力加速/気絶患いの穢詛	冥力加速/眩晕患的秽咒
<color=#005C5E>ターン開始時のMP回復量2増加。</color><color=#b00000>ウェーブ開始時、ランダムな味方2人にスタンを付与。</color>	<color=#005C5E>回合开始时MP回复量增加2。</color><color=#b00000>回合开始时，随机赋予我方2人眩晕状态。</color>
弱体解除/気絶患いの穢詛	弱体解除/眩晕患的秽咒
<color=#005C5E>ウェーブ開始時、ランダムな味方2人のデバフを全て解除。</color><color=#b00000>ウェーブ開始時、ランダムな味方2人にスタンを付与。</color>	<color=#005C5E>回合开始时，随机解除我方2人的所有减益效果。</color><color=#b00000>回合开始时，随机赋予我方2人眩晕状态。</color>
支援攻撃/気絶患いの穢詛	支援攻击/眩晕患的秽咒
<color=#005C5E>ウェーブ開始時、敵全体に150000のダメージを与える。</color><color=#b00000>ウェーブ開始時、ランダムな味方2人にスタンを付与。</color>	<color=#005C5E>回合开始时，对敌方全体造成150000伤害。</color><color=#b00000>回合开始时，随机赋予我方2人眩晕状态。</color>
気絶付与/気絶患いの穢詛	眩晕赋予/眩晕患的秽咒
<color=#005C5E>ウェーブ開始時、ランダムな敵2体にスタンを付与。</color><color=#b00000>ウェーブ開始時、ランダムな味方2人にスタンを付与。</color>	<color=#005C5E>回合开始时，随机赋予2名敌人眩晕状态。</color><color=#b00000>回合开始时，随机赋予我方2人眩晕状态。</color>
睡眠付与/気絶患いの穢詛	睡眠赋予/眩晕患的秽咒
<color=#005C5E>ウェーブ開始時、ランダムな敵2体に睡眠を付与。</color><color=#b00000>ウェーブ開始時、ランダムな味方2人にスタンを付与。</color>	<color=#005C5E>回合开始时，随机赋予2名敌人睡眠状态。</color><color=#b00000>回合开始时，随机赋予我方2人眩晕状态。</color>
忘却付与/気絶患いの穢詛	忘却赋予/眩晕患的秽咒
<color=#005C5E>ウェーブ開始時、ランダムな敵2体に忘却を付与。</color><color=#b00000>ウェーブ開始時、ランダムな味方2人にスタンを付与。</color>	<color=#005C5E>回合开始时，随机赋予2名敌人遗忘状态。</color><color=#b00000>回合开始时，随机赋予我方2人眩晕状态。</color>
鈍重付与/気絶患いの穢詛	迟钝赋予/眩晕患的秽咒
<color=#005C5E>ウェーブ開始時、ランダムな敵2体に鈍重を付与。</color><color=#b00000>ウェーブ開始時、ランダムな味方2人にスタンを付与。</color>	<color=#005C5E>回合开始时，随机赋予2名敌人迟钝状态。</color><color=#b00000>回合开始时，随机赋予我方2人眩晕状态。</color>
魅了付与/気絶患いの穢詛	魅惑赋予/眩晕患的秽咒
<color=#005C5E>ウェーブ開始時、ランダムな敵2体に魅了を付与。</color><color=#b00000>ウェーブ開始時、ランダムな味方2人にスタンを付与。</color>	<color=#005C5E>回合开始时，随机赋予2名敌人魅惑状态。</color><color=#b00000>回合开始时，随机赋予我方2人眩晕状态。</color>
遅滞付与/気絶患いの穢詛	迟滞赋予/眩晕患的秽咒
<color=#005C5E>ウェーブ開始時、ランダムな敵2体に遅滞を付与。</color><color=#b00000>ウェーブ開始時、ランダムな味方2人にスタンを付与。</color>	<color=#005C5E>回合开始时，随机赋予2名敌人迟滞状态。</color><color=#b00000>回合开始时，随机赋予我方2人眩晕状态。</color>
弱体付与/気絶患いの穢詛	弱体赋予/眩晕患的秽咒
<color=#005C5E>ウェーブ開始時、ランダムな敵2体に弱体を付与。</color><color=#b00000>ウェーブ開始時、ランダムな味方2人にスタンを付与。</color>	<color=#005C5E>回合开始时，随机赋予2名敌人弱体状态。</color><color=#b00000>回合开始时，随机赋予我方2人眩晕状态。</color>
与撃超越/睡眠患いの穢詛	攻击超越/睡眠患的秽咒
<color=#005C5E>味方全体のダメージ上限50000増加。</color><color=#b00000>ウェーブ開始時、ランダムな味方2人に睡眠を付与。</color>	<color=#005C5E>我方全体伤害上限增加50000。</color><color=#b00000>回合开始时，随机赋予我方2人睡眠状态。</color>
萌力加速/睡眠患いの穢詛	萌力加速/睡眠患的秽咒
<color=#005C5E>味方全体の萌技ゲージ増加量100%増加。</color><color=#b00000>ウェーブ開始時、ランダムな味方2人に睡眠を付与。</color>	<color=#005C5E>我方全体萌技能量槽增加量提升100%。</color><color=#b00000>回合开始时，随机赋予我方2人睡眠状态。</color>
再動短縮/睡眠患いの穢詛	再动缩短/睡眠患的秽咒
<color=#005C5E>ターン開始時のCT減少量1増加。</color><color=#b00000>ウェーブ開始時、ランダムな味方2人に睡眠を付与。</color>	<color=#005C5E>回合开始时CT减少量增加1。</color><color=#b00000>回合开始时，随机赋予我方2人睡眠状态。</color>
萌技強化/睡眠患いの穢詛	萌技强化/睡眠患的秽咒
<color=#005C5E>味方全体の萌技威力3000強化。</color><color=#b00000>ウェーブ開始時、ランダムな味方2人に睡眠を付与。</color>	<color=#005C5E>我方全体萌技威力强化3000。</color><color=#b00000>回合开始时，随机赋予我方2人睡眠状态。</color>
特技強化/睡眠患いの穢詛	特技强化/睡眠患的秽咒
<color=#005C5E>味方全体の通常攻撃以外のスキルの威力3000強化。</color><color=#b00000>ウェーブ開始時、ランダムな味方2人に睡眠を付与。</color>	<color=#005C5E>我方全体普通攻击以外的技能威力强化3000。</color><color=#b00000>回合开始时，随机赋予我方2人睡眠状态。</color>
効果増幅/睡眠患いの穢詛	效果增幅/睡眠患的秽咒
<color=#005C5E>味方全体のバフ効果量50％増加。</color><color=#b00000>ウェーブ開始時、ランダムな味方2人に睡眠を付与。</color>	<color=#005C5E>我方全体的增益效果提升50%。</color><color=#b00000>回合开始时，随机赋予我方2人睡眠状态。</color>
補助強化/睡眠患いの穢詛	辅助强化/睡眠患的秽咒
<color=#005C5E>味方全体の補助効果によるパラメータ増加量50％増加。</color><color=#b00000>ウェーブ開始時、ランダムな味方2人に睡眠を付与。</color>	<color=#005C5E>我方全体通过辅助效果获得的属性提升量增加50%。</color><color=#b00000>回合开始时，随机赋予我方2人睡眠状态。</color>
持続強化/睡眠患いの穢詛	持续强化/睡眠患的秽咒
<color=#005C5E>味方全体の補助効果の持続ターン数2増加。</color><color=#b00000>ウェーブ開始時、ランダムな味方2人に睡眠を付与。</color>	<color=#005C5E>我方全体的辅助效果持续时间增加2。</color><color=#b00000>回合开始时，随机赋予我方2人睡眠状态。</color>
冥力増加/睡眠患いの穢詛	冥力增加/睡眠患的秽咒
<color=#005C5E>バトル開始時のMP15増加。</color><color=#b00000>ウェーブ開始時、ランダムな味方2人に睡眠を付与。</color>	<color=#005C5E>战斗开始时MP增加15。</color><color=#b00000>回合开始时，随机赋予我方2人睡眠状态。</color>
冥力加速/睡眠患いの穢詛	冥力加速/睡眠患的秽咒
<color=#005C5E>ターン開始時のMP回復量2増加。</color><color=#b00000>ウェーブ開始時、ランダムな味方2人に睡眠を付与。</color>	<color=#005C5E>回合开始时MP回复量增加2。</color><color=#b00000>回合开始时，随机赋予我方2人睡眠状态。</color>
弱体解除/睡眠患いの穢詛	弱体解除/睡眠患的秽咒
<color=#005C5E>ウェーブ開始時、ランダムな味方2人のデバフを全て解除。</color><color=#b00000>ウェーブ開始時、ランダムな味方2人に睡眠を付与。</color>	<color=#005C5E>回合开始时，随机解除我方2人的所有减益效果。</color><color=#b00000>回合开始时，随机赋予我方2人睡眠状态。</color>
支援攻撃/睡眠患いの穢詛	支援攻击/睡眠患的秽咒
<color=#005C5E>ウェーブ開始時、敵全体に150000のダメージを与える。</color><color=#b00000>ウェーブ開始時、ランダムな味方2人に睡眠を付与。</color>	<color=#005C5E>回合开始时，对敌方全体造成150000伤害。</color><color=#b00000>回合开始时，随机赋予我方2人睡眠状态。</color>
気絶付与/睡眠患いの穢詛	眩晕赋予/睡眠患的秽咒
<color=#005C5E>ウェーブ開始時、ランダムな敵2体にスタンを付与。</color><color=#b00000>ウェーブ開始時、ランダムな味方2人に睡眠を付与。</color>	<color=#005C5E>回合开始时，随机赋予2名敌人眩晕状态。</color><color=#b00000>回合开始时，随机赋予我方2人睡眠状态。</color>
睡眠付与/睡眠患いの穢詛	睡眠赋予/睡眠患的秽咒
<color=#005C5E>ウェーブ開始時、ランダムな敵2体に睡眠を付与。</color><color=#b00000>ウェーブ開始時、ランダムな味方2人に睡眠を付与。</color>	<color=#005C5E>回合开始时，随机赋予2名敌人睡眠状态。</color><color=#b00000>回合开始时，随机赋予我方2人睡眠状态。</color>
忘却付与/睡眠患いの穢詛	忘却赋予/睡眠患的秽咒
<color=#005C5E>ウェーブ開始時、ランダムな敵2体に忘却を付与。</color><color=#b00000>ウェーブ開始時、ランダムな味方2人に睡眠を付与。</color>	<color=#005C5E>回合开始时，随机赋予2名敌人遗忘状态。</color><color=#b00000>回合开始时，随机赋予我方2人睡眠状态。</color>
鈍重付与/睡眠患いの穢詛	迟钝赋予/睡眠患的秽咒
<color=#005C5E>ウェーブ開始時、ランダムな敵2体に鈍重を付与。</color><color=#b00000>ウェーブ開始時、ランダムな味方2人に睡眠を付与。</color>	<color=#005C5E>回合开始时，随机赋予2名敌人迟钝状态。</color><color=#b00000>回合开始时，随机赋予我方2人睡眠状态。</color>
魅了付与/睡眠患いの穢詛	魅惑赋予/睡眠患的秽咒
<color=#005C5E>ウェーブ開始時、ランダムな敵2体に魅了を付与。</color><color=#b00000>ウェーブ開始時、ランダムな味方2人に睡眠を付与。</color>	<color=#005C5E>回合开始时，随机赋予2名敌人魅惑状态。</color><color=#b00000>回合开始时，随机赋予我方2人睡眠状态。</color>
遅滞付与/睡眠患いの穢詛	迟滞赋予/睡眠患的秽咒
<color=#005C5E>ウェーブ開始時、ランダムな敵2体に遅滞を付与。</color><color=#b00000>ウェーブ開始時、ランダムな味方2人に睡眠を付与。</color>	<color=#005C5E>回合开始时，随机赋予2名敌人迟滞状态。</color><color=#b00000>回合开始时，随机赋予我方2人睡眠状态。</color>
弱体付与/睡眠患いの穢詛	弱体赋予/睡眠患的秽咒
<color=#005C5E>ウェーブ開始時、ランダムな敵2体に弱体を付与。</color><color=#b00000>ウェーブ開始時、ランダムな味方2人に睡眠を付与。</color>	<color=#005C5E>回合开始时，随机赋予2名敌人弱体状态。</color><color=#b00000>回合开始时，随机赋予我方2人睡眠状态。</color>
与撃超越/忘却患いの穢詛	攻击超越/遗忘患的秽咒
<color=#005C5E>味方全体のダメージ上限50000増加。</color><color=#b00000>ウェーブ開始時、ランダムな味方2人に忘却を付与。</color>	<color=#005C5E>我方全体伤害上限增加50000。</color><color=#b00000>回合开始时，随机赋予我方2人遗忘状态。</color>
再動短縮/忘却患いの穢詛	再动缩短/遗忘患的秽咒
<color=#005C5E>ターン開始時のCT減少量1増加。</color><color=#b00000>ウェーブ開始時、ランダムな味方2人に忘却を付与。</color>	<color=#005C5E>回合开始时CT减少量增加1。</color><color=#b00000>回合开始时，随机赋予我方2人遗忘状态。</color>
効果増幅/忘却患いの穢詛	效果增幅/遗忘患的秽咒
<color=#005C5E>味方全体のバフ効果量50％増加。</color><color=#b00000>ウェーブ開始時、ランダムな味方2人に忘却を付与。</color>	<color=#005C5E>我方全体的增益效果提升50%。</color><color=#b00000>回合开始时，随机赋予我方2人遗忘状态。</color>
補助強化/忘却患いの穢詛	辅助强化/遗忘患的秽咒
<color=#005C5E>味方全体の補助効果によるパラメータ増加量50％増加。</color><color=#b00000>ウェーブ開始時、ランダムな味方2人に忘却を付与。</color>	<color=#005C5E>我方全体通过辅助效果获得的属性提升量增加50%。</color><color=#b00000>回合开始时，随机赋予我方2人遗忘状态。</color>
持続強化/忘却患いの穢詛	持续强化/遗忘患的秽咒
<color=#005C5E>味方全体の補助効果の持続ターン数2増加。</color><color=#b00000>ウェーブ開始時、ランダムな味方2人に忘却を付与。</color>	<color=#005C5E>我方全体的辅助效果持续时间增加2。</color><color=#b00000>回合开始时，随机赋予我方2人遗忘状态。</color>
冥力増加/忘却患いの穢詛	冥力增加/遗忘患的秽咒
<color=#005C5E>バトル開始時のMP15増加。</color><color=#b00000>ウェーブ開始時、ランダムな味方2人に忘却を付与。</color>	<color=#005C5E>战斗开始时MP增加15。</color><color=#b00000>回合开始时，随机赋予我方2人遗忘状态。</color>
冥力加速/忘却患いの穢詛	冥力加速/遗忘患的秽咒
<color=#005C5E>ターン開始時のMP回復量2増加。</color><color=#b00000>ウェーブ開始時、ランダムな味方2人に忘却を付与。</color>	<color=#005C5E>回合开始时MP回复量增加2。</color><color=#b00000>回合开始时，随机赋予我方2人遗忘状态。</color>
弱体解除/忘却患いの穢詛	弱体解除/遗忘患的秽咒
<color=#005C5E>ウェーブ開始時、ランダムな味方2人のデバフを全て解除。</color><color=#b00000>ウェーブ開始時、ランダムな味方2人に忘却を付与。</color>	<color=#005C5E>回合开始时，随机解除我方2人的所有减益效果。</color><color=#b00000>回合开始时，随机赋予我方2人遗忘状态。</color>
支援攻撃/忘却患いの穢詛	支援攻击/遗忘患的秽咒
<color=#005C5E>ウェーブ開始時、敵全体に150000のダメージを与える。</color><color=#b00000>ウェーブ開始時、ランダムな味方2人に忘却を付与。</color>	<color=#005C5E>回合开始时，对敌方全体造成150000伤害。</color><color=#b00000>回合开始时，随机赋予我方2人遗忘状态。</color>
気絶付与/忘却患いの穢詛	眩晕赋予/遗忘患的秽咒
<color=#005C5E>ウェーブ開始時、ランダムな敵2体にスタンを付与。</color><color=#b00000>ウェーブ開始時、ランダムな味方2人に忘却を付与。</color>	<color=#005C5E>回合开始时，随机赋予2名敌人眩晕状态。</color><color=#b00000>回合开始时，随机赋予我方2人遗忘状态。</color>
睡眠付与/忘却患いの穢詛	睡眠赋予/遗忘患的秽咒
<color=#005C5E>ウェーブ開始時、ランダムな敵2体に睡眠を付与。</color><color=#b00000>ウェーブ開始時、ランダムな味方2人に忘却を付与。</color>	<color=#005C5E>回合开始时，随机赋予2名敌人睡眠状态。</color><color=#b00000>回合开始时，随机赋予我方2人遗忘状态。</color>
忘却付与/忘却患いの穢詛	忘却赋予/遗忘患的秽咒
<color=#005C5E>ウェーブ開始時、ランダムな敵2体に忘却を付与。</color><color=#b00000>ウェーブ開始時、ランダムな味方2人に忘却を付与。</color>	<color=#005C5E>回合开始时，随机赋予2名敌人遗忘状态。</color><color=#b00000>回合开始时，随机赋予我方2人遗忘状态。</color>
鈍重付与/忘却患いの穢詛	迟钝赋予/遗忘患的秽咒
<color=#005C5E>ウェーブ開始時、ランダムな敵2体に鈍重を付与。</color><color=#b00000>ウェーブ開始時、ランダムな味方2人に忘却を付与。</color>	<color=#005C5E>回合开始时，随机赋予2名敌人迟钝状态。</color><color=#b00000>回合开始时，随机赋予我方2人遗忘状态。</color>
魅了付与/忘却患いの穢詛	魅惑赋予/遗忘患的秽咒
<color=#005C5E>ウェーブ開始時、ランダムな敵2体に魅了を付与。</color><color=#b00000>ウェーブ開始時、ランダムな味方2人に忘却を付与。</color>	<color=#005C5E>回合开始时，随机赋予2名敌人魅惑状态。</color><color=#b00000>回合开始时，随机赋予我方2人遗忘状态。</color>
遅滞付与/忘却患いの穢詛	迟滞赋予/遗忘患的秽咒
<color=#005C5E>ウェーブ開始時、ランダムな敵2体に遅滞を付与。</color><color=#b00000>ウェーブ開始時、ランダムな味方2人に忘却を付与。</color>	<color=#005C5E>回合开始时，随机赋予2名敌人迟滞状态。</color><color=#b00000>回合开始时，随机赋予我方2人遗忘状态。</color>
弱体付与/忘却患いの穢詛	弱体赋予/遗忘患的秽咒
<color=#005C5E>ウェーブ開始時、ランダムな敵2体に弱体を付与。</color><color=#b00000>ウェーブ開始時、ランダムな味方2人に忘却を付与。</color>	<color=#005C5E>回合开始时，随机赋予2名敌人弱体状态。</color><color=#b00000>回合开始时，随机赋予我方2人遗忘状态。</color>
与撃超越/魅了患いの穢詛	攻击超越/魅惑患的秽咒
<color=#005C5E>味方全体のダメージ上限50000増加。</color><color=#b00000>ウェーブ開始時、ランダムな味方2人に魅了を付与。</color>	<color=#005C5E>我方全体伤害上限增加50000。</color><color=#b00000>回合开始时，随机赋予我方2人魅惑状态。</color>
萌力加速/魅了患いの穢詛	萌力加速/魅惑患的秽咒
<color=#005C5E>味方全体の萌技ゲージ増加量100%増加。</color><color=#b00000>ウェーブ開始時、ランダムな味方2人に魅了を付与。</color>	<color=#005C5E>我方全体萌技能量槽增加量提升100%。</color><color=#b00000>回合开始时，随机赋予我方2人魅惑状态。</color>
再動短縮/魅了患いの穢詛	再动缩短/魅惑患的秽咒
<color=#005C5E>ターン開始時のCT減少量1増加。</color><color=#b00000>ウェーブ開始時、ランダムな味方2人に魅了を付与。</color>	<color=#005C5E>回合开始时CT减少量增加1。</color><color=#b00000>回合开始时，随机赋予我方2人魅惑状态。</color>
効果増幅/魅了患いの穢詛	效果增幅/魅惑患的秽咒
<color=#005C5E>味方全体のバフ効果量50％増加。</color><color=#b00000>ウェーブ開始時、ランダムな味方2人に魅了を付与。</color>	<color=#005C5E>我方全体的增益效果提升50%。</color><color=#b00000>回合开始时，随机赋予我方2人魅惑状态。</color>
補助強化/魅了患いの穢詛	辅助强化/魅惑患的秽咒
<color=#005C5E>味方全体の補助効果によるパラメータ増加量50％増加。</color><color=#b00000>ウェーブ開始時、ランダムな味方2人に魅了を付与。</color>	<color=#005C5E>我方全体通过辅助效果获得的属性提升量增加50%。</color><color=#b00000>回合开始时，随机赋予我方2人魅惑状态。</color>
持続強化/魅了患いの穢詛	持续强化/魅惑患的秽咒
<color=#005C5E>味方全体の補助効果の持続ターン数2増加。</color><color=#b00000>ウェーブ開始時、ランダムな味方2人に魅了を付与。</color>	<color=#005C5E>我方全体的辅助效果持续时间增加2。</color><color=#b00000>回合开始时，随机赋予我方2人魅惑状态。</color>
冥力増加/魅了患いの穢詛	冥力增加/魅惑患的秽咒
<color=#005C5E>バトル開始時のMP15増加。</color><color=#b00000>ウェーブ開始時、ランダムな味方2人に魅了を付与。</color>	<color=#005C5E>战斗开始时MP增加15。</color><color=#b00000>回合开始时，随机赋予我方2人魅惑状态。</color>
冥力加速/魅了患いの穢詛	冥力加速/魅惑患的秽咒
<color=#005C5E>ターン開始時のMP回復量2増加。</color><color=#b00000>ウェーブ開始時、ランダムな味方2人に魅了を付与。</color>	<color=#005C5E>回合开始时MP回复量增加2。</color><color=#b00000>回合开始时，随机赋予我方2人魅惑状态。</color>
弱体解除/魅了患いの穢詛	弱体解除/魅惑患的秽咒
<color=#005C5E>ウェーブ開始時、ランダムな味方2人のデバフを全て解除。</color><color=#b00000>ウェーブ開始時、ランダムな味方2人に魅了を付与。</color>	<color=#005C5E>回合开始时，随机解除我方2人的所有减益效果。</color><color=#b00000>回合开始时，随机赋予我方2人魅惑状态。</color>
支援攻撃/魅了患いの穢詛	支援攻击/魅惑患的秽咒
<color=#005C5E>ウェーブ開始時、敵全体に150000のダメージを与える。</color><color=#b00000>ウェーブ開始時、ランダムな味方2人に魅了を付与。</color>	<color=#005C5E>回合开始时，对敌方全体造成150000伤害。</color><color=#b00000>回合开始时，随机赋予我方2人魅惑状态。</color>
気絶付与/魅了患いの穢詛	眩晕赋予/魅惑患的秽咒
<color=#005C5E>ウェーブ開始時、ランダムな敵2体にスタンを付与。</color><color=#b00000>ウェーブ開始時、ランダムな味方2人に魅了を付与。</color>	<color=#005C5E>回合开始时，随机赋予2名敌人眩晕状态。</color><color=#b00000>回合开始时，随机赋予我方2人魅惑状态。</color>
睡眠付与/魅了患いの穢詛	睡眠赋予/魅惑患的秽咒
<color=#005C5E>ウェーブ開始時、ランダムな敵2体に睡眠を付与。</color><color=#b00000>ウェーブ開始時、ランダムな味方2人に魅了を付与。</color>	<color=#005C5E>回合开始时，随机赋予2名敌人睡眠状态。</color><color=#b00000>回合开始时，随机赋予我方2人魅惑状态。</color>
忘却付与/魅了患いの穢詛	忘却赋予/魅惑患的秽咒
<color=#005C5E>ウェーブ開始時、ランダムな敵2体に忘却を付与。</color><color=#b00000>ウェーブ開始時、ランダムな味方2人に魅了を付与。</color>	<color=#005C5E>回合开始时，随机赋予2名敌人遗忘状态。</color><color=#b00000>回合开始时，随机赋予我方2人魅惑状态。</color>
鈍重付与/魅了患いの穢詛	迟钝赋予/魅惑患的秽咒
<color=#005C5E>ウェーブ開始時、ランダムな敵2体に鈍重を付与。</color><color=#b00000>ウェーブ開始時、ランダムな味方2人に魅了を付与。</color>	<color=#005C5E>回合开始时，随机赋予2名敌人迟钝状态。</color><color=#b00000>回合开始时，随机赋予我方2人魅惑状态。</color>
魅了付与/魅了患いの穢詛	魅惑赋予/魅惑患的秽咒
<color=#005C5E>ウェーブ開始時、ランダムな敵2体に魅了を付与。</color><color=#b00000>ウェーブ開始時、ランダムな味方2人に魅了を付与。</color>	<color=#005C5E>回合开始时，随机赋予2名敌人魅惑状态。</color><color=#b00000>回合开始时，随机赋予我方2人魅惑状态。</color>
遅滞付与/魅了患いの穢詛	迟滞赋予/魅惑患的秽咒
<color=#005C5E>ウェーブ開始時、ランダムな敵2体に遅滞を付与。</color><color=#b00000>ウェーブ開始時、ランダムな味方2人に魅了を付与。</color>	<color=#005C5E>回合开始时，随机赋予2名敌人迟滞状态。</color><color=#b00000>回合开始时，随机赋予我方2人魅惑状态。</color>
弱体付与/魅了患いの穢詛	弱体赋予/魅惑患的秽咒
<color=#005C5E>ウェーブ開始時、ランダムな敵2体に弱体を付与。</color><color=#b00000>ウェーブ開始時、ランダムな味方2人に魅了を付与。</color>	<color=#005C5E>回合开始时，随机赋予2名敌人弱体状态。</color><color=#b00000>回合开始时，随机赋予我方2人魅惑状态。</color>
与撃超越/遅滞患いの穢詛	攻击超越/迟滞患的秽咒
<color=#005C5E>味方全体のダメージ上限50000増加。</color><color=#b00000>ウェーブ開始時、ランダムな味方2人に遅滞を付与。</color>	<color=#005C5E>我方全体伤害上限增加50000。</color><color=#b00000>回合开始时，随机赋予我方2人迟滞状态。</color>
萌力加速/遅滞患いの穢詛	萌力加速/迟滞患的秽咒
<color=#005C5E>味方全体の萌技ゲージ増加量100%増加。</color><color=#b00000>ウェーブ開始時、ランダムな味方2人に遅滞を付与。</color>	<color=#005C5E>我方全体萌技能量槽增加量提升100%。</color><color=#b00000>回合开始时，随机赋予我方2人迟滞状态。</color>
再動短縮/遅滞患いの穢詛	再动缩短/迟滞患的秽咒
<color=#005C5E>ターン開始時のCT減少量1増加。</color><color=#b00000>ウェーブ開始時、ランダムな味方2人に遅滞を付与。</color>	<color=#005C5E>回合开始时CT减少量增加1。</color><color=#b00000>回合开始时，随机赋予我方2人迟滞状态。</color>
萌技強化/遅滞患いの穢詛	萌技强化/迟滞患的秽咒
<color=#005C5E>味方全体の萌技威力3000強化。</color><color=#b00000>ウェーブ開始時、ランダムな味方2人に遅滞を付与。</color>	<color=#005C5E>我方全体萌技威力强化3000。</color><color=#b00000>回合开始时，随机赋予我方2人迟滞状态。</color>
特技強化/遅滞患いの穢詛	特技强化/迟滞患的秽咒
<color=#005C5E>味方全体の通常攻撃以外のスキルの威力3000強化。</color><color=#b00000>ウェーブ開始時、ランダムな味方2人に遅滞を付与。</color>	<color=#005C5E>我方全体普通攻击以外的技能威力强化3000。</color><color=#b00000>回合开始时，随机赋予我方2人迟滞状态。</color>
効果増幅/遅滞患いの穢詛	效果增幅/迟滞患的秽咒
<color=#005C5E>味方全体のバフ効果量50％増加。</color><color=#b00000>ウェーブ開始時、ランダムな味方2人に遅滞を付与。</color>	<color=#005C5E>我方全体的增益效果提升50%。</color><color=#b00000>回合开始时，随机赋予我方2人迟滞状态。</color>
補助強化/遅滞患いの穢詛	辅助强化/迟滞患的秽咒
<color=#005C5E>味方全体の補助効果によるパラメータ増加量50％増加。</color><color=#b00000>ウェーブ開始時、ランダムな味方2人に遅滞を付与。</color>	<color=#005C5E>我方全体通过辅助效果获得的属性提升量增加50%。</color><color=#b00000>回合开始时，随机赋予我方2人迟滞状态。</color>
持続強化/遅滞患いの穢詛	持续强化/迟滞患的秽咒
<color=#005C5E>味方全体の補助効果の持続ターン数2増加。</color><color=#b00000>ウェーブ開始時、ランダムな味方2人に遅滞を付与。</color>	<color=#005C5E>我方全体的辅助效果持续时间增加2。</color><color=#b00000>回合开始时，随机赋予我方2人迟滞状态。</color>
冥力増加/遅滞患いの穢詛	冥力增加/迟滞患的秽咒
<color=#005C5E>バトル開始時のMP15増加。</color><color=#b00000>ウェーブ開始時、ランダムな味方2人に遅滞を付与。</color>	<color=#005C5E>战斗开始时MP增加15。</color><color=#b00000>回合开始时，随机赋予我方2人迟滞状态。</color>
冥力加速/遅滞患いの穢詛	冥力加速/迟滞患的秽咒
<color=#005C5E>ターン開始時のMP回復量2増加。</color><color=#b00000>ウェーブ開始時、ランダムな味方2人に遅滞を付与。</color>	<color=#005C5E>回合开始时MP回复量增加2。</color><color=#b00000>回合开始时，随机赋予我方2人迟滞状态。</color>
弱体解除/遅滞患いの穢詛	弱体解除/迟滞患的秽咒
<color=#005C5E>ウェーブ開始時、ランダムな味方2人のデバフを全て解除。</color><color=#b00000>ウェーブ開始時、ランダムな味方2人に遅滞を付与。</color>	<color=#005C5E>回合开始时，随机解除我方2人的所有减益效果。</color><color=#b00000>回合开始时，随机赋予我方2人迟滞状态。</color>
支援攻撃/遅滞患いの穢詛	支援攻击/迟滞患的秽咒
<color=#005C5E>ウェーブ開始時、敵全体に150000のダメージを与える。</color><color=#b00000>ウェーブ開始時、ランダムな味方2人に遅滞を付与。</color>	<color=#005C5E>回合开始时，对敌方全体造成150000伤害。</color><color=#b00000>回合开始时，随机赋予我方2人迟滞状态。</color>
気絶付与/遅滞患いの穢詛	眩晕赋予/迟滞患的秽咒
<color=#005C5E>ウェーブ開始時、ランダムな敵2体にスタンを付与。</color><color=#b00000>ウェーブ開始時、ランダムな味方2人に遅滞を付与。</color>	<color=#005C5E>回合开始时，随机赋予2名敌人眩晕状态。</color><color=#b00000>回合开始时，随机赋予我方2人迟滞状态。</color>
睡眠付与/遅滞患いの穢詛	睡眠赋予/迟滞患的秽咒
<color=#005C5E>ウェーブ開始時、ランダムな敵2体に睡眠を付与。</color><color=#b00000>ウェーブ開始時、ランダムな味方2人に遅滞を付与。</color>	<color=#005C5E>回合开始时，随机赋予2名敌人睡眠状态。</color><color=#b00000>回合开始时，随机赋予我方2人迟滞状态。</color>
忘却付与/遅滞患いの穢詛	忘却赋予/迟滞患的秽咒
<color=#005C5E>ウェーブ開始時、ランダムな敵2体に忘却を付与。</color><color=#b00000>ウェーブ開始時、ランダムな味方2人に遅滞を付与。</color>	<color=#005C5E>回合开始时，随机赋予2名敌人遗忘状态。</color><color=#b00000>回合开始时，随机赋予我方2人迟滞状态。</color>
鈍重付与/遅滞患いの穢詛	迟钝赋予/迟滞患的秽咒
<color=#005C5E>ウェーブ開始時、ランダムな敵2体に鈍重を付与。</color><color=#b00000>ウェーブ開始時、ランダムな味方2人に遅滞を付与。</color>	<color=#005C5E>回合开始时，随机赋予2名敌人迟钝状态。</color><color=#b00000>回合开始时，随机赋予我方2人迟滞状态。</color>
魅了付与/遅滞患いの穢詛	魅惑赋予/迟滞患的秽咒
<color=#005C5E>ウェーブ開始時、ランダムな敵2体に魅了を付与。</color><color=#b00000>ウェーブ開始時、ランダムな味方2人に遅滞を付与。</color>	<color=#005C5E>回合开始时，随机赋予2名敌人魅惑状态。</color><color=#b00000>回合开始时，随机赋予我方2人迟滞状态。</color>
遅滞付与/遅滞患いの穢詛	迟滞赋予/迟滞患的秽咒
<color=#005C5E>ウェーブ開始時、ランダムな敵2体に遅滞を付与。</color><color=#b00000>ウェーブ開始時、ランダムな味方2人に遅滞を付与。</color>	<color=#005C5E>回合开始时，随机赋予2名敌人迟滞状态。</color><color=#b00000>回合开始时，随机赋予我方2人迟滞状态。</color>
弱体付与/遅滞患いの穢詛	弱体赋予/迟滞患的秽咒
<color=#005C5E>ウェーブ開始時、ランダムな敵2体に弱体を付与。</color><color=#b00000>ウェーブ開始時、ランダムな味方2人に遅滞を付与。</color>	<color=#005C5E>回合开始时，随机赋予2名敌人弱体状态。</color><color=#b00000>回合开始时，随机赋予我方2人迟滞状态。</color>
与撃超越/弱体患いの穢詛	攻击超越/弱体患的秽咒
<color=#005C5E>味方全体のダメージ上限50000増加。</color><color=#b00000>ウェーブ開始時、ランダムな味方2人に弱体を付与。</color>	<color=#005C5E>我方全体伤害上限增加50000。</color><color=#b00000>回合开始时，随机赋予我方2人弱体状态。</color>
萌力加速/弱体患いの穢詛	萌力加速/弱体患的秽咒
<color=#005C5E>味方全体の萌技ゲージ増加量100%増加。</color><color=#b00000>ウェーブ開始時、ランダムな味方2人に弱体を付与。</color>	<color=#005C5E>我方全体萌技能量槽增加量提升100%。</color><color=#b00000>回合开始时，随机赋予我方2人弱体状态。</color>
再動短縮/弱体患いの穢詛	再动缩短/弱体患的秽咒
<color=#005C5E>ターン開始時のCT減少量1増加。</color><color=#b00000>ウェーブ開始時、ランダムな味方2人に弱体を付与。</color>	<color=#005C5E>回合开始时CT减少量增加1。</color><color=#b00000>回合开始时，随机赋予我方2人弱体状态。</color>
萌技強化/弱体患いの穢詛	萌技强化/弱体患的秽咒
<color=#005C5E>味方全体の萌技威力3000強化。</color><color=#b00000>ウェーブ開始時、ランダムな味方2人に弱体を付与。</color>	<color=#005C5E>我方全体萌技威力强化3000。</color><color=#b00000>回合开始时，随机赋予我方2人弱体状态。</color>
特技強化/弱体患いの穢詛	特技强化/弱体患的秽咒
<color=#005C5E>味方全体の通常攻撃以外のスキルの威力3000強化。</color><color=#b00000>ウェーブ開始時、ランダムな味方2人に弱体を付与。</color>	<color=#005C5E>我方全体普通攻击以外的技能威力强化3000。</color><color=#b00000>回合开始时，随机赋予我方2人弱体状态。</color>
効果増幅/弱体患いの穢詛	效果增幅/弱体患的秽咒
<color=#005C5E>味方全体のバフ効果量50％増加。</color><color=#b00000>ウェーブ開始時、ランダムな味方2人に弱体を付与。</color>	<color=#005C5E>我方全体的增益效果提升50%。</color><color=#b00000>回合开始时，随机赋予我方2人弱体状态。</color>
補助強化/弱体患いの穢詛	辅助强化/弱体患的秽咒
<color=#005C5E>味方全体の補助効果によるパラメータ増加量50％増加。</color><color=#b00000>ウェーブ開始時、ランダムな味方2人に弱体を付与。</color>	<color=#005C5E>我方全体通过辅助效果获得的属性提升量增加50%。</color><color=#b00000>回合开始时，随机赋予我方2人弱体状态。</color>
持続強化/弱体患いの穢詛	持续强化/弱体患的秽咒
<color=#005C5E>味方全体の補助効果の持続ターン数2増加。</color><color=#b00000>ウェーブ開始時、ランダムな味方2人に弱体を付与。</color>	<color=#005C5E>我方全体的辅助效果持续时间增加2。</color><color=#b00000>回合开始时，随机赋予我方2人弱体状态。</color>
冥力増加/弱体患いの穢詛	冥力增加/弱体患的秽咒
<color=#005C5E>バトル開始時のMP15増加。</color><color=#b00000>ウェーブ開始時、ランダムな味方2人に弱体を付与。</color>	<color=#005C5E>战斗开始时MP增加15。</color><color=#b00000>回合开始时，随机赋予我方2人弱体状态。</color>
冥力加速/弱体患いの穢詛	冥力加速/弱体患的秽咒
<color=#005C5E>ターン開始時のMP回復量2増加。</color><color=#b00000>ウェーブ開始時、ランダムな味方2人に弱体を付与。</color>	<color=#005C5E>回合开始时MP回复量增加2。</color><color=#b00000>回合开始时，随机赋予我方2人弱体状态。</color>
弱体解除/弱体患いの穢詛	弱体解除/弱体患的秽咒
<color=#005C5E>ウェーブ開始時、ランダムな味方2人のデバフを全て解除。</color><color=#b00000>ウェーブ開始時、ランダムな味方2人に弱体を付与。</color>	<color=#005C5E>回合开始时，随机解除我方2人的所有减益效果。</color><color=#b00000>回合开始时，随机赋予我方2人弱体状态。</color>
支援攻撃/弱体患いの穢詛	支援攻击/弱体患的秽咒
<color=#005C5E>ウェーブ開始時、敵全体に150000のダメージを与える。</color><color=#b00000>ウェーブ開始時、ランダムな味方2人に弱体を付与。</color>	<color=#005C5E>回合开始时，对敌方全体造成150000伤害。</color><color=#b00000>回合开始时，随机赋予我方2人弱体状态。</color>
気絶付与/弱体患いの穢詛	眩晕赋予/弱体患的秽咒
<color=#005C5E>ウェーブ開始時、ランダムな敵2体にスタンを付与。</color><color=#b00000>ウェーブ開始時、ランダムな味方2人に弱体を付与。</color>	<color=#005C5E>回合开始时，随机赋予2名敌人眩晕状态。</color><color=#b00000>回合开始时，随机赋予我方2人弱体状态。</color>
睡眠付与/弱体患いの穢詛	睡眠赋予/弱体患的秽咒
<color=#005C5E>ウェーブ開始時、ランダムな敵2体に睡眠を付与。</color><color=#b00000>ウェーブ開始時、ランダムな味方2人に弱体を付与。</color>	<color=#005C5E>回合开始时，随机赋予2名敌人睡眠状态。</color><color=#b00000>回合开始时，随机赋予我方2人弱体状态。</color>
忘却付与/弱体患いの穢詛	忘却赋予/弱体患的秽咒
<color=#005C5E>ウェーブ開始時、ランダムな敵2体に忘却を付与。</color><color=#b00000>ウェーブ開始時、ランダムな味方2人に弱体を付与。</color>	<color=#005C5E>回合开始时，随机赋予2名敌人遗忘状态。</color><color=#b00000>回合开始时，随机赋予我方2人弱体状态。</color>
鈍重付与/弱体患いの穢詛	迟钝赋予/弱体患的秽咒
<color=#005C5E>ウェーブ開始時、ランダムな敵2体に鈍重を付与。</color><color=#b00000>ウェーブ開始時、ランダムな味方2人に弱体を付与。</color>	<color=#005C5E>回合开始时，随机赋予2名敌人迟钝状态。</color><color=#b00000>回合开始时，随机赋予我方2人弱体状态。</color>
魅了付与/弱体患いの穢詛	魅惑赋予/弱体患的秽咒
<color=#005C5E>ウェーブ開始時、ランダムな敵2体に魅了を付与。</color><color=#b00000>ウェーブ開始時、ランダムな味方2人に弱体を付与。</color>	<color=#005C5E>回合开始时，随机赋予2名敌人魅惑状态。</color><color=#b00000>回合开始时，随机赋予我方2人弱体状态。</color>
遅滞付与/弱体患いの穢詛	迟滞赋予/弱体患的秽咒
<color=#005C5E>ウェーブ開始時、ランダムな敵2体に遅滞を付与。</color><color=#b00000>ウェーブ開始時、ランダムな味方2人に弱体を付与。</color>	<color=#005C5E>回合开始时，随机赋予2名敌人迟滞状态。</color><color=#b00000>回合开始时，随机赋予我方2人弱体状态。</color>
弱体付与/弱体患いの穢詛	弱体赋予/弱体患的秽咒
<color=#005C5E>ウェーブ開始時、ランダムな敵2体に弱体を付与。</color><color=#b00000>ウェーブ開始時、ランダムな味方2人に弱体を付与。</color>	<color=#005C5E>回合开始时，随机赋予2名敌人弱体状态。</color><color=#b00000>回合开始时，随机赋予我方2人弱体状态。</color>
与撃超越/冥力停滞の穢詛	攻击超越/冥力停滞的秽咒
<color=#005C5E>味方全体のダメージ上限60000増加。</color><color=#b00000>ターン開始時のMP回復量1減少。</color>	<color=#005C5E>我方全体伤害上限增加60000。</color><color=#b00000>回合开始时MP回复量减少1。</color>
抵抗強化/冥力停滞の穢詛	抵抗强化/冥力停滞的秽咒
<color=#005C5E>味方全体の全ての状態異常抵抗率増加。</color><color=#b00000>ターン開始時のMP回復量1減少。</color>	<color=#005C5E>我方全体对所有异常状态的抵抗率提升。</color><color=#b00000>回合开始时MP回复量减少1。</color>
萌力加速/冥力停滞の穢詛	萌力加速/冥力停滞的秽咒
<color=#005C5E>味方全体の萌技ゲージ増加量200%増加。</color><color=#b00000>ターン開始時のMP回復量1減少。</color>	<color=#005C5E>我方全体萌技能量槽增加量提升200%。</color><color=#b00000>回合开始时MP回复量减少1。</color>
再動短縮/冥力停滞の穢詛	再动缩短/冥力停滞的秽咒
<color=#005C5E>ターン開始時のCT減少量2増加。</color><color=#b00000>ターン開始時のMP回復量1減少。</color>	<color=#005C5E>回合开始时CT减少量增加2。</color><color=#b00000>回合开始时MP回复量减少1。</color>
萌技強化/冥力停滞の穢詛	萌技强化/冥力停滞的秽咒
<color=#005C5E>味方全体の萌技威力4000強化。</color><color=#b00000>ターン開始時のMP回復量1減少。</color>	<color=#005C5E>我方全体萌技威力强化4000。</color><color=#b00000>回合开始时MP回复量减少1。</color>
特技強化/冥力停滞の穢詛	特技强化/冥力停滞的秽咒
<color=#005C5E>味方全体の通常攻撃以外のスキルの威力4000強化。</color><color=#b00000>ターン開始時のMP回復量1減少。</color>	<color=#005C5E>我方全体普通攻击以外的技能威力强化4000。</color><color=#b00000>回合开始时MP回复量减少1。</color>
継続回復/冥力停滞の穢詛	持续回复/冥力停滞的秽咒
<color=#005C5E>ターン開始時、最もHPが少ない味方のHP40000回復。</color><color=#b00000>ターン開始時のMP回復量1減少。</color>	<color=#005C5E>回合开始时，回复我方HP最低的成员40000 HP。</color><color=#b00000>回合开始时MP回复量减少1。</color>
瞑想広布/冥力停滞の穢詛	冥想广布/冥力停滞的秽咒
<color=#005C5E>バトル開始時、味方全体に瞑想を付与。</color><color=#b00000>ターン開始時のMP回復量1減少。</color>	<color=#005C5E>战斗开始时，赋予我方全体冥想状态。</color><color=#b00000>回合开始时MP回复量减少1。</color>
飛行広布/冥力停滞の穢詛	飞行广布/冥力停滞的秽咒
<color=#005C5E>バトル開始時、味方全体に飛行を付与。</color><color=#b00000>ターン開始時のMP回復量1減少。</color>	<color=#005C5E>战斗开始时，赋予我方全体飞行状态。</color><color=#b00000>回合开始时MP回复量减少1。</color>
幻影広布/冥力停滞の穢詛	幻影广布/冥力停滞的秽咒
<color=#005C5E>バトル開始時、味方全体に幻影を付与。</color><color=#b00000>ターン開始時のMP回復量1減少。</color>	<color=#005C5E>战斗开始时，赋予我方全体幻影状态。</color><color=#b00000>回合开始时MP回复量减少1。</color>
快癒/冥力停滞の穢詛	快愈/冥力停滞的秽咒
<color=#005C5E>ウェーブ開始時、ランダムな味方3人の状態異常を1つ解除。</color><color=#b00000>ターン開始時のMP回復量1減少。</color>	<color=#005C5E>回合开始时，随机解除我方3人的1个异常状态。</color><color=#b00000>回合开始时MP回复量减少1。</color>
起死回生/冥力停滞の穢詛	起死回生/冥力停滞的秽咒
<color=#005C5E>味方が戦闘不能になった際、HP全快で復活（一度のみ発動)。</color><color=#b00000>ターン開始時のMP回復量1減少。</color>	<color=#005C5E>我方成员战斗不能时，以满HP状态复活（仅可发动一次）。</color><color=#b00000>回合开始时MP回复量减少1。</color>
気絶付与/冥力停滞の穢詛	眩晕赋予/冥力停滞的秽咒
<color=#005C5E>ウェーブ開始時、ランダムな敵3体にスタンを付与。</color><color=#b00000>ターン開始時のMP回復量1減少。</color>	<color=#005C5E>回合开始时，随机赋予3名敌人眩晕状态。</color><color=#b00000>回合开始时MP回复量减少1。</color>
睡眠付与/冥力停滞の穢詛	睡眠赋予/冥力停滞的秽咒
<color=#005C5E>ウェーブ開始時、ランダムな敵3体に睡眠を付与。</color><color=#b00000>ターン開始時のMP回復量1減少。</color>	<color=#005C5E>回合开始时，随机赋予3名敌人睡眠状态。</color><color=#b00000>回合开始时MP回复量减少1。</color>
忘却付与/冥力停滞の穢詛	忘却赋予/冥力停滞的秽咒
<color=#005C5E>ウェーブ開始時、ランダムな敵3体に忘却を付与。</color><color=#b00000>ターン開始時のMP回復量1減少。</color>	<color=#005C5E>回合开始时，随机赋予3名敌人遗忘状态。</color><color=#b00000>回合开始时MP回复量减少1。</color>
鈍重付与/冥力停滞の穢詛	迟钝赋予/冥力停滞的秽咒
<color=#005C5E>ウェーブ開始時、ランダムな敵3体に鈍重を付与。</color><color=#b00000>ターン開始時のMP回復量1減少。</color>	<color=#005C5E>回合开始时，随机赋予3名敌人迟钝状态。</color><color=#b00000>回合开始时MP回复量减少1。</color>
魅了付与/冥力停滞の穢詛	魅惑赋予/冥力停滞的秽咒
<color=#005C5E>ウェーブ開始時、ランダムな敵3体に魅了を付与。</color><color=#b00000>ターン開始時のMP回復量1減少。</color>	<color=#005C5E>回合开始时，随机赋予3名敌人魅惑状态。</color><color=#b00000>回合开始时MP回复量减少1。</color>
遅滞付与/冥力停滞の穢詛	迟滞赋予/冥力停滞的秽咒
<color=#005C5E>ウェーブ開始時、ランダムな敵3体に遅滞を付与。</color><color=#b00000>ターン開始時のMP回復量1減少。</color>	<color=#005C5E>回合开始时，随机赋予3名敌人迟滞状态。</color><color=#b00000>回合开始时MP回复量减少1。</color>
弱体付与/冥力停滞の穢詛	弱体赋予/冥力停滞的秽咒
<color=#005C5E>ウェーブ開始時、ランダムな敵3体に弱体を付与。</color><color=#b00000>ターン開始時のMP回復量1減少。</color>	<color=#005C5E>回合开始时，随机赋予3名敌人弱体状态。</color><color=#b00000>回合开始时MP回复量减少1。</color>
支援攻撃/冥力停滞の穢詛	支援攻击/冥力停滞的秽咒
<color=#005C5E>ウェーブ開始時、敵全体に200000のダメージを与える。</color><color=#b00000>ターン開始時のMP回復量1減少。</color>	<color=#005C5E>回合开始时，对敌方全体造成200000伤害。</color><color=#b00000>回合开始时MP回复量减少1。</color>
冥力増加/回避不能の穢詛	冥力增加/回避不能的秽咒
<color=#005C5E>バトル開始時のMP20増加。</color><color=#b00000>味方全体が敵の攻撃を回避不可能になる。</color>	<color=#005C5E>战斗开始时MP增加20。</color><color=#b00000>我方全体无法回避敌人的攻击。</color>
与撃超越/回避不能の穢詛	攻击超越/回避不能的秽咒
<color=#005C5E>味方全体のダメージ上限60000増加。</color><color=#b00000>味方全体が敵の攻撃を回避不可能になる。</color>	<color=#005C5E>我方全体伤害上限增加60000。</color><color=#b00000>我方全体无法回避敌人的攻击。</color>
萌力加速/回避不能の穢詛	萌力加速/回避不能的秽咒
<color=#005C5E>味方全体の萌技ゲージ増加量200%増加。</color><color=#b00000>味方全体が敵の攻撃を回避不可能になる。</color>	<color=#005C5E>我方全体萌技能量槽增加量提升200%。</color><color=#b00000>我方全体无法回避敌人的攻击。</color>
再動短縮/回避不能の穢詛	再动缩短/回避不能的秽咒
<color=#005C5E>ターン開始時のCT減少量2増加。</color><color=#b00000>味方全体が敵の攻撃を回避不可能になる。</color>	<color=#005C5E>回合开始时CT减少量增加2。</color><color=#b00000>我方全体无法回避敌人的攻击。</color>
萌技強化/回避不能の穢詛	萌技强化/回避不能的秽咒
<color=#005C5E>味方全体の萌技威力4000強化。</color><color=#b00000>味方全体が敵の攻撃を回避不可能になる。</color>	<color=#005C5E>我方全体萌技威力强化4000。</color><color=#b00000>我方全体无法回避敌人的攻击。</color>
特技強化/回避不能の穢詛	特技强化/回避不能的秽咒
<color=#005C5E>味方全体の通常攻撃以外のスキルの威力4000強化。</color><color=#b00000>味方全体が敵の攻撃を回避不可能になる。</color>	<color=#005C5E>我方全体普通攻击以外的技能威力强化4000。</color><color=#b00000>我方全体无法回避敌人的攻击。</color>
効果増幅/回避不能の穢詛	效果增幅/回避不能的秽咒
<color=#005C5E>味方全体のバフ効果量60%増加。</color><color=#b00000>味方全体が敵の攻撃を回避不可能になる。</color>	<color=#005C5E>我方全体的增益效果提升60%。</color><color=#b00000>我方全体无法回避敌人的攻击。</color>
補助強化/回避不能の穢詛	辅助强化/回避不能的秽咒
<color=#005C5E>味方全体の補助効果によるパラメータ増加量60%増加。</color><color=#b00000>味方全体が敵の攻撃を回避不可能になる。</color>	<color=#005C5E>我方全体通过辅助效果获得的属性提升量增加60%。</color><color=#b00000>我方全体无法回避敌人的攻击。</color>
持続強化/回避不能の穢詛	持续强化/回避不能的秽咒
<color=#005C5E>味方全体の補助効果の持続ターン数3増加。</color><color=#b00000>味方全体が敵の攻撃を回避不可能になる。</color>	<color=#005C5E>我方全体的辅助效果持续时间增加3。</color><color=#b00000>我方全体无法回避敌人的攻击。</color>
冥力加速/回避不能の穢詛	冥力加速/回避不能的秽咒
<color=#005C5E>ターン開始時のMP回復量3増加。</color><color=#b00000>味方全体が敵の攻撃を回避不可能になる。</color>	<color=#005C5E>回合开始时MP回复量增加3。</color><color=#b00000>我方全体无法回避敌人的攻击。</color>
弱体解除/回避不能の穢詛	弱体解除/回避不能的秽咒
<color=#005C5E>ウェーブ開始時、ランダムな味方2人のデバフを全て解除。</color><color=#b00000>味方全体が敵の攻撃を回避不可能になる。</color>	<color=#005C5E>回合开始时，随机解除我方2人的所有减益效果。</color><color=#b00000>我方全体无法回避敌人的攻击。</color>
気絶付与/回避不能の穢詛	眩晕赋予/回避不能的秽咒
<color=#005C5E>ウェーブ開始時、ランダムな敵3体にスタンを付与。</color><color=#b00000>味方全体が敵の攻撃を回避不可能になる。</color>	<color=#005C5E>回合开始时，随机赋予3名敌人眩晕状态。</color><color=#b00000>我方全体无法回避敌人的攻击。</color>
睡眠付与/回避不能の穢詛	睡眠赋予/回避不能的秽咒
<color=#005C5E>ウェーブ開始時、ランダムな敵3体に睡眠を付与。</color><color=#b00000>味方全体が敵の攻撃を回避不可能になる。</color>	<color=#005C5E>回合开始时，随机赋予3名敌人睡眠状态。</color><color=#b00000>我方全体无法回避敌人的攻击。</color>
忘却付与/回避不能の穢詛	忘却赋予/回避不能的秽咒
<color=#005C5E>ウェーブ開始時、ランダムな敵3体に忘却を付与。</color><color=#b00000>味方全体が敵の攻撃を回避不可能になる。</color>	<color=#005C5E>回合开始时，随机赋予3名敌人遗忘状态。</color><color=#b00000>我方全体无法回避敌人的攻击。</color>
鈍重付与/回避不能の穢詛	迟钝赋予/回避不能的秽咒
<color=#005C5E>ウェーブ開始時、ランダムな敵3体に鈍重を付与。</color><color=#b00000>味方全体が敵の攻撃を回避不可能になる。</color>	<color=#005C5E>回合开始时，随机赋予3名敌人迟钝状态。</color><color=#b00000>我方全体无法回避敌人的攻击。</color>
魅了付与/回避不能の穢詛	魅惑赋予/回避不能的秽咒
<color=#005C5E>ウェーブ開始時、ランダムな敵3体に魅了を付与。</color><color=#b00000>味方全体が敵の攻撃を回避不可能になる。</color>	<color=#005C5E>回合开始时，随机赋予3名敌人魅惑状态。</color><color=#b00000>我方全体无法回避敌人的攻击。</color>
遅滞付与/回避不能の穢詛	迟滞赋予/回避不能的秽咒
<color=#005C5E>ウェーブ開始時、ランダムな敵3体に遅滞を付与。</color><color=#b00000>味方全体が敵の攻撃を回避不可能になる。</color>	<color=#005C5E>回合开始时，随机赋予3名敌人迟滞状态。</color><color=#b00000>我方全体无法回避敌人的攻击。</color>
弱体付与/回避不能の穢詛	弱体赋予/回避不能的秽咒
<color=#005C5E>ウェーブ開始時、ランダムな敵3体に弱体を付与。</color><color=#b00000>味方全体が敵の攻撃を回避不可能になる。</color>	<color=#005C5E>回合开始时，随机赋予3名敌人弱体状态。</color><color=#b00000>我方全体无法回避敌人的攻击。</color>
支援攻撃/回避不能の穢詛	支援攻击/回避不能的秽咒
<color=#005C5E>ウェーブ開始時、敵全体に200000のダメージを与える。</color><color=#b00000>味方全体が敵の攻撃を回避不可能になる。</color>	<color=#005C5E>回合开始时，对敌方全体造成200000伤害。</color><color=#b00000>我方全体无法回避敌人的攻击。</color>
与撃超越/被撃致命の穢詛	攻击超越/受击致命的秽咒
<color=#005C5E>味方全体のダメージ上限60000増加。</color><color=#b00000>敵からの物理攻撃が必ずクリティカルになる。</color>	<color=#005C5E>我方全体伤害上限增加60000。</color><color=#b00000>受到敌人的物理攻击必定暴击。</color>
萌力加速/被撃致命の穢詛	萌力加速/受击致命的秽咒
<color=#005C5E>味方全体の萌技ゲージ増加量200%増加。</color><color=#b00000>敵からの物理攻撃が必ずクリティカルになる。</color>	<color=#005C5E>我方全体萌技能量槽增加量提升200%。</color><color=#b00000>受到敌人的物理攻击必定暴击。</color>
再動短縮/被撃致命の穢詛	再动缩短/受击致命的秽咒
<color=#005C5E>ターン開始時のCT減少量2増加。</color><color=#b00000>敵からの物理攻撃が必ずクリティカルになる。</color>	<color=#005C5E>回合开始时CT减少量增加2。</color><color=#b00000>受到敌人的物理攻击必定暴击。</color>
萌技強化/被撃致命の穢詛	萌技强化/受击致命的秽咒
<color=#005C5E>味方全体の萌技威力4000強化。</color><color=#b00000>敵からの物理攻撃が必ずクリティカルになる。</color>	<color=#005C5E>我方全体萌技威力强化4000。</color><color=#b00000>受到敌人的物理攻击必定暴击。</color>
特技強化/被撃致命の穢詛	特技强化/受击致命的秽咒
<color=#005C5E>味方全体の通常攻撃以外のスキルの威力4000強化。</color><color=#b00000>敵からの物理攻撃が必ずクリティカルになる。</color>	<color=#005C5E>我方全体普通攻击以外的技能威力强化4000。</color><color=#b00000>受到敌人的物理攻击必定暴击。</color>
効果増幅/被撃致命の穢詛	效果增幅/受击致命的秽咒
<color=#005C5E>味方全体のバフ効果量60%増加。</color><color=#b00000>敵からの物理攻撃が必ずクリティカルになる。</color>	<color=#005C5E>我方全体的增益效果提升60%。</color><color=#b00000>受到敌人的物理攻击必定暴击。</color>
補助強化/被撃致命の穢詛	辅助强化/受击致命的秽咒
<color=#005C5E>味方全体の補助効果によるパラメータ増加量60%増加。</color><color=#b00000>敵からの物理攻撃が必ずクリティカルになる。</color>	<color=#005C5E>我方全体通过辅助效果获得的属性提升量增加60%。</color><color=#b00000>受到敌人的物理攻击必定暴击。</color>
持続強化/被撃致命の穢詛	持续强化/受击致命的秽咒
<color=#005C5E>味方全体の補助効果の持続ターン数3増加。</color><color=#b00000>敵からの物理攻撃が必ずクリティカルになる。</color>	<color=#005C5E>我方全体的辅助效果持续时间增加3。</color><color=#b00000>受到敌人的物理攻击必定暴击。</color>
弱体解除/被撃致命の穢詛	弱体解除/受击致命的秽咒
<color=#005C5E>ウェーブ開始時、ランダムな味方2人のデバフを全て解除。</color><color=#b00000>敵からの物理攻撃が必ずクリティカルになる。</color>	<color=#005C5E>回合开始时，随机解除我方2人的所有减益效果。</color><color=#b00000>受到敌人的物理攻击必定暴击。</color>
気絶付与/被撃致命の穢詛	眩晕赋予/受击致命的秽咒
<color=#005C5E>ウェーブ開始時、ランダムな敵3体にスタンを付与。</color><color=#b00000>敵からの物理攻撃が必ずクリティカルになる。</color>	<color=#005C5E>回合开始时，随机赋予3名敌人眩晕状态。</color><color=#b00000>受到敌人的物理攻击必定暴击。</color>
睡眠付与/被撃致命の穢詛	睡眠赋予/受击致命的秽咒
<color=#005C5E>ウェーブ開始時、ランダムな敵3体に睡眠を付与。</color><color=#b00000>敵からの物理攻撃が必ずクリティカルになる。</color>	<color=#005C5E>回合开始时，随机赋予3名敌人睡眠状态。</color><color=#b00000>受到敌人的物理攻击必定暴击。</color>
忘却付与/被撃致命の穢詛	忘却赋予/受击致命的秽咒
<color=#005C5E>ウェーブ開始時、ランダムな敵3体に忘却を付与。</color><color=#b00000>敵からの物理攻撃が必ずクリティカルになる。</color>	<color=#005C5E>回合开始时，随机赋予3名敌人遗忘状态。</color><color=#b00000>受到敌人的物理攻击必定暴击。</color>
鈍重付与/被撃致命の穢詛	迟钝赋予/受击致命的秽咒
<color=#005C5E>ウェーブ開始時、ランダムな敵3体に鈍重を付与。</color><color=#b00000>敵からの物理攻撃が必ずクリティカルになる。</color>	<color=#005C5E>回合开始时，随机赋予3名敌人迟钝状态。</color><color=#b00000>受到敌人的物理攻击必定暴击。</color>
魅了付与/被撃致命の穢詛	魅惑赋予/受击致命的秽咒
<color=#005C5E>ウェーブ開始時、ランダムな敵3体に魅了を付与。</color><color=#b00000>敵からの物理攻撃が必ずクリティカルになる。</color>	<color=#005C5E>回合开始时，随机赋予3名敌人魅惑状态。</color><color=#b00000>受到敌人的物理攻击必定暴击。</color>
遅滞付与/被撃致命の穢詛	迟滞赋予/受击致命的秽咒
<color=#005C5E>ウェーブ開始時、ランダムな敵3体に遅滞を付与。</color><color=#b00000>敵からの物理攻撃が必ずクリティカルになる。</color>	<color=#005C5E>回合开始时，随机赋予3名敌人迟滞状态。</color><color=#b00000>受到敌人的物理攻击必定暴击。</color>
弱体付与/被撃致命の穢詛	弱体赋予/受击致命的秽咒
<color=#005C5E>ウェーブ開始時、ランダムな敵3体に弱体を付与。</color><color=#b00000>敵からの物理攻撃が必ずクリティカルになる。</color>	<color=#005C5E>回合开始时，随机赋予3名敌人弱体状态。</color><color=#b00000>受到敌人的物理攻击必定暴击。</color>
支援攻撃/被撃致命の穢詛	支援攻击/受击致命的秽咒
<color=#005C5E>ウェーブ開始時、敵全体に200000のダメージを与える。</color><color=#b00000>敵からの物理攻撃が必ずクリティカルになる。</color>	<color=#005C5E>回合开始时，对敌方全体造成200000伤害。</color><color=#b00000>受到敌人的物理攻击必定暴击。</color>
冥力増加/被撃致命の穢詛	冥力增加/受击致命的秽咒
<color=#005C5E>バトル開始時のMP20増加。</color><color=#b00000>敵からの物理攻撃が必ずクリティカルになる。</color>	<color=#005C5E>战斗开始时MP增加20。</color><color=#b00000>受到敌人的物理攻击必定暴击。</color>
冥力加速/被撃致命の穢詛	冥力加速/受击致命的秽咒
<color=#005C5E>ターン開始時のMP回復量3増加。</color><color=#b00000>敵からの物理攻撃が必ずクリティカルになる。</color>	<color=#005C5E>回合开始时MP回复量增加3。</color><color=#b00000>受到敌人的物理攻击必定暴击。</color>
萌力加速/蘇生不可の穢詛	萌力加速/无法苏生的秽咒
<color=#005C5E>味方全体の萌技ゲージ増加量200%増加。</color><color=#b00000>味方全体が蘇生出来なくなる。</color>	<color=#005C5E>我方全体萌技能量槽增加量提升200%。</color><color=#b00000>我方全体无法复活。</color>
再動短縮/蘇生不可の穢詛	再动缩短/无法苏生的秽咒
<color=#005C5E>ターン開始時のCT減少量2増加。</color><color=#b00000>味方全体が蘇生出来なくなる。</color>	<color=#005C5E>回合开始时CT减少量增加2。</color><color=#b00000>我方全体无法复活。</color>
与撃超越/蘇生不可の穢詛	攻击超越/无法苏生的秽咒
<color=#005C5E>味方全体のダメージ上限60000増加。</color><color=#b00000>味方全体が蘇生出来なくなる。</color>	<color=#005C5E>我方全体伤害上限增加60000。</color><color=#b00000>我方全体无法复活。</color>
萌技強化/蘇生不可の穢詛	萌技强化/无法苏生的秽咒
<color=#005C5E>味方全体の萌技威力4000強化。</color><color=#b00000>味方全体が蘇生出来なくなる。</color>	<color=#005C5E>我方全体萌技威力强化4000。</color><color=#b00000>我方全体无法复活。</color>
特技強化/蘇生不可の穢詛	特技强化/无法苏生的秽咒
<color=#005C5E>味方全体の通常攻撃以外のスキルの威力4000強化。</color><color=#b00000>味方全体が蘇生出来なくなる。</color>	<color=#005C5E>我方全体普通攻击以外的技能威力强化4000。</color><color=#b00000>我方全体无法复活。</color>
効果増幅/蘇生不可の穢詛	效果增幅/无法苏生的秽咒
<color=#005C5E>味方全体のバフ効果量60%増加。</color><color=#b00000>味方全体が蘇生出来なくなる。</color>	<color=#005C5E>我方全体的增益效果提升60%。</color><color=#b00000>我方全体无法复活。</color>
補助強化/蘇生不可の穢詛	辅助强化/无法苏生的秽咒
<color=#005C5E>味方全体の補助効果によるパラメータ増加量60%増加。</color><color=#b00000>味方全体が蘇生出来なくなる。</color>	<color=#005C5E>我方全体通过辅助效果获得的属性提升量增加60%。</color><color=#b00000>我方全体无法复活。</color>
持続強化/蘇生不可の穢詛	持续强化/无法苏生的秽咒
<color=#005C5E>味方全体の補助効果の持続ターン数3増加。</color><color=#b00000>味方全体が蘇生出来なくなる。</color>	<color=#005C5E>我方全体的辅助效果持续时间增加3。</color><color=#b00000>我方全体无法复活。</color>
弱体解除/蘇生不可の穢詛	弱体解除/无法苏生的秽咒
<color=#005C5E>ウェーブ開始時、ランダムな味方2人のデバフを全て解除。</color><color=#b00000>味方全体が蘇生出来なくなる。</color>	<color=#005C5E>回合开始时，随机解除我方2人的所有减益效果。</color><color=#b00000>我方全体无法复活。</color>
気絶付与/蘇生不可の穢詛	眩晕赋予/无法苏生的秽咒
<color=#005C5E>ウェーブ開始時、ランダムな敵3体にスタンを付与。</color><color=#b00000>味方全体が蘇生出来なくなる。</color>	<color=#005C5E>回合开始时，随机赋予3名敌人眩晕状态。</color><color=#b00000>我方全体无法复活。</color>
睡眠付与/蘇生不可の穢詛	睡眠赋予/无法苏生的秽咒
<color=#005C5E>ウェーブ開始時、ランダムな敵3体に睡眠を付与。</color><color=#b00000>味方全体が蘇生出来なくなる。</color>	<color=#005C5E>回合开始时，随机赋予3名敌人睡眠状态。</color><color=#b00000>我方全体无法复活。</color>
忘却付与/蘇生不可の穢詛	忘却赋予/无法苏生的秽咒
<color=#005C5E>ウェーブ開始時、ランダムな敵3体に忘却を付与。</color><color=#b00000>味方全体が蘇生出来なくなる。</color>	<color=#005C5E>回合开始时，随机赋予3名敌人遗忘状态。</color><color=#b00000>我方全体无法复活。</color>
鈍重付与/蘇生不可の穢詛	迟钝赋予/无法苏生的秽咒
<color=#005C5E>ウェーブ開始時、ランダムな敵3体に鈍重を付与。</color><color=#b00000>味方全体が蘇生出来なくなる。</color>	<color=#005C5E>回合开始时，随机赋予3名敌人迟钝状态。</color><color=#b00000>我方全体无法复活。</color>
魅了付与/蘇生不可の穢詛	魅惑赋予/无法苏生的秽咒
<color=#005C5E>ウェーブ開始時、ランダムな敵3体に魅了を付与。</color><color=#b00000>味方全体が蘇生出来なくなる。</color>	<color=#005C5E>回合开始时，随机赋予3名敌人魅惑状态。</color><color=#b00000>我方全体无法复活。</color>
遅滞付与/蘇生不可の穢詛	迟滞赋予/无法苏生的秽咒
<color=#005C5E>ウェーブ開始時、ランダムな敵3体に遅滞を付与。</color><color=#b00000>味方全体が蘇生出来なくなる。</color>	<color=#005C5E>回合开始时，随机赋予3名敌人迟滞状态。</color><color=#b00000>我方全体无法复活。</color>
弱体付与/蘇生不可の穢詛	弱体赋予/无法苏生的秽咒
<color=#005C5E>ウェーブ開始時、ランダムな敵3体に弱体を付与。</color><color=#b00000>味方全体が蘇生出来なくなる。</color>	<color=#005C5E>回合开始时，随机赋予3名敌人弱体状态。</color><color=#b00000>我方全体无法复活。</color>
支援攻撃/蘇生不可の穢詛	支援攻击/无法苏生的秽咒
<color=#005C5E>ウェーブ開始時、敵全体に200000のダメージを与える。</color><color=#b00000>味方全体が蘇生出来なくなる。</color>	<color=#005C5E>回合开始时，对敌方全体造成200000伤害。</color><color=#b00000>我方全体无法复活。</color>
冥力増加/蘇生不可の穢詛	冥力增加/无法苏生的秽咒
<color=#005C5E>バトル開始時のMP20増加。</color><color=#b00000>味方全体が蘇生出来なくなる。</color>	<color=#005C5E>战斗开始时MP增加20。</color><color=#b00000>我方全体无法复活。</color>
冥力加速/蘇生不可の穢詛	冥力加速/无法苏生的秽咒
<color=#005C5E>ターン開始時のMP回復量3増加。</color><color=#b00000>味方全体が蘇生出来なくなる。</color>	<color=#005C5E>回合开始时MP回复量增加3。</color><color=#b00000>我方全体无法复活。</color>
与撃超越/特技制限の穢詛	攻击超越/特技限制的秽咒
<color=#005C5E>味方全体のダメージ上限60000増加。</color><color=#b00000>次のバトルで同じスキルを編成出来なくなる。</color>	<color=#005C5E>我方全体伤害上限增加60000。</color><color=#b00000>在下一场战斗中无法编入相同的技能。</color>
抵抗強化/特技制限の穢詛	抵抗强化/特技限制的秽咒
<color=#005C5E>味方全体の全ての状態異常抵抗率増加。</color><color=#b00000>次のバトルで同じスキルを編成出来なくなる。</color>	<color=#005C5E>我方全体对所有异常状态的抵抗率提升。</color><color=#b00000>在下一场战斗中无法编入相同的技能。</color>
萌力加速/特技制限の穢詛	萌力加速/特技限制的秽咒
<color=#005C5E>味方全体の萌技ゲージ増加量200%増加。</color><color=#b00000>次のバトルで同じスキルを編成出来なくなる。</color>	<color=#005C5E>我方全体萌技能量槽增加量提升200%。</color><color=#b00000>在下一场战斗中无法编入相同的技能。</color>
再動短縮/特技制限の穢詛	再动缩短/特技限制的秽咒
<color=#005C5E>ターン開始時のCT減少量2増加。</color><color=#b00000>次のバトルで同じスキルを編成出来なくなる。</color>	<color=#005C5E>回合开始时CT减少量增加2。</color><color=#b00000>在下一场战斗中无法编入相同的技能。</color>
萌技強化/特技制限の穢詛	萌技强化/特技限制的秽咒
<color=#005C5E>味方全体の萌技威力4000強化。</color><color=#b00000>次のバトルで同じスキルを編成出来なくなる。</color>	<color=#005C5E>我方全体萌技威力强化4000。</color><color=#b00000>在下一场战斗中无法编入相同的技能。</color>
特技強化/特技制限の穢詛	特技强化/特技限制的秽咒
<color=#005C5E>味方全体の通常攻撃以外のスキルの威力4000強化。</color><color=#b00000>次のバトルで同じスキルを編成出来なくなる。</color>	<color=#005C5E>我方全体普通攻击以外的技能威力强化4000。</color><color=#b00000>在下一场战斗中无法编入相同的技能。</color>
継続回復/特技制限の穢詛	持续回复/特技限制的秽咒
<color=#005C5E>ターン開始時、最もHPが少ない味方のHP40000回復。</color><color=#b00000>次のバトルで同じスキルを編成出来なくなる。</color>	<color=#005C5E>回合开始时，回复我方HP最低的成员40000 HP。</color><color=#b00000>在下一场战斗中无法编入相同的技能。</color>
快癒/特技制限の穢詛	快愈/特技限制的秽咒
<color=#005C5E>ウェーブ開始時、ランダムな味方3人の状態異常を1つ解除。</color><color=#b00000>次のバトルで同じスキルを編成出来なくなる。</color>	<color=#005C5E>回合开始时，随机解除我方3人的1个异常状态。</color><color=#b00000>在下一场战斗中无法编入相同的技能。</color>
気絶付与/特技制限の穢詛	眩晕赋予/特技限制的秽咒
<color=#005C5E>ウェーブ開始時、ランダムな敵3体にスタンを付与。</color><color=#b00000>次のバトルで同じスキルを編成出来なくなる。</color>	<color=#005C5E>回合开始时，随机赋予3名敌人眩晕状态。</color><color=#b00000>在下一场战斗中无法编入相同的技能。</color>
睡眠付与/特技制限の穢詛	睡眠赋予/特技限制的秽咒
<color=#005C5E>ウェーブ開始時、ランダムな敵3体に睡眠を付与。</color><color=#b00000>次のバトルで同じスキルを編成出来なくなる。</color>	<color=#005C5E>回合开始时，随机赋予3名敌人睡眠状态。</color><color=#b00000>在下一场战斗中无法编入相同的技能。</color>
忘却付与/特技制限の穢詛	忘却赋予/特技限制的秽咒
<color=#005C5E>ウェーブ開始時、ランダムな敵3体に忘却を付与。</color><color=#b00000>次のバトルで同じスキルを編成出来なくなる。</color>	<color=#005C5E>回合开始时，随机赋予3名敌人遗忘状态。</color><color=#b00000>在下一场战斗中无法编入相同的技能。</color>
鈍重付与/特技制限の穢詛	迟钝赋予/特技限制的秽咒
<color=#005C5E>ウェーブ開始時、ランダムな敵3体に鈍重を付与。</color><color=#b00000>次のバトルで同じスキルを編成出来なくなる。</color>	<color=#005C5E>回合开始时，随机赋予3名敌人迟钝状态。</color><color=#b00000>在下一场战斗中无法编入相同的技能。</color>
魅了付与/特技制限の穢詛	魅惑赋予/特技限制的秽咒
<color=#005C5E>ウェーブ開始時、ランダムな敵3体に魅了を付与。</color><color=#b00000>次のバトルで同じスキルを編成出来なくなる。</color>	<color=#005C5E>回合开始时，随机赋予3名敌人魅惑状态。</color><color=#b00000>在下一场战斗中无法编入相同的技能。</color>
遅滞付与/特技制限の穢詛	迟滞赋予/特技限制的秽咒
<color=#005C5E>ウェーブ開始時、ランダムな敵3体に遅滞を付与。</color><color=#b00000>次のバトルで同じスキルを編成出来なくなる。</color>	<color=#005C5E>回合开始时，随机赋予3名敌人迟滞状态。</color><color=#b00000>在下一场战斗中无法编入相同的技能。</color>
弱体付与/特技制限の穢詛	弱体赋予/特技限制的秽咒
<color=#005C5E>ウェーブ開始時、ランダムな敵3体に弱体を付与。</color><color=#b00000>次のバトルで同じスキルを編成出来なくなる。</color>	<color=#005C5E>回合开始时，随机赋予3名敌人弱体状态。</color><color=#b00000>在下一场战斗中无法编入相同的技能。</color>
支援攻撃/特技制限の穢詛	支援攻击/特技限制的秽咒
<color=#005C5E>ウェーブ開始時、敵全体に200000のダメージを与える。</color><color=#b00000>次のバトルで同じスキルを編成出来なくなる。</color>	<color=#005C5E>回合开始时，对敌方全体造成200000伤害。</color><color=#b00000>在下一场战斗中无法编入相同的技能。</color>
与撃超越/能力制限の穢詛	攻击超越/能力限制的秽咒
<color=#005C5E>味方全体のダメージ上限60000増加。</color><color=#b00000>次のバトルで同じアビリティを編成出来なくなる。</color>	<color=#005C5E>我方全体伤害上限增加60000。</color><color=#b00000>在下一场战斗中无法编入相同的能力。</color>
抵抗強化/能力制限の穢詛	抵抗强化/能力限制的秽咒
<color=#005C5E>味方全体の全ての状態異常抵抗率増加。</color><color=#b00000>次のバトルで同じアビリティを編成出来なくなる。</color>	<color=#005C5E>我方全体对所有异常状态的抵抗率提升。</color><color=#b00000>在下一场战斗中无法编入相同的能力。</color>
萌力加速/能力制限の穢詛	萌力加速/能力限制的秽咒
<color=#005C5E>味方全体の萌技ゲージ増加量200%増加。</color><color=#b00000>次のバトルで同じアビリティを編成出来なくなる。</color>	<color=#005C5E>我方全体萌技能量槽增加量提升200%。</color><color=#b00000>在下一场战斗中无法编入相同的能力。</color>
再動短縮/能力制限の穢詛	再动缩短/能力限制的秽咒
<color=#005C5E>ターン開始時のCT減少量2増加。</color><color=#b00000>次のバトルで同じアビリティを編成出来なくなる。</color>	<color=#005C5E>回合开始时CT减少量增加2。</color><color=#b00000>在下一场战斗中无法编入相同的能力。</color>
萌技強化/能力制限の穢詛	萌技强化/能力限制的秽咒
<color=#005C5E>味方全体の萌技威力4000強化。</color><color=#b00000>次のバトルで同じアビリティを編成出来なくなる。</color>	<color=#005C5E>我方全体萌技威力强化4000。</color><color=#b00000>在下一场战斗中无法编入相同的能力。</color>
特技強化/能力制限の穢詛	特技强化/能力限制的秽咒
<color=#005C5E>味方全体の通常攻撃以外のスキルの威力4000強化。</color><color=#b00000>次のバトルで同じアビリティを編成出来なくなる。</color>	<color=#005C5E>我方全体普通攻击以外的技能威力强化4000。</color><color=#b00000>在下一场战斗中无法编入相同的能力。</color>
継続回復/能力制限の穢詛	持续回复/能力限制的秽咒
<color=#005C5E>ターン開始時、最もHPが少ない味方のHP40000回復。</color><color=#b00000>次のバトルで同じアビリティを編成出来なくなる。</color>	<color=#005C5E>回合开始时，回复我方HP最低的成员40000 HP。</color><color=#b00000>在下一场战斗中无法编入相同的能力。</color>
快癒/能力制限の穢詛	快愈/能力限制的秽咒
<color=#005C5E>ウェーブ開始時、ランダムな味方3人の状態異常を1つ解除。</color><color=#b00000>次のバトルで同じアビリティを編成出来なくなる。</color>	<color=#005C5E>回合开始时，随机解除我方3人的1个异常状态。</color><color=#b00000>在下一场战斗中无法编入相同的能力。</color>
気絶付与/能力制限の穢詛	眩晕赋予/能力限制的秽咒
<color=#005C5E>ウェーブ開始時、ランダムな敵3体にスタンを付与。</color><color=#b00000>次のバトルで同じアビリティを編成出来なくなる。</color>	<color=#005C5E>回合开始时，随机赋予3名敌人眩晕状态。</color><color=#b00000>在下一场战斗中无法编入相同的能力。</color>
睡眠付与/能力制限の穢詛	睡眠赋予/能力限制的秽咒
<color=#005C5E>ウェーブ開始時、ランダムな敵3体に睡眠を付与。</color><color=#b00000>次のバトルで同じアビリティを編成出来なくなる。</color>	<color=#005C5E>回合开始时，随机赋予3名敌人睡眠状态。</color><color=#b00000>在下一场战斗中无法编入相同的能力。</color>
忘却付与/能力制限の穢詛	忘却赋予/能力限制的秽咒
<color=#005C5E>ウェーブ開始時、ランダムな敵3体に忘却を付与。</color><color=#b00000>次のバトルで同じアビリティを編成出来なくなる。</color>	<color=#005C5E>回合开始时，随机赋予3名敌人遗忘状态。</color><color=#b00000>在下一场战斗中无法编入相同的能力。</color>
鈍重付与/能力制限の穢詛	迟钝赋予/能力限制的秽咒
<color=#005C5E>ウェーブ開始時、ランダムな敵3体に鈍重を付与。</color><color=#b00000>次のバトルで同じアビリティを編成出来なくなる。</color>	<color=#005C5E>回合开始时，随机赋予3名敌人迟钝状态。</color><color=#b00000>在下一场战斗中无法编入相同的能力。</color>
魅了付与/能力制限の穢詛	魅惑赋予/能力限制的秽咒
<color=#005C5E>ウェーブ開始時、ランダムな敵3体に魅了を付与。</color><color=#b00000>次のバトルで同じアビリティを編成出来なくなる。</color>	<color=#005C5E>回合开始时，随机赋予3名敌人魅惑状态。</color><color=#b00000>在下一场战斗中无法编入相同的能力。</color>
遅滞付与/能力制限の穢詛	迟滞赋予/能力限制的秽咒
<color=#005C5E>ウェーブ開始時、ランダムな敵3体に遅滞を付与。</color><color=#b00000>次のバトルで同じアビリティを編成出来なくなる。</color>	<color=#005C5E>回合开始时，随机赋予3名敌人迟滞状态。</color><color=#b00000>在下一场战斗中无法编入相同的能力。</color>
弱体付与/能力制限の穢詛	弱体赋予/能力限制的秽咒
<color=#005C5E>ウェーブ開始時、ランダムな敵3体に弱体を付与。</color><color=#b00000>次のバトルで同じアビリティを編成出来なくなる。</color>	<color=#005C5E>回合开始时，随机赋予3名敌人弱体状态。</color><color=#b00000>在下一场战斗中无法编入相同的能力。</color>
支援攻撃/能力制限の穢詛	支援攻击/能力限制的秽咒
<color=#005C5E>ウェーブ開始時、敵全体に200000のダメージを与える。</color><color=#b00000>次のバトルで同じアビリティを編成出来なくなる。</color>	<color=#005C5E>回合开始时，对敌方全体造成200000伤害。</color><color=#b00000>在下一场战斗中无法编入相同的能力。</color>
与撃超越/聖装制限の穢詛	攻击超越/圣装限制的秽咒
<color=#005C5E>味方全体のダメージ上限60000増加。</color><color=#b00000>次のバトルで同じ聖装を編成出来なくなる。</color>	<color=#005C5E>我方全体伤害上限增加60000。</color><color=#b00000>在下一场战斗中无法编入相同的圣装。</color>
抵抗強化/聖装制限の穢詛	抵抗强化/圣装限制的秽咒
<color=#005C5E>味方全体の全ての状態異常抵抗率増加。</color><color=#b00000>次のバトルで同じ聖装を編成出来なくなる。</color>	<color=#005C5E>我方全体对所有异常状态的抵抗率提升。</color><color=#b00000>在下一场战斗中无法编入相同的圣装。</color>
萌力加速/聖装制限の穢詛	萌力加速/圣装限制的秽咒
<color=#005C5E>味方全体の萌技ゲージ増加量200%増加。</color><color=#b00000>次のバトルで同じ聖装を編成出来なくなる。</color>	<color=#005C5E>我方全体萌技能量槽增加量提升200%。</color><color=#b00000>在下一场战斗中无法编入相同的圣装。</color>
再動短縮/聖装制限の穢詛	再动缩短/圣装限制的秽咒
<color=#005C5E>ターン開始時のCT減少量2増加。</color><color=#b00000>次のバトルで同じ聖装を編成出来なくなる。</color>	<color=#005C5E>回合开始时CT减少量增加2。</color><color=#b00000>在下一场战斗中无法编入相同的圣装。</color>
萌技強化/聖装制限の穢詛	萌技强化/圣装限制的秽咒
<color=#005C5E>味方全体の萌技威力4000強化。</color><color=#b00000>次のバトルで同じ聖装を編成出来なくなる。</color>	<color=#005C5E>我方全体萌技威力强化4000。</color><color=#b00000>在下一场战斗中无法编入相同的圣装。</color>
特技強化/聖装制限の穢詛	特技强化/圣装限制的秽咒
<color=#005C5E>味方全体の通常攻撃以外のスキルの威力4000強化。</color><color=#b00000>次のバトルで同じ聖装を編成出来なくなる。</color>	<color=#005C5E>我方全体普通攻击以外的技能威力强化4000。</color><color=#b00000>在下一场战斗中无法编入相同的圣装。</color>
継続回復/聖装制限の穢詛	持续回复/圣装限制的秽咒
<color=#005C5E>ターン開始時、最もHPが少ない味方のHP40000回復。</color><color=#b00000>次のバトルで同じ聖装を編成出来なくなる。</color>	<color=#005C5E>回合开始时，回复我方HP最低的成员40000 HP。</color><color=#b00000>在下一场战斗中无法编入相同的圣装。</color>
快癒/聖装制限の穢詛	快愈/圣装限制的秽咒
<color=#005C5E>ウェーブ開始時、ランダムな味方3人の状態異常を1つ解除。</color><color=#b00000>次のバトルで同じ聖装を編成出来なくなる。</color>	<color=#005C5E>回合开始时，随机解除我方3人的1个异常状态。</color><color=#b00000>在下一场战斗中无法编入相同的圣装。</color>
気絶付与/聖装制限の穢詛	眩晕赋予/圣装限制的秽咒
<color=#005C5E>ウェーブ開始時、ランダムな敵3体にスタンを付与。</color><color=#b00000>次のバトルで同じ聖装を編成出来なくなる。</color>	<color=#005C5E>回合开始时，随机赋予3名敌人眩晕状态。</color><color=#b00000>在下一场战斗中无法编入相同的圣装。</color>
睡眠付与/聖装制限の穢詛	睡眠赋予/圣装限制的秽咒
<color=#005C5E>ウェーブ開始時、ランダムな敵3体に睡眠を付与。</color><color=#b00000>次のバトルで同じ聖装を編成出来なくなる。</color>	<color=#005C5E>回合开始时，随机赋予3名敌人睡眠状态。</color><color=#b00000>在下一场战斗中无法编入相同的圣装。</color>
忘却付与/聖装制限の穢詛	忘却赋予/圣装限制的秽咒
<color=#005C5E>ウェーブ開始時、ランダムな敵3体に忘却を付与。</color><color=#b00000>次のバトルで同じ聖装を編成出来なくなる。</color>	<color=#005C5E>回合开始时，随机赋予3名敌人遗忘状态。</color><color=#b00000>在下一场战斗中无法编入相同的圣装。</color>
鈍重付与/聖装制限の穢詛	迟钝赋予/圣装限制的秽咒
<color=#005C5E>ウェーブ開始時、ランダムな敵3体に鈍重を付与。</color><color=#b00000>次のバトルで同じ聖装を編成出来なくなる。</color>	<color=#005C5E>回合开始时，随机赋予3名敌人迟钝状态。</color><color=#b00000>在下一场战斗中无法编入相同的圣装。</color>
魅了付与/聖装制限の穢詛	魅惑赋予/圣装限制的秽咒
<color=#005C5E>ウェーブ開始時、ランダムな敵3体に魅了を付与。</color><color=#b00000>次のバトルで同じ聖装を編成出来なくなる。</color>	<color=#005C5E>回合开始时，随机赋予3名敌人魅惑状态。</color><color=#b00000>在下一场战斗中无法编入相同的圣装。</color>
遅滞付与/聖装制限の穢詛	迟滞赋予/圣装限制的秽咒
<color=#005C5E>ウェーブ開始時、ランダムな敵3体に遅滞を付与。</color><color=#b00000>次のバトルで同じ聖装を編成出来なくなる。</color>	<color=#005C5E>回合开始时，随机赋予3名敌人迟滞状态。</color><color=#b00000>在下一场战斗中无法编入相同的圣装。</color>
弱体付与/聖装制限の穢詛	弱体赋予/圣装限制的秽咒
<color=#005C5E>ウェーブ開始時、ランダムな敵3体に弱体を付与。</color><color=#b00000>次のバトルで同じ聖装を編成出来なくなる。</color>	<color=#005C5E>回合开始时，随机赋予3名敌人弱体状态。</color><color=#b00000>在下一场战斗中无法编入相同的圣装。</color>
支援攻撃/聖装制限の穢詛	支援攻击/圣装限制的秽咒
<color=#005C5E>ウェーブ開始時、敵全体に200000のダメージを与える。</color><color=#b00000>次のバトルで同じ聖装を編成出来なくなる。</color>	<color=#005C5E>回合开始时，对敌方全体造成200000伤害。</color><color=#b00000>在下一场战斗中无法编入相同的圣装。</color>
異常解除/感応停滞の穢詛	异常解除/感应停滞的秽咒
<color=#005C5E>ターン開始時、ランダムな味方2人の状態異常を1つ解除。</color><color=#b00000>行動による萌技ゲージの増加なし。</color>	<color=#005C5E>回合开始时，随机解除我方2人的1个异常状态。</color><color=#b00000>行动不会增加萌技能量槽。</color>
継続治癒/感応停滞の穢詛	持续治愈/感应停滞的秽咒
<color=#005C5E>ターン開始時、味方全体のHP20000回復。</color><color=#b00000>行動による萌技ゲージの増加なし。</color>	<color=#005C5E>回合开始时，回复我方全体20000 HP。</color><color=#b00000>行动不会增加萌技能量槽。</color>
継続解除/感応停滞の穢詛	持续解除/感应停滞的秽咒
<color=#005C5E>ターン開始時、ランダムな味方単体のデバフを全て解除。</color><color=#b00000>行動による萌技ゲージの増加なし。</color>	<color=#005C5E>回合开始时，随机解除我方1人的所有减益效果。</color><color=#b00000>行动不会增加萌技能量槽。</color>
異常解除/再動延長の穢詛	异常解除/再动延长的秽咒
<color=#005C5E>ターン開始時、ランダムな味方2人の状態異常を1つ解除。</color><color=#b00000>ターン開始時のCT減少なし。</color>	<color=#005C5E>回合开始时，随机解除我方2人的1个异常状态。</color><color=#b00000>回合开始时CT不会减少。</color>
継続治癒/再動延長の穢詛	持续治愈/再动延长的秽咒
<color=#005C5E>ターン開始時、味方全体のHP20000回復。</color><color=#b00000>ターン開始時のCT減少なし。</color>	<color=#005C5E>回合开始时，回复我方全体20000 HP。</color><color=#b00000>回合开始时CT不会减少。</color>
継続解除/再動延長の穢詛	持续解除/再动延长的秽咒
<color=#005C5E>ターン開始時、ランダムな味方単体のデバフを全て解除。</color><color=#b00000>ターン開始時のCT減少なし。</color>	<color=#005C5E>回合开始时，随机解除我方1人的所有减益效果。</color><color=#b00000>回合开始时CT不会减少。</color>
継続解除/体力減退の穢詛	持续解除/体力减退的秽咒
<color=#005C5E>ターン開始時、ランダムな味方2人のデバフを全て解除。</color><color=#b00000>3ターン毎のターン開始時、味方全体のHPが10000減少。発動するたびに効果が増加する。</color>	<color=#005C5E>回合开始时，随机解除我方2人的所有减益效果。</color><color=#b00000>每3回合开始时，我方全体HP减少10000。效果随发动次数增加。</color>
繚乱付与/体力減退の穢詛	缭乱赋予/体力减退的秽咒
<color=#005C5E>ウェーブ開始時、ランダムな味方3人に百花繚乱を付与。</color><color=#b00000>3ターン毎のターン開始時、味方全体のHPが10000減少。発動するたびに効果が増加する。</color>	<color=#005C5E>回合开始时，随机赋予我方3人百花缭乱状态。</color><color=#b00000>每3回合开始时，我方全体HP减少10000。效果随发动次数增加。</color>
超溜付与/体力減退の穢詛	超蓄力赋予/体力减退的秽咒
<color=#005C5E>ウェーブ開始時、最も攻撃力が高い味方一人と最も魔力が高い味方一人に超・力溜めを付与。</color><color=#b00000>3ターン毎のターン開始時、味方全体のHPが10000減少。発動するたびに効果が増加する。</color>	<color=#005C5E>回合开始时，赋予我方攻击最高的1人及魔力最高的1人超·蓄力状态。</color><color=#b00000>每3回合开始时，我方全体HP减少10000。效果随发动次数增加。</color>
継続解除/異常解消の穢詛	持续解除/异常消解的秽咒
<color=#005C5E>ターン開始時、ランダムな味方2人のデバフを全て解除。</color><color=#b00000>ターン開始時、敵全体の状態異常を1つ解除。</color>	<color=#005C5E>回合开始时，随机解除我方2人的所有减益效果。</color><color=#b00000>回合开始时，解除敌方全体的1个异常状态。</color>
異常解除/異常解消の穢詛	异常解除/异常消解的秽咒
<color=#005C5E>ターン開始時、ランダムな味方2人の状態異常を1つ解除。</color><color=#b00000>ターン開始時、敵全体の状態異常を1つ解除。</color>	<color=#005C5E>回合开始时，随机解除我方2人的1个异常状态。</color><color=#b00000>回合开始时，解除敌方全体的1个异常状态。</color>
継続治癒/異常解消の穢詛	持续治愈/异常消解的秽咒
<color=#005C5E>ターン開始時、味方全体のHP20000回復。</color><color=#b00000>ターン開始時、敵全体の状態異常を1つ解除。</color>	<color=#005C5E>回合开始时，回复我方全体20000 HP。</color><color=#b00000>回合开始时，解除敌方全体的1个异常状态。</color>
継続解除/敵弱解消の穢詛	持续解除/敌弱消解的秽咒
<color=#005C5E>ターン開始時、ランダムな味方2人のデバフを全て解除。</color><color=#b00000>ターン開始時、ランダムな敵2体のデバフを全て解除。</color>	<color=#005C5E>回合开始时，随机解除我方2人的所有减益效果。</color><color=#b00000>回合开始时，随机解除2名敌人的所有减益效果。</color>
異常解除/敵弱解消の穢詛	异常解除/敌弱消解的秽咒
<color=#005C5E>ターン開始時、ランダムな味方2人の状態異常を1つ解除。</color><color=#b00000>ターン開始時、ランダムな敵2体のデバフを全て解除。</color>	<color=#005C5E>回合开始时，随机解除我方2人的1个异常状态。</color><color=#b00000>回合开始时，随机解除2名敌人的所有减益效果。</color>
継続治癒/敵弱解消の穢詛	持续治愈/敌弱消解的秽咒
<color=#005C5E>ターン開始時、味方全体のHP20000回復。</color><color=#b00000>ターン開始時、敵全体のデバフを全て解除。</color>	<color=#005C5E>回合开始时，回复我方全体20000 HP。</color><color=#b00000>回合开始时，解除敌方全体的所有减益效果。</color>
継続解除/恢復禍護の穢詛	持续解除/恢复祸护的秽咒
<color=#005C5E>ターン開始時、ランダムな味方2人のデバフを全て解除。</color><color=#b00000>ターン開始時、敵全体のHP300000回復。</color>	<color=#005C5E>回合开始时，随机解除我方2人的所有减益效果。</color><color=#b00000>回合开始时，回复敌方全体300000 HP。</color>
異常解除/恢復禍護の穢詛	异常解除/恢复祸护的秽咒
<color=#005C5E>ターン開始時、ランダムな味方2人の状態異常を1つ解除。</color><color=#b00000>ターン開始時、敵全体のHP300000回復。</color>	<color=#005C5E>回合开始时，随机解除我方2人的1个异常状态。</color><color=#b00000>回合开始时，回复敌方全体300000 HP。</color>
継続治癒/恢復禍護の穢詛	持续治愈/恢复祸护的秽咒
<color=#005C5E>ターン開始時、味方全体のHP20000回復。</color><color=#b00000>ターン開始時、敵全体のHP300000回復。</color>	<color=#005C5E>回合开始时，回复我方全体20000 HP。</color><color=#b00000>回合开始时，回复敌方全体300000 HP。</color>
継続治癒/補助取消の穢詛	持续治愈/辅助取消的秽咒
<color=#005C5E>ターン開始時、味方全体のHP20000回復。</color><color=#b00000>ターン開始時、味方全体の補助効果を1つ解除。</color>	<color=#005C5E>回合开始时，回复我方全体20000 HP。</color><color=#b00000>回合开始时，解除我方全体的1个辅助效果。</color>
異常解除/補助取消の穢詛	异常解除/辅助取消的秽咒
<color=#005C5E>ターン開始時、ランダムな味方2人の状態異常を1つ解除。</color><color=#b00000>ターン開始時、味方全体の補助効果を1つ解除。</color>	<color=#005C5E>回合开始时，随机解除我方2人的1个异常状态。</color><color=#b00000>回合开始时，解除我方全体的1个辅助效果。</color>
繚乱付与/強化取消の穢詛	缭乱赋予/强化取消的秽咒
<color=#005C5E>ウェーブ開始時、ランダムな味方3人に百花繚乱を付与。</color><color=#b00000>ターン開始時、ランダムな味方3人のバフをすべて解除。</color>	<color=#005C5E>回合开始时，随机赋予我方3人百花缭乱状态。</color><color=#b00000>回合开始时，随机解除我方3人的所有增益效果。</color>
継続治癒/強化取消の穢詛	持续治愈/强化取消的秽咒
<color=#005C5E>ターン開始時、味方全体のHP20000回復。</color><color=#b00000>ターン開始時、味方全体のバフをすべて解除。</color>	<color=#005C5E>回合开始时，回复我方全体20000 HP。</color><color=#b00000>回合开始时，解除我方全体的所有增益效果。</color>
異常解除/強化取消の穢詛	异常解除/强化取消的秽咒
<color=#005C5E>ターン開始時、ランダムな味方2人の状態異常を2つ解除。</color><color=#b00000>ターン開始時、ランダムな味方2人のバフをすべて解除。</color>	<color=#005C5E>回合开始时，随机解除我方2人的2个异常状态。</color><color=#b00000>回合开始时，随机解除我方2人的所有增益效果。</color>
異常解除/再動妨害の穢詛	异常解除/再动妨害的秽咒
<color=#005C5E>ターン開始時、ランダムな味方3人の状態異常を1つ解除。</color><color=#b00000>味方全体の萌技・スキル・アビリティ・魔札セット効果による追加発動と連撃率による連撃が発生しなくなる。</color>	<color=#005C5E>回合开始时，随机解除我方3人的1个异常状态。</color><color=#b00000>我方全体的萌技、技能、能力、魔札套装效果带来的追加发动以及连击率带来的连击不会发生。</color>
継続治癒/再動妨害の穢詛	持续治愈/再动妨害的秽咒
<color=#005C5E>ターン開始時、味方全体のHP30000回復。</color><color=#b00000>味方全体の萌技・スキル・アビリティ・魔札セット効果による追加発動と連撃率による連撃が発生しなくなる。</color>	<color=#005C5E>回合开始时，回复我方全体30000 HP。</color><color=#b00000>我方全体的萌技、技能、能力、魔札套装效果带来的追加发动以及连击率带来的连击不会发生。</color>
継続解除/再動妨害の穢詛	持续解除/再动妨害的秽咒
<color=#005C5E>ターン開始時、ランダムな味方3人のデバフを全て解除。</color><color=#b00000>味方全体の萌技・スキル・アビリティ・魔札セット効果による追加発動と連撃率による連撃が発生しなくなる。</color>	<color=#005C5E>回合开始时，随机解除我方3人的所有减益效果。</color><color=#b00000>我方全体的萌技、技能、能力、魔札套装效果带来的追加发动以及连击率带来的连击不会发生。</color>
異常解除/追行妨害の穢詛	异常解除/追行妨害的秽咒
<color=#005C5E>ターン開始時、ランダムな味方3人の状態異常を1つ解除。</color><color=#b00000>味方全体の萌技・スキル・アビリティ・魔札セット効果による追加行動が発生しなくなる。</color>	<color=#005C5E>回合开始时，随机解除我方3人的1个异常状态。</color><color=#b00000>我方全体的萌技、技能、能力、魔札套装效果带来的追加行动不会发生。</color>
継続治癒/追行妨害の穢詛	持续治愈/追行妨害的秽咒
<color=#005C5E>ターン開始時、味方全体のHP30000回復。</color><color=#b00000>味方全体の萌技・スキル・アビリティ・魔札セット効果による追加行動が発生しなくなる。</color>	<color=#005C5E>回合开始时，回复我方全体30000 HP。</color><color=#b00000>我方全体的萌技、技能、能力、魔札套装效果带来的追加行动不会发生。</color>
継続解除/追行妨害の穢詛	持续解除/追行妨害的秽咒
<color=#005C5E>ターン開始時、ランダムな味方3人のデバフを全て解除。</color><color=#b00000>味方全体の萌技・スキル・アビリティ・魔札セット効果による追加行動が発生しなくなる。</color>	<color=#005C5E>回合开始时，随机解除我方3人的所有减益效果。</color><color=#b00000>我方全体的萌技、技能、能力、魔札套装效果带来的追加行动不会发生。</color>
繚乱付与/特技一限の穢詛	缭乱赋予/特技一限的秽咒
<color=#005C5E>ウェーブ開始時、ランダムな味方4人に百花繚乱を付与。</color><color=#b00000>一度使用したスキルを編成出来なくなる。</color>	<color=#005C5E>回合开始时，随机赋予我方4人百花缭乱状态。</color><color=#b00000>已使用过的技能无法再次编入。</color>
異常解除/特技一限の穢詛	异常解除/特技一限的秽咒
<color=#005C5E>ターン開始時、ランダムな味方3人の状態異常を1つ解除。</color><color=#b00000>一度使用したスキルを編成出来なくなる。</color>	<color=#005C5E>回合开始时，随机解除我方3人的1个异常状态。</color><color=#b00000>已使用过的技能无法再次编入。</color>
継続治癒/特技一限の穢詛	持续治愈/特技一限的秽咒
<color=#005C5E>ターン開始時、味方全体のHP30000回復。</color><color=#b00000>一度使用したスキルを編成出来なくなる。</color>	<color=#005C5E>回合开始时，回复我方全体30000 HP。</color><color=#b00000>已使用过的技能无法再次编入。</color>
繚乱付与/能力一限の穢詛	缭乱赋予/能力一限的秽咒
<color=#005C5E>ウェーブ開始時、ランダムな味方4人に百花繚乱を付与。</color><color=#b00000>一度使用したアビリティを編成出来なくなる。</color>	<color=#005C5E>回合开始时，随机赋予我方4人百花缭乱状态。</color><color=#b00000>已使用过的能力无法再次编入。</color>
異常解除/能力一限の穢詛	异常解除/能力一限的秽咒
<color=#005C5E>ターン開始時、ランダムな味方3人の状態異常を1つ解除。</color><color=#b00000>一度使用したアビリティを編成出来なくなる。</color>	<color=#005C5E>回合开始时，随机解除我方3人的1个异常状态。</color><color=#b00000>已使用过的能力无法再次编入。</color>
継続治癒/能力一限の穢詛	持续治愈/能力一限的秽咒
<color=#005C5E>ターン開始時、味方全体のHP30000回復。</color><color=#b00000>一度使用したアビリティを編成出来なくなる。</color>	<color=#005C5E>回合开始时，回复我方全体30000 HP。</color><color=#b00000>已使用过的能力无法再次编入。</color>
繚乱付与/耐性増加の穢詛	缭乱赋予/耐性增加的秽咒
<color=#005C5E>ウェーブ開始時、ランダムな味方4人に百花繚乱を付与。</color><color=#b00000>敵が今シーズンの弱点以外の攻撃タイプに耐性を持つ。</color>	<color=#005C5E>回合开始时，随机赋予我方4人百花缭乱状态。</color><color=#b00000>敌人对当前赛季弱点以外的攻击类型具有耐性。</color>
異常解除/耐性増加の穢詛	异常解除/耐性增加的秽咒
<color=#005C5E>ターン開始時、ランダムな味方3人の状態異常を1つ解除。</color><color=#b00000>敵が今シーズンの弱点以外の攻撃タイプに耐性を持つ。</color>	<color=#005C5E>回合开始时，随机解除我方3人的1个异常状态。</color><color=#b00000>敌人对当前赛季弱点以外的攻击类型具有耐性。</color>
継続治癒/耐性増加の穢詛	持续治愈/耐性增加的秽咒
<color=#005C5E>ターン開始時、味方全体のHP30000回復。</color><color=#b00000>敵が今シーズンの弱点以外の攻撃タイプに耐性を持つ。</color>	<color=#005C5E>回合开始时，回复我方全体30000 HP。</color><color=#b00000>敌人对当前赛季弱点以外的攻击类型具有耐性。</color>
強化ボード1	强化面板1
味方全体が敵に与えるダメージを<daeg_pow:1>%増加させる。	我方全体对敌人造成的伤害提升<daeg_pow:1>%。
強化ボード2	强化面板2
味方全体が萌技で敵に与えるダメージを<daeg_pow:1>%増加させる。	我方全体使用萌技对敌人造成的伤害提升<daeg_pow:1>%。
強化ボード3	强化面板3
味方全体が通常攻撃以外のスキルで敵に与えるダメージを<daeg_pow:1>%増加させる。	我方全体使用普通攻击以外的技能对敌人造成的伤害提升<daeg_pow:1>%。
強化ボード4	强化面板4
味方全体が通常攻撃(反撃含む)で敵に与えるダメージを<daeg_pow:1>%増加させる。	我方全体使用普通攻击（包含反击）对敌人造成的伤害提升<daeg_pow:1>%。
強化ボード5	强化面板5
味方全体のダメージ上限<daeg_pow:1>増加。	我方全体伤害上限增加<daeg_pow:1>。
強化ボード6	强化面板6
味方全体が敵に与える物理ダメージを<daeg_pow:1>%増加させる。	我方全体对敌人造成的物理伤害提升<daeg_pow:1>%。
強化ボード7	强化面板7
味方全体が萌技で敵に与える物理ダメージを<daeg_pow:1>%増加させる。	我方全体使用萌技对敌人造成的物理伤害提升<daeg_pow:1>%。
強化ボード8	强化面板8
味方全体が通常攻撃以外のスキルで敵に与える物理ダメージを<daeg_pow:1>%増加させる。	我方全体使用普通攻击以外的技能对敌人造成的物理伤害提升<daeg_pow:1>%。
強化ボード9	强化面板9
味方全体が通常攻撃(反撃含む)で敵に与える物理ダメージを<daeg_pow:1>%増加させる。	我方全体使用普通攻击（包含反击）对敌人造成的物理伤害提升<daeg_pow:1>%。
強化ボード10	强化面板10
味方全体の物理攻撃のダメージ上限<daeg_pow:1>増加。	我方全体物理攻击的伤害上限增加<daeg_pow:1>。
強化ボード11	强化面板11
強化ボード12	强化面板12
強化ボード13	强化面板13
強化ボード14	强化面板14
強化ボード15	强化面板15
強化ボード16	强化面板16
強化ボード17	强化面板17
強化ボード18	强化面板18
強化ボード19	强化面板19
強化ボード20	强化面板20
強化ボード21	强化面板21
味方全体が敵に与える魔法ダメージを<daeg_pow:1>%増加させる。	我方全体对敌人造成的魔法伤害提升<daeg_pow:1>%。
強化ボード22	强化面板22
味方全体が萌技で敵に与える魔法ダメージを<daeg_pow:1>%増加させる。	我方全体使用萌技对敌人造成的魔法伤害提升<daeg_pow:1>%。
強化ボード23	强化面板23
味方全体が通常攻撃以外のスキルで敵に与える魔法ダメージを<daeg_pow:1>%増加させる。	我方全体使用普通攻击以外的技能对敌人造成的魔法伤害提升<daeg_pow:1>%。
強化ボード24	强化面板24
味方全体が通常攻撃(反撃含む)で敵に与える魔法ダメージを<daeg_pow:1>%増加させる。	我方全体使用普通攻击（包含反击）对敌人造成的魔法伤害提升<daeg_pow:1>%。
強化ボード25	强化面板25
味方全体の魔法攻撃のダメージ上限<daeg_pow:1>増加。	我方全体魔法攻击的伤害上限增加<daeg_pow:1>。
強化ボード26	强化面板26
強化ボード27	强化面板27
強化ボード28	强化面板28
強化ボード29	强化面板29
強化ボード30	强化面板30
強化ボード31	强化面板31
強化ボード32	强化面板32
強化ボード33	强化面板33
強化ボード34	强化面板34
強化ボード35	强化面板35
強化ボード36	强化面板36
味方全体が敵から受けるダメージを<daeg_pow:1>%減少させる。	我方全体受到敌人的伤害减少<daeg_pow:1>%。
強化ボード37	强化面板37
味方全体が敵の萌技・必殺技から受けるダメージを<daeg_pow:1>％減少させる。	我方全体受到敌人萌技·必杀技的伤害减少<daeg_pow:1>%。
強化ボード38	强化面板38
味方全体が敵の通常攻撃以外のスキルから受けるダメージを<daeg_pow:1>％減少させる。	我方全体受到敌人普通攻击以外的技能伤害减少<daeg_pow:1>%。
強化ボード39	强化面板39
味方全体が敵の通常攻撃（反撃含む）から受けるダメージを<daeg_pow:1>％減少させる。	我方全体受到敌人普通攻击（包含反击）的伤害减少<daeg_pow:1>%。
強化ボード40	强化面板40
強化ボード41	强化面板41
味方全体が敵から受ける物理ダメージを<daeg_pow:1>％減少させる。	我方全体受到敌人的物理伤害减少<daeg_pow:1>%。
強化ボード42	强化面板42
味方全体が敵の萌技・必殺技から受ける物理ダメージを<daeg_pow:1>％減少させる。	我方全体受到敌人萌技·必杀技的物理伤害减少<daeg_pow:1>%。
強化ボード43	强化面板43
味方全体が敵の通常攻撃以外のスキルから受ける物理ダメージを<daeg_pow:1>％減少させる。	我方全体受到敌人普通攻击以外的技能物理伤害减少<daeg_pow:1>%。
強化ボード44	强化面板44
強化ボード45	强化面板45
強化ボード46	强化面板46
強化ボード47	强化面板47
強化ボード48	强化面板48
強化ボード49	强化面板49
強化ボード50	强化面板50
強化ボード51	强化面板51
強化ボード52	强化面板52
強化ボード53	强化面板53
強化ボード54	强化面板54
強化ボード55	强化面板55
強化ボード56	强化面板56
味方全体が敵から受ける魔法ダメージを<daeg_pow:1>％減少させる。	我方全体受到敌人的魔法伤害减少<daeg_pow:1>%。
強化ボード57	强化面板57
味方全体が敵の萌技・必殺技から魔法ダメージを<daeg_pow:1>％減少させる。	我方全体受到敌人萌技·必杀技的魔法伤害减少<daeg_pow:1>%。
強化ボード58	强化面板58
味方全体が敵の通常攻撃以外のスキルから魔法ダメージを<daeg_pow:1>％減少させる。	我方全体受到敌人普通攻击以外的技能魔法伤害减少<daeg_pow:1>%。
強化ボード59	强化面板59
強化ボード60	强化面板60
強化ボード61	强化面板61
強化ボード62	强化面板62
強化ボード63	强化面板63
強化ボード64	强化面板64
強化ボード65	强化面板65
強化ボード66	强化面板66
強化ボード67	强化面板67
強化ボード68	强化面板68
強化ボード69	强化面板69
強化ボード70	强化面板70
強化ボード71	强化面板71
味方全体の最大HP<daeg_pow:1>%増加。	我方全体最大HP提升<daeg_pow:1>%。
強化ボード72	强化面板72
味方全体の回復量<daeg_pow:1>％増加。	我方全体回复量提升<daeg_pow:1>%。
強化ボード73	强化面板73
味方全体の回復上限<daeg_pow:1>増加。	我方全体回复上限增加<daeg_pow:1>。
強化ボード74	强化面板74
味方全体の全ての状態異常抵抗率が少し増加。	我方全体对所有异常状态的抵抗率略微提升。
強化ボード75	强化面板75
強化ボード76	强化面板76
強化ボード77	强化面板77
強化ボード78	强化面板78
強化ボード79	强化面板79
強化ボード80	强化面板80
強化ボード81	强化面板81
強化ボード82	强化面板82
強化ボード83	强化面板83
強化ボード84	强化面板84
強化ボード85	强化面板85
強化ボード86	强化面板86
強化ボード87	强化面板87
強化ボード88	强化面板88
強化ボード89	强化面板89
強化ボード90	强化面板90
強化ボード91	强化面板91
味方全体の魅了抵抗率増加。	我方全体魅惑抗性提升。
強化ボード92	强化面板92
味方全体のスタン抵抗率増加。	我方全体眩晕抗性提升。
強化ボード93	强化面板93
味方全体の睡眠抵抗率増加。	我方全体睡眠抗性提升。
強化ボード94	强化面板94
味方全体の忘却抵抗率増加。	我方全体遗忘抗性提升。
強化ボード95	强化面板95
強化ボード96	强化面板96
強化ボード97	强化面板97
強化ボード98	强化面板98
強化ボード99	强化面板99
強化ボード100	强化面板100
強化ボード101	强化面板101
強化ボード102	强化面板102
強化ボード103	强化面板103
強化ボード104	强化面板104
強化ボード105	强化面板105
雑魚：通常1	杂鱼：通常1
・スライム、浮遊、魔獣系エネミーがメインで出現。 <br>・物理・魔法どちらも有効。 <br>・状態異常一部有効。 <br>・出現するエネミーが物理攻撃スキルを使用。 <br>・浮遊系エネミーがスタンを付与するスキルを使用。 <br>・魔獣系エネミーがスタン・毒・出血・虚脱・遅滞を付与するスキルを使用。	·主要出现史莱姆、浮游、魔兽系敌人。<br>·物理与魔法攻击均有效。<br>·部分异常状态有效。<br>·出现的敌人会使用物理攻击技能。<br>·浮游系敌人会使用赋予眩晕的技能。<br>·魔兽系敌人会使用赋予眩晕、中毒、出血、虚脱、迟滞的技能。
雑魚：通常2	杂鱼：通常2
・海産物、精霊、パウワー系エネミーがメインで出現。 <br>・物理・魔法どちらも有効。 <br>・状態異常一部有効。 <br>・出現するエネミーが物理攻撃・魔法攻撃スキルどちらも使用。 <br>・海産物系エネミーがスタン・疲労を付与するスキルを使用。 <br>・精霊系エネミーが感電・刻印を付与するスキルを使用。	·主要出现海产、精灵、帕瓦系敌人。<br>·物理与魔法攻击均有效。<br>·部分异常状态有效。<br>·出现的敌人会同时使用物理攻击与魔法攻击技能。<br>·海产系敌人会使用赋予眩晕、疲劳的技能。<br>·精灵系敌人会使用赋予感电、刻印的技能。
雑魚：通常3	杂鱼：通常3
・フラーイ、鎧、聖獣系エネミーがメインで出現。 <br>・物理・魔法どちらも有効。 <br>・状態異常一部有効。 <br>・出現するエネミーが物理攻撃スキルをメインで使用。 <br>・フラーイ系、鎧系エネミーがスタンを付与するスキルを使用。 <br>・聖獣系エネミーが鈍重・弱体・感電を付与するスキルを使用。	·主要出现弗莱、铠甲、圣兽系敌人。<br>·物理与魔法攻击均有效。<br>·部分异常状态有效。<br>·出现的敌人主要使用物理攻击技能。<br>·弗莱系、铠甲系敌人会使用赋予眩晕的技能。<br>·圣兽系敌人会使用赋予迟钝、弱体、感电的技能。
雑魚：通常4	杂鱼：通常4
・スライム、海産物、フラーイ系エネミーがメインで出現。 <br>・物理・魔法どちらも有効。 <br>・状態異常一部有効。 <br>・出現するエネミーが物理攻撃・魔法攻撃スキルどちらも使用。 <br>・フラーイ系がスタンを付与するスキルを使用。 <br>・海産物系エネミーがスタン・疲労を付与するスキルを使用。	·主要出现史莱姆、海产、弗莱系敌人。<br>·物理与魔法攻击均有效。<br>·部分异常状态有效。<br>·出现的敌人会同时使用物理攻击与魔法攻击技能。<br>·弗莱系会使用赋予眩晕的技能。<br>·海产系敌人会使用赋予眩晕、疲劳的技能。
雑魚：通常5	杂鱼：通常5
・浮遊、魔獣、鎧系エネミーがメインで出現。 <br>・物理・魔法どちらも有効。 <br>・状態異常一部有効。 <br>・出現するエネミーが物理攻撃スキルをメインで使用。 <br>・浮遊系エネミー、鎧系エネミーがスタンを付与するスキルを使用。 <br>・魔獣系エネミーがスタン・毒・出血・虚脱・遅滞を付与するスキルを使用。	·主要出现浮游、魔兽、铠甲系敌人。<br>·物理与魔法攻击均有效。<br>·部分异常状态有效。<br>·出现的敌人主要使用物理攻击技能。<br>·浮游系敌人、铠甲系敌人会使用赋予眩晕的技能。<br>·魔兽系敌人会使用赋予眩晕、中毒、出血、虚脱、迟滞的技能。
雑魚：通常6	杂鱼：通常6
・魔獣、パウワー、聖獣系エネミーがメインで出現。 <br>・物理・魔法どちらも有効。 <br>・状態異常一部有効。 <br>・出現するエネミーが物理攻撃・魔法攻撃スキルどちらも使用。 <br>・聖獣系エネミーが鈍重・弱体・感電を付与するスキルを使用。 <br>・魔獣系エネミーがスタン・毒・出血・虚脱・遅滞を付与するスキルを使用。	·主要出现魔兽、帕瓦、圣兽系敌人。<br>·物理与魔法攻击均有效。<br>·部分异常状态有效。<br>·出现的敌人会同时使用物理攻击与魔法攻击技能。<br>·圣兽系敌人会使用赋予迟钝、弱体、感电的技能。<br>·魔兽系敌人会使用赋予眩晕、中毒、出血、虚脱、迟滞的技能。
雑魚：通常7	杂鱼：通常7
・フラーイ、パウワー、聖獣系エネミーがメインで出現。 <br>・物理・魔法どちらも有効。 <br>・状態異常一部有効。 <br>・出現するエネミーが物理攻撃・魔法攻撃スキルどちらも使用。 <br>・フラーイ系がスタンを付与するスキルを使用。 <br>・魔獣系エネミーがスタン・毒・出血・虚脱・遅滞を付与するスキルを使用。	·主要出现弗莱、帕瓦、圣兽系敌人。<br>·物理与魔法攻击均有效。<br>·部分异常状态有效。<br>·出现的敌人会同时使用物理攻击与魔法攻击技能。<br>·弗莱系会使用赋予眩晕的技能。<br>·魔兽系敌人会使用赋予眩晕、中毒、出血、虚脱、迟滞的技能。
雑魚：通常8	杂鱼：通常8
・魔獣、海産物、聖獣系エネミーがメインで出現。 <br>・物理・魔法どちらも有効。 <br>・状態異常一部有効。 <br>・出現するエネミーが物理攻撃・魔法攻撃スキルどちらも使用。 <br>・聖獣系エネミーが鈍重・弱体・感電を付与するスキルを使用。 <br>・海産物系エネミーがスタン・疲労を付与するスキルを使用。 <br>・魔獣系エネミーがスタン・毒・出血・虚脱・遅滞を付与するスキルを使用。	·主要出现魔兽、海产、圣兽系敌人。<br>·物理与魔法攻击均有效。<br>·部分异常状态有效。<br>·出现的敌人会同时使用物理攻击与魔法攻击技能。<br>·圣兽系敌人会使用赋予迟钝、弱体、感电的技能。<br>·海产系敌人会使用赋予眩晕、疲劳的技能。<br>·魔兽系敌人会使用赋予眩晕、中毒、出血、虚脱、迟滞的技能。
雑魚：物理有効1	杂鱼：物理有效1
・オパール、精霊系エネミーがメインで出現。<br>・出現するエネミーが魔法ダメージを軽減、または魔法反射を付与 。<br>・状態異常一部有効。<br>・出現するエネミーが魔法攻撃スキルをメインで使用。<br>・オパール系エネミーが補助効果を解除するスキルを使用。<br>・精霊系エネミーが感電・刻印を付与するスキルを使用。	·主要出现蛋白石、精灵系敌人。<br>·出现的敌人会减轻魔法伤害或赋予魔法反射。<br>·部分异常状态有效。<br>·出现的敌人主要使用魔法攻击技能。<br>·蛋白石系敌人会使用解除辅助效果的技能。<br>·精灵系敌人会使用赋予感电、刻印的技能。
雑魚：物理有効2	杂鱼：物理有效2
・オパール、人間系エネミーがメインで出現。<br>・出現するエネミーが魔法ダメージを軽減、または魔法反射を付与 。<br>・状態異常一部有効。<br>・出現するエネミーが物理攻撃・魔法攻撃スキルどちらも使用。<br>・オパール系エネミー、人間系エネミーが補助効果を解除するスキルを使用。<br>・人間系エネミーがスタン・感電・出血を付与するスキルを使用。	·主要出现蛋白石、人类系敌人。<br>·出现的敌人会减轻魔法伤害或赋予魔法反射。<br>·部分异常状态有效。<br>·出现的敌人会同时使用物理攻击与魔法攻击技能。<br>·蛋白石系敌人、人类系敌人会使用解除辅助效果的技能。<br>·人类系敌人会使用赋予眩晕、感电、出血的技能。
雑魚：物理有効3	杂鱼：物理有效3
・精霊、人間系エネミーがメインで出現。<br>・出現するエネミーが魔法ダメージを軽減、または魔法反射を付与 。<br>・状態異常一部有効。<br>・出現するエネミーが物理攻撃・魔法攻撃スキルどちらも使用。<br>・精霊系エネミーが感電・刻印を付与するスキルを使用。<br>・人間系エネミーがスタン・感電・出血を付与するスキルを使用。	·主要出现精灵、人类系敌人。<br>·出现的敌人会减轻魔法伤害或赋予魔法反射。<br>·部分异常状态有效。<br>·出现的敌人会同时使用物理攻击与魔法攻击技能。<br>·精灵系敌人会使用赋予感电、刻印的技能。<br>·人类系敌人会使用赋予眩晕、感电、出血的技能。
雑魚：物理有効4	杂鱼：物理有效4
雑魚：物理有効5	杂鱼：物理有效5
雑魚：魔法有効1	杂鱼：魔法有效1
・魔鳥、ゴーレム系エネミーがメインで出現。<br>・出現するエネミーが物理ダメージを軽減、または物理反射を付与 。<br>・状態異常一部有効。<br>・出現するエネミーが物理攻撃スキルを使用。<br>・ゴーレム系エネミーが補助効果を解除する必殺技を使用。<br>・魔鳥系エネミー、ゴーレム系エネミーがスタンを付与するスキルを使用。	·主要出现魔鸟、魔像系敌人。<br>·出现的敌人会减轻物理伤害或赋予物理反射。<br>·部分异常状态有效。<br>·出现的敌人会使用物理攻击技能。<br>·魔像系敌人会使用解除辅助效果的必杀技。<br>·魔鸟系敌人、魔像系敌人会使用赋予眩晕的技能。
雑魚：魔法有効2	杂鱼：魔法有效2
・ガーディアン、エレメント系エネミーがメインで出現。<br>・出現するエネミーが物理ダメージを軽減、または物理反射を付与 。<br>・状態異常一部有効。<br>・出現するエネミーが物理攻撃・魔法攻撃スキルどちらも使用。<br>・ガーディアン系エネミーがバフ効果を解除する必殺技を使用。<br>・エレメント系エネミーが弱点付与のスキルを使用。	·主要出现守护者、元素系敌人。<br>·出现的敌人会减轻物理伤害或赋予物理反射。<br>·部分异常状态有效。<br>·出现的敌人会同时使用物理攻击与魔法攻击技能。<br>·守护者系敌人会使用解除增益效果的必杀技。<br>·元素系敌人会使用赋予弱点的技能。
雑魚：魔法有効3	杂鱼：魔法有效3
・魔鳥、エレメント系エネミーがメインで出現。<br>・出現するエネミーが物理ダメージを軽減、または物理反射を付与 。<br>・状態異常一部有効。<br>・出現するエネミーが物理攻撃・魔法攻撃スキルどちらも使用。<br>・エレメント系エネミーが弱点付与のスキルを使用。<br>・魔鳥系エネミーがスタンを付与するスキルを使用。	·主要出现魔鸟、元素系敌人。<br>·出现的敌人会减轻物理伤害或赋予物理反射。<br>·部分异常状态有效。<br>·出现的敌人会同时使用物理攻击与魔法攻击技能。<br>·元素系敌人会使用赋予弱点的技能。<br>·魔鸟系敌人会使用赋予眩晕的技能。
雑魚：魔法有効4	杂鱼：魔法有效4
・エレメント、ゴーレム系エネミーがメインで出現。<br>・出現するエネミーが物理ダメージを軽減、または物理反射を付与 。<br>・状態異常一部有効。<br>・出現するエネミーが物理攻撃・魔法攻撃スキルどちらも使用。<br>・ゴーレム系エネミーが補助効果を解除する必殺技、スタンを付与するスキルを使用。<br>・エレメント系エネミーが弱点付与のスキルを使用。	·主要出现元素、魔像系敌人。<br>·出现的敌人会减轻物理伤害或赋予物理反射。<br>·部分异常状态有效。<br>·出现的敌人会同时使用物理攻击与魔法攻击技能。<br>·魔像系敌人会使用解除辅助效果的必杀技和赋予眩晕的技能。<br>·元素系敌人会使用赋予弱点的技能。
雑魚：魔法有効5	杂鱼：魔法有效5
・魔鳥、ガーディアン系エネミーがメインで出現。<br>・出現するエネミーが物理ダメージを軽減、または物理反射を付与 。<br>・状態異常一部有効。<br>・出現するエネミーが物理攻撃スキルをメインで使用。<br>・ガーディアン系エネミーがバフ効果を解除する必殺技を使用。<br>・魔鳥系エネミーがスタンを付与するスキルを使用。	·主要出现魔鸟、守护者系敌人。<br>·出现的敌人会减轻物理伤害或赋予物理反射。<br>·部分异常状态有效。<br>·出现的敌人主要使用物理攻击技能。<br>·守护者系敌人会使用解除增益效果的必杀技。<br>·魔鸟系敌人会使用赋予眩晕的技能。
雑魚：状態異常有効1	杂鱼：异常状态有效1
・オパール、ガーディアン系エネミーがメインで出現。 <br>・物理・魔法どちらも有効。 <br>・状態異常有効。 <br>・出現するエネミーが物理攻撃スキルをメインで使用。 <br>・ガーディアン系エネミーがバフ効果を解除する必殺技を使用。 <br>・オパール系エネミーが補助効果を解除するスキルを使用。	·主要出现蛋白石、守护者系敌人。<br>·物理与魔法攻击均有效。<br>·异常状态有效。<br>·出现的敌人主要使用物理攻击技能。<br>·守护者系敌人会使用解除增益效果的必杀技。<br>·蛋白石系敌人会使用解除辅助效果的技能。
雑魚：状態異常有効2	杂鱼：异常状态有效2
・オパール、スライム系エネミーがメインで出現。 <br>・物理・魔法どちらも有効。 <br>・状態異常有効。 <br>・出現するエネミーが物理攻撃スキルをメインで使用。 <br>・オパール系エネミーが補助効果を解除するスキルを使用。	·主要出现蛋白石、史莱姆系敌人。<br>·物理与魔法攻击均有效。<br>·异常状态有效。<br>·出现的敌人主要使用物理攻击技能。<br>·蛋白石系敌人会使用解除辅助效果的技能。
雑魚：状態異常有効3	杂鱼：异常状态有效3
・スライム、ガーディアン系エネミーがメインで出現。 <br>・物理・魔法どちらも有効。 <br>・状態異常有効。 <br>・出現するエネミーが物理攻撃スキルをメインで使用。 <br>・ガーディアン系エネミーがバフ効果を解除する必殺技を使用。	·主要出现史莱姆、守护者系敌人。<br>·物理与魔法攻击均有效。<br>·异常状态有效。<br>·出现的敌人主要使用物理攻击技能。<br>·守护者系敌人会使用解除增益效果的必杀技。
雑魚：状態異常有効4	杂鱼：异常状态有效4
・スライム、ゴーレム系エネミーがメインで出現。 <br>・物理・魔法どちらも有効。 <br>・状態異常有効。 <br>・出現するエネミーが物理攻撃・魔法攻撃スキルどちらも使用。 <br>・ゴーレム系エネミーが補助効果を解除する必殺技、スタンを付与するスキルを使用。	·主要出现史莱姆、魔像系敌人。<br>·物理与魔法攻击均有效。<br>·异常状态有效。<br>·出现的敌人会同时使用物理攻击与魔法攻击技能。<br>·魔像系敌人会使用解除辅助效果的必杀技和赋予眩晕的技能。
雑魚：状態異常使用1	杂鱼：异常状态使用1
・キノコ、昆虫系エネミーがメインで出現。 <br>・物理・魔法どちらも有効。 <br>・状態異常一部有効。 <br>・出現するエネミーが物理攻撃スキルをメインで使用。 <br>・キノコ系エネミーが毒・猛毒・スタン・睡眠を付与するスキルを使用。 <br>・昆虫系エネミーが猛毒・魅了を付与するスキルを使用。	·主要出现蘑菇、昆虫系敌人。<br>·物理与魔法攻击均有效。<br>·部分异常状态有效。<br>·出现的敌人主要使用物理攻击技能。<br>·蘑菇系敌人会使用赋予中毒、剧毒、眩晕、睡眠的技能。<br>·昆虫系敌人会使用赋予剧毒、魅惑的技能。
雑魚：状態異常使用2	杂鱼：异常状态使用2
・魔導書、霊体系エネミーがメインで出現。 <br>・物理・魔法どちらも有効。 <br>・状態異常一部有効。 <br>・出現するエネミーが魔法攻撃スキルをメインで使用。 <br>・魔導書系エネミーが呪い、弱体を付与するスキルを使用。 <br>・霊体系エネミーが火傷・感電・氷結・刻印・鈍重・忘却・呪い・怠惰を付与するスキルを使用。	·主要出现魔导书、灵体系敌人。<br>·物理与魔法攻击均有效。<br>·部分异常状态有效。<br>·出现的敌人主要使用魔法攻击技能。<br>·魔导书系敌人会使用赋予诅咒、弱体的技能。<br>·灵体系敌人会使用赋予灼伤、感电、冻结、刻印、迟钝、遗忘、诅咒、怠惰的技能。
雑魚：状態異常使用3	杂鱼：异常状态使用3
・キノコ、霊体系エネミーがメインで出現。 <br>・物理・魔法どちらも有効。 <br>・状態異常一部有効。 <br>・出現するエネミーが物理攻撃・魔法攻撃スキルどちらも使用。 <br>・キノコ系エネミーが毒・猛毒・スタン・睡眠を付与するスキルを使用。 <br>・霊体系エネミーが火傷・感電・氷結・刻印・鈍重・忘却・呪い・怠惰を付与するスキルを使用。	·主要出现蘑菇、灵体系敌人。<br>·物理与魔法攻击均有效。<br>·部分异常状态有效。<br>·出现的敌人会同时使用物理攻击与魔法攻击技能。<br>·蘑菇系敌人会使用赋予中毒、剧毒、眩晕、睡眠的技能。<br>·灵体系敌人会使用赋予灼伤、感电、冻结、刻印、迟钝、遗忘、诅咒、怠惰的技能。
雑魚：状態異常使用4	杂鱼：异常状态使用4
・昆虫、霊体系エネミーがメインで出現。 <br>・物理・魔法どちらも有効。 <br>・状態異常一部有効。 <br>・出現するエネミーが物理攻撃・魔法攻撃スキルどちらも使用。 <br>・昆虫系エネミーが猛毒・魅了を付与するスキルを使用。 <br>・霊体系エネミーが火傷・感電・氷結・刻印・鈍重・忘却・呪い・怠惰を付与するスキルを使用。	·主要出现昆虫、灵体系敌人。<br>·物理与魔法攻击均有效。<br>·部分异常状态有效。<br>·出现的敌人会同时使用物理攻击与魔法攻击技能。<br>·昆虫系敌人会使用赋予剧毒、魅惑的技能。<br>·灵体系敌人会使用赋予灼伤、感电、冻结、刻印、迟钝、遗忘、诅咒、怠惰的技能。
雑魚：通常1(改修)	杂鱼：通常1(改修)
雑魚：通常2(改修)	杂鱼：通常2(改修)
雑魚：通常3(改修)	杂鱼：通常3(改修)
雑魚：通常4(改修)	杂鱼：通常4(改修)
・スライム、海産物系エネミーがメインで出現。 <br>・物理・魔法どちらも有効。 <br>・状態異常一部有効。 <br>・出現するエネミーが物理攻撃・魔法攻撃スキルどちらも使用。 <br>・フラーイ系がスタンを付与するスキルを使用。 <br>・海産物系エネミーがスタン・疲労を付与するスキルを使用。	·主要出现史莱姆、海产系敌人。<br>·物理与魔法攻击均有效。<br>·部分异常状态有效。<br>·出现的敌人会同时使用物理攻击与魔法攻击技能。<br>·弗莱系会使用赋予眩晕的技能。<br>·海产系敌人会使用赋予眩晕、疲劳的技能。
雑魚：通常5(改修)	杂鱼：通常5(改修)
雑魚：通常6(改修)	杂鱼：通常6(改修)
雑魚：通常7(改修)	杂鱼：通常7(改修)
雑魚：通常8(改修)	杂鱼：通常8(改修)
雑魚：通常1(改修_攻撃タイプ耐性なし_攻撃タイプ耐性なし)	杂鱼：通常1(改修_无攻击类型耐性)
雑魚：通常2(改修_攻撃タイプ耐性なし_攻撃タイプ耐性なし)	杂鱼：通常2(改修_无攻击类型耐性)
雑魚：通常3(改修_攻撃タイプ耐性なし_攻撃タイプ耐性なし)	杂鱼：通常3(改修_无攻击类型耐性)
雑魚：通常4(改修_攻撃タイプ耐性なし_攻撃タイプ耐性なし)	杂鱼：通常4(改修_无攻击类型耐性)
雑魚：通常5(改修_攻撃タイプ耐性なし_攻撃タイプ耐性なし)	杂鱼：通常5(改修_无攻击类型耐性)
雑魚：通常6(改修_攻撃タイプ耐性なし)	杂鱼：通常6(改修_无攻击类型耐性)
雑魚：通常7(改修_攻撃タイプ耐性なし)	杂鱼：通常7(改修_无攻击类型耐性)
雑魚：通常8(改修_攻撃タイプ耐性なし)	杂鱼：通常8(改修_无攻击类型耐性)
雑魚：強敵1	杂鱼：强敌1
・悪魔、魔導書系エネミーがメインで出現。 <br>・やや物理攻撃が有効。 <br>・状態異常一部有効。 <br>・出現するエネミーが魔法攻撃スキルをメインで使用。 <br>・悪魔系エネミーがHPが一定以下で即死するスキルを使用。 <br>・魔導書系エネミーが呪い・弱体を付与するスキルを使用。	·主要出现恶魔、魔导书系敌人。<br>·物理攻击较为有效。<br>·部分异常状态有效。<br>·出现的敌人主要使用魔法攻击技能。<br>·恶魔系敌人会使用在HP低于一定比例时即死的技能。<br>·魔导书系敌人会使用赋予诅咒、弱体的技能。
雑魚：強敵2	杂鱼：强敌2
・天使、ドラゴン系エネミーがメインで出現。 <br>・やや魔法攻撃が有効。 <br>・状態異常一部有効。 <br>・出現するエネミーが物理攻撃スキルをメインで使用。 <br>・天使系エネミーが補助効果をすべて解除する必殺技を使用。 <br>・天使系、ドラゴン系エネミーが出血を付与するスキルを使用。	·主要出现天使、龙系敌人。<br>·魔法攻击较为有效。<br>·部分异常状态有效。<br>·出现的敌人主要使用物理攻击技能。<br>·天使系敌人会使用解除所有辅助效果的必杀技。<br>·天使系、龙系敌人会使用赋予出血的技能。
雑魚：強敵3	杂鱼：强敌3
・天使、悪魔系エネミーがメインで出現。 <br>・物理・魔法どちらも有効。 <br>・状態異常一部有効。 <br>・出現するエネミーが物理攻撃・魔法攻撃スキルどちらも使用。 <br>・天使系エネミーが補助効果をすべて解除する必殺技、出血を付与するスキルを使用。 <br>・悪魔系エネミーがHPが一定以下で即死するスキルを使用。	·主要出现天使、恶魔系敌人。<br>·物理与魔法攻击均有效。<br>·部分异常状态有效。<br>·出现的敌人会同时使用物理攻击与魔法攻击技能。<br>·天使系敌人会使用解除所有辅助效果的必杀技及赋予出血的技能。<br>·恶魔系敌人会使用在HP低于一定比例时即死的技能。
雑魚：強敵4	杂鱼：强敌4
・ドラゴン、悪魔系エネミーがメインで出現。 <br>・物理・魔法どちらも有効。 <br>・状態異常一部有効。<br>・出現するエネミーが物理攻撃・魔法攻撃スキルどちらも使用。 <br>・ドラゴン系エネミーが出血を付与するスキルを使用。 <br>・悪魔系エネミーがHPが一定以下で即死するスキルを使用。	·主要出现龙、恶魔系敌人。<br>·物理与魔法攻击均有效。<br>·部分异常状态有效。<br>·出现的敌人会同时使用物理攻击与魔法攻击技能。<br>·龙系敌人会使用赋予出血的技能。<br>·恶魔系敌人会使用在HP低于一定比例时即死的技能。
雑魚：強敵5	杂鱼：强敌5
・天使、魔導書系エネミーがメインで出現。 <br>・物理・魔法どちらも有効。 <br>・状態異常一部有効。 <br>・出現するエネミーが物理攻撃・魔法攻撃スキルどちらも使用。 <br>・天使系エネミーが補助効果をすべて解除する必殺技、出血を付与するスキルを使用。 <br>・魔導書系エネミーが呪い、弱体を付与するスキルを使用。	·主要出现天使、魔导书系敌人。<br>·物理与魔法攻击均有效。<br>·部分异常状态有效。<br>·出现的敌人会同时使用物理攻击与魔法攻击技能。<br>·天使系敌人会使用解除所有辅助效果的必杀技及赋予出血的技能。<br>·魔导书系敌人会使用赋予诅咒、弱体的技能。
雑魚：強敵1(改修)	杂鱼：强敌1(改修)
雑魚：強敵2(改修)	杂鱼：强敌2(改修)
雑魚：強敵3(改修)	杂鱼：强敌3(改修)
雑魚：強敵4(改修)	杂鱼：强敌4(改修)
雑魚：強敵5(改修)	杂鱼：强敌5(改修)
雑魚：強敵1(改修_攻撃タイプ耐性なし)	杂鱼：强敌1(改修_无攻击类型耐性)
雑魚：強敵2(改修_攻撃タイプ耐性なし)	杂鱼：强敌2(改修_无攻击类型耐性)
雑魚：強敵3(改修_攻撃タイプ耐性なし)	杂鱼：强敌3(改修_无攻击类型耐性)
雑魚：強敵4(改修_攻撃タイプ耐性なし)	杂鱼：强敌4(改修_无攻击类型耐性)
雑魚：強敵5(改修_攻撃タイプ耐性なし)	杂鱼：强敌5(改修_无攻击类型耐性)
雑魚：物理有効1(改修)	杂鱼：物理有效1(改修)
雑魚：物理有効2(改修)	杂鱼：物理有效2(改修)
雑魚：物理有効3(改修)	杂鱼：物理有效3(改修)
雑魚：物理有効4(改修)	杂鱼：物理有效4(改修)
雑魚：物理有効5(改修)	杂鱼：物理有效5(改修)
雑魚：物理有効1(改修_攻撃タイプ耐性なし)	杂鱼：物理有效1(改修_无攻击类型耐性)
雑魚：物理有効2(改修_攻撃タイプ耐性なし)	杂鱼：物理有效2(改修_无攻击类型耐性)
雑魚：物理有効3(改修_攻撃タイプ耐性なし)	杂鱼：物理有效3(改修_无攻击类型耐性)
雑魚：物理有効4(改修_攻撃タイプ耐性なし)	杂鱼：物理有效4(改修_无攻击类型耐性)
雑魚：物理有効5(改修_攻撃タイプ耐性なし)	杂鱼：物理有效5(改修_无攻击类型耐性)
雑魚：魔法有効1(改修)	杂鱼：魔法有效1(改修)
雑魚：魔法有効2(改修)	杂鱼：魔法有效2(改修)
雑魚：魔法有効3(改修)	杂鱼：魔法有效3(改修)
雑魚：魔法有効4(改修)	杂鱼：魔法有效4(改修)
雑魚：魔法有効5(改修)	杂鱼：魔法有效5(改修)
雑魚：魔法有効1(改修_攻撃タイプ耐性なし)	杂鱼：魔法有效1(改修_无攻击类型耐性)
雑魚：魔法有効2(改修_攻撃タイプ耐性なし)	杂鱼：魔法有效2(改修_无攻击类型耐性)
雑魚：魔法有効3(改修_攻撃タイプ耐性なし)	杂鱼：魔法有效3(改修_无攻击类型耐性)
雑魚：魔法有効4(改修_攻撃タイプ耐性なし)	杂鱼：魔法有效4(改修_无攻击类型耐性)
雑魚：魔法有効5(改修_攻撃タイプ耐性なし)	杂鱼：魔法有效5(改修_无攻击类型耐性)
雑魚：状態異常有効1(改修)	杂鱼：异常状态有效1(改修)
雑魚：状態異常有効2(改修)	杂鱼：异常状态有效2(改修)
雑魚：状態異常有効3(改修)	杂鱼：异常状态有效3(改修)
雑魚：状態異常有効4(改修)	杂鱼：异常状态有效4(改修)
雑魚：状態異常有効1(改修_攻撃タイプ耐性なし)	杂鱼：异常状态有效1(改修_无攻击类型耐性)
雑魚：状態異常有効2(改修_攻撃タイプ耐性なし)	杂鱼：异常状态有效2(改修_无攻击类型耐性)
雑魚：状態異常有効3(改修_攻撃タイプ耐性なし)	杂鱼：异常状态有效3(改修_无攻击类型耐性)
雑魚：状態異常有効4(改修_攻撃タイプ耐性なし)	杂鱼：异常状态有效4(改修_无攻击类型耐性)
雑魚：状態異常使用1(改修)	杂鱼：异常状态使用1(改修)
雑魚：状態異常使用2(改修)	杂鱼：异常状态使用2(改修)
雑魚：状態異常使用3(改修)	杂鱼：异常状态使用3(改修)
雑魚：状態異常使用4(改修)	杂鱼：异常状态使用4(改修)
雑魚：状態異常使用1(改修_攻撃タイプ耐性なし)	杂鱼：异常状态使用1(改修_无攻击类型耐性)
雑魚：状態異常使用2(改修_攻撃タイプ耐性なし)	杂鱼：异常状态使用2(改修_无攻击类型耐性)
雑魚：状態異常使用3(改修_攻撃タイプ耐性なし)	杂鱼：异常状态使用3(改修_无攻击类型耐性)
雑魚：状態異常使用4(改修_攻撃タイプ耐性なし)	杂鱼：异常状态使用4(改修_无攻击类型耐性)
中ボス1	中BOSS1
・ピュアスライムハートがボスで出現。 <br>・やや物理攻撃が有効。 <br>・状態異常有効。 <br>・出現するエネミーが魔法攻撃スキルをメインで使用。 <br>・ボスが補助効果を解除する必殺技・スキルを使用。 <br>・出現するエネミーが補助効果を解除するスキルを使用。	·BOSS为纯净史莱姆之心。<br>·物理攻击较为有效。<br>·异常状态有效。<br>·出现的敌人主要使用魔法攻击技能。<br>·BOSS会使用解除辅助效果的必杀技与技能。<br>·出现的敌人会使用解除辅助效果的技能。
中ボス2	中BOSS2
・フンガーモンガーがボスで出現。 <br>・物理・魔法どちらも有効。 <br>・状態異常一部有効。<br>・出現するエネミーが物理攻撃・魔法攻撃スキルどちらも使用。 <br>・ボスが猛毒・弱体・忘却・怠惰を付与するスキルを使用、状態異常を無効化。 <br>・出現するエネミーが毒・猛毒・スタン・睡眠・弱体・火傷・感電・氷結・刻印・鈍重・忘却・呪い・怠惰を付与するスキルを使用。	·BOSS为饥饿吞噬者。<br>·物理与魔法攻击均有效。<br>·部分异常状态有效。<br>·出现的敌人会同时使用物理攻击与魔法攻击技能。<br>·BOSS会使用赋予剧毒、弱体、遗忘、怠惰的技能，且异常状态无效。<br>·出现的敌人会使用赋予中毒、剧毒、眩晕、睡眠、弱体、灼伤、感电、冻结、刻印、迟钝、遗忘、诅咒、怠惰的技能。
中ボス3	中BOSS3
・望滅の凶獣がボスで出現。 <br>・やや魔法攻撃が有効。 <br>・状態異常一部有効。 <br>・出現するエネミーが物理攻撃スキルをメインで使用。 <br>・ボスが補助効果を解除するスキル、毒・出血を付与するスキルを使用。 <br>・出現するエネミーがスタン・毒・出血・虚脱・遅滞を付与するスキルを使用。	·BOSS为望灭凶兽。<br>·魔法攻击较为有效。<br>·部分异常状态有效。<br>·出现的敌人主要使用物理攻击技能。<br>·BOSS会使用解除辅助效果的技能，以及赋予中毒、出血的技能。<br>·出现的敌人会使用赋予眩晕、中毒、出血、虚脱、迟滞的技能。
中ボス4	中BOSS4
・ホワイトアイルがボスで出現。 <br>・物理・魔法どちらも有効。 <br>・状態異常一部有効。 <br>・出現するエネミーが物理攻撃・魔法攻撃スキルどちらも使用。 <br>・ボスが補助効果を解除するスキル、状態異常を解除するスキルを使用。 <br>・出現するエネミーがスタン・疲労を付与するスキルを使用。	·BOSS为怀特艾尔。<br>·物理与魔法攻击均有效。<br>·部分异常状态有效。<br>·出现的敌人会同时使用物理攻击与魔法攻击技能。<br>·BOSS会使用解除辅助效果的技能及解除异常状态的技能。<br>·出现的敌人会使用赋予眩晕、疲劳的技能。
中ボス5	中BOSS5
・アル・マーリドがボスで出現。 <br>・物理・魔法どちらも有効。 <br>・状態異常一部有効。 <br>・出現するエネミーが物理攻撃・魔法攻撃スキルどちらも使用。 <br>・ボスが状態異常を解除するスキル、氷結・鈍重を付与するスキルを使用。 <br>・出現するエネミーが弱点付与・感電・刻印を付与するスキルを使用。	·BOSS为阿尔·马里德。<br>·物理与魔法攻击均有效。<br>·部分异常状态有效。<br>·出现的敌人会同时使用物理攻击与魔法攻击技能。<br>·BOSS会使用解除异常状态的技能，以及赋予冻结、迟钝的技能。<br>·出现的敌人会使用赋予弱点、感电、刻印的技能。
中ボス6（陽窟・ボアドム・ドンムー）	中BOSS6（阳窟·博阿多姆·东姆）
・ボアドム・ドンムーがボスで出現。 <br>・やや物理攻撃が有効。 <br>・状態異常有効。 <br>・出現するエネミーが魔法攻撃スキルをメインで使用。 <br>・ボスがバフ効果を解除する必殺技・補助効果を解除するスキルを使用。 <br>・出現するエネミーが補助効果を解除するスキルを使用。	·BOSS为博阿多姆·东姆。<br>·物理攻击较为有效。<br>·异常状态有效。<br>·出现的敌人主要使用魔法攻击技能。<br>·BOSS会使用解除增益效果的必杀技与解除辅助效果的技能。<br>·出现的敌人会使用解除辅助效果的技能。
中ボス7（陽窟・タブラ・ラーサ）	中BOSS7（阳窟·塔布拉·拉萨）
・タブラ・ラーサがボスで出現。 <br>・物理・魔法どちらも有効。 <br>・状態異常無効。 <br>・出現するエネミーが物理攻撃・魔法攻撃スキルどちらも使用。 <br>・ボスが猛毒・弱体・忘却・怠惰を付与するスキルを使用。 <br>・出現するエネミーが毒・猛毒・スタン・睡眠・弱体・火傷・感電・氷結・刻印・鈍重・忘却・呪い・怠惰を付与するスキルを使用。	·BOSS为塔布拉·拉萨。<br>·物理与魔法攻击均有效。<br>·异常状态无效。<br>·出现的敌人会同时使用物理攻击与魔法攻击技能。<br>·BOSS会使用赋予剧毒、弱体、遗忘、怠惰的技能。<br>·出现的敌人会使用赋予中毒、剧毒、眩晕、睡眠、弱体、灼伤、感电、冻结、刻印、迟钝、遗忘、诅咒、怠惰的技能。
中ボス8（陽窟・兇猛のケモミミ様）	中BOSS8（阳窟·凶猛兽耳大人）
・兇猛のケモミミ様 がボスで出現。 <br>・やや魔法攻撃が有効。 <br>・状態異常一部有効。 <br>・出現するエネミーが物理攻撃スキルをメインで使用。 <br>・ボスが補助効果を解除するスキル、毒・出血を付与するスキルを使用。 <br>・出現するエネミーがスタン・毒・出血・虚脱・遅滞を付与するスキルを使用。	·BOSS为凶猛兽耳大人。<br>·魔法攻击较为有效。<br>·部分异常状态有效。<br>·出现的敌人主要使用物理攻击技能。<br>·BOSS会使用解除辅助效果的技能，以及赋予中毒、出血的技能。<br>·出现的敌人会使用赋予眩晕、中毒、出血、虚脱、迟滞的技能。
中ボス9（陽窟・ペンタゴア・シッシ）	中BOSS9（阳窟·彭塔戈亚·西西）
・ペンタゴア・シッシがボスで出現。 <br>・物理・魔法どちらも有効。 <br>・状態異常一部有効。 <br>・出現するエネミーが物理攻撃・魔法攻撃スキルどちらも使用。 <br>・ボスが補助効果を解除するスキル、状態異常を解除するスキルを使用。 <br>・出現するエネミーがスタン・疲労を付与するスキルを使用。	·BOSS为彭塔戈亚·西西。<br>·物理与魔法攻击均有效。<br>·部分异常状态有效。<br>·出现的敌人会同时使用物理攻击与魔法攻击技能。<br>·BOSS会使用解除辅助效果的技能及解除异常状态的技能。<br>·出现的敌人会使用赋予眩晕、疲劳的技能。
中ボス10（陽窟・ダハブ・マ・ジーン）	中BOSS10（阳窟·达哈布·玛·吉恩）
・ダハブ・マ・ジーンがボスで出現。 <br>・一部のエネミーが物理反射を付与。 <br>・状態異常一部有効。 <br>・出現するエネミーが物理攻撃・魔法攻撃スキルどちらも使用。 <br>・ボスが状態異常を解除するスキル、氷結・鈍重を付与するスキル、魔法反射を付与するスキルを使用。状態異常を無効化。 <br>・出現するエネミーが弱点付与・感電・刻印を付与するスキルを使用。	·BOSS为达哈布·玛·吉恩。<br>·部分敌人会赋予物理反射。<br>·部分异常状态有效。<br>·出现的敌人会同时使用物理攻击与魔法攻击技能。<br>·BOSS会使用解除异常状态的技能，以及赋予冻结、迟钝、魔法反射的技能。异常状态无效。<br>·出现的敌人会使用赋予弱点、感电、刻印的技能。
中ボス1(改修)	中BOSS1(改修)
中ボス2(改修)	中BOSS2(改修)
中ボス3(改修)	中BOSS3(改修)
・望滅の凶獣がボスで出現。 <br>・出現する一部のエネミーが魔法反射を付与 。 <br>・状態異常一部有効。 <br>・出現するエネミーが物理攻撃スキルをメインで使用。 <br>・ボスが補助効果を解除するスキル、毒・出血を付与するスキルを使用。 <br>・出現するエネミーがスタン・毒・出血・虚脱・遅滞を付与するスキルを使用。	·BOSS为望灭凶兽。<br>·部分出现的敌人会赋予魔法反射。<br>·部分异常状态有效。<br>·出现的敌人主要使用物理攻击技能。<br>·BOSS会使用解除辅助效果的技能，以及赋予中毒、出血的技能。<br>·出现的敌人会使用赋予眩晕、中毒、出血、虚脱、迟滞的技能。
中ボス4(改修)	中BOSS4(改修)
中ボス5(改修)	中BOSS5(改修)
・アル・マーリドがボスで出現。 <br>・出現する一部のエネミーが物理反射を付与 。 <br>・状態異常一部有効。 <br>・出現するエネミーが物理攻撃・魔法攻撃スキルどちらも使用。 <br>・ボスが状態異常を解除するスキル、氷結・鈍重を付与するスキルを使用。 <br>・出現するエネミーが弱点付与・感電・刻印を付与するスキルを使用。	·BOSS为阿尔·马里德。<br>·部分出现的敌人会赋予物理反射。<br>·部分异常状态有效。<br>·出现的敌人会同时使用物理攻击与魔法攻击技能。<br>·BOSS会使用解除异常状态的技能，以及赋予冻结、迟钝的技能。<br>·出现的敌人会使用赋予弱点、感电、刻印的技能。
中ボス1(改修_攻撃タイプ耐性なし)	中BOSS1(改修_无攻击类型耐性)
中ボス2(改修_攻撃タイプ耐性なし)	中BOSS2(改修_无攻击类型耐性)
中ボス3(改修_攻撃タイプ耐性なし)	中BOSS3(改修_无攻击类型耐性)
中ボス4(改修_攻撃タイプ耐性なし)	中BOSS4(改修_无攻击类型耐性)
中ボス5(改修_攻撃タイプ耐性なし)	中BOSS5(改修_无攻击类型耐性)
中ボス6（陰窟・ボアドム・ドンムー）	中BOSS6（阴窟·博阿多姆·东姆）
中ボス7（陰窟・タブラ・ラーサ）	中BOSS7（阴窟·塔布拉·拉萨）
・タブラ・ラーサがボスで出現。 <br>・物理・魔法どちらも有効。 <br>・状態異常一部有効。 <br>・出現するエネミーが物理攻撃・魔法攻撃スキルどちらも使用。 <br>・ボスが鈍重・呪い・忘却を付与するスキルを使用。 <br>・出現するエネミーが毒・猛毒・スタン・睡眠・弱体・火傷・感電・氷結・刻印・鈍重・忘却・呪い・怠惰を付与するスキルを使用。	·BOSS为塔布拉·拉萨。<br>·物理与魔法攻击均有效。<br>·部分异常状态有效。<br>·出现的敌人会同时使用物理攻击与魔法攻击技能。<br>·BOSS会使用赋予迟钝、诅咒、遗忘的技能。<br>·出现的敌人会使用赋予中毒、剧毒、眩晕、睡眠、弱体、灼伤、感电、冻结、刻印、迟钝、遗忘、诅咒、怠惰的技能。
中ボス8（陰窟・兇猛のケモミミ様）	中BOSS8（阴窟·凶猛兽耳大人）
中ボス9（陰窟・ペンタゴア・シッシ）	中BOSS9（阴窟·彭塔戈亚·西西）
中ボス10（陰窟・ダハブ・マ・ジーン）	中BOSS10（阴窟·达哈布·玛·吉恩）
ボス	BOSS
・聖獣洞窟の主がボスで出現。 <br>・物理・魔法どちらも有効。 <br>・状態異常一部有効。 <br>・出現するエネミーが物理攻撃・魔法攻撃スキルどちらも使用。 <br>・ボスがバフ効果を解除するスキル、弱体・怠惰を付与するスキルを使用。 <br>・出現するエネミーが補助効果を解除する必殺技、毒・猛毒・スタン・睡眠等の状態異常を付与するスキルを使用。 <br>	·BOSS为圣兽洞窟之主。<br>·物理与魔法攻击均有效。<br>·部分异常状态有效。<br>·出现的敌人会同时使用物理攻击与魔法攻击技能。<br>·BOSS会使用解除增益效果的技能，以及赋予弱体、怠惰的技能。<br>·出现的敌人会使用解除辅助效果的必杀技，以及赋予中毒、剧毒、眩晕、睡眠等异常状态的技能。<br>
ボス2（陽窟・名称未反映）	BOSS2（阳窟·名称未反映）
・聖獣洞窟の主がボスで出現。 <br>・物理・魔法どちらも有効。 <br>・状態異常一部有効。 <br>・出現するエネミーが物理攻撃・魔法攻撃スキルどちらも使用。 <br>・ボスがバフ効果を解除するスキル、呪いを付与するスキルを使用。 <br>・出現するエネミーが補助効果を解除する必殺技、毒・猛毒・スタン・睡眠等の状態異常を付与するスキルを使用。 <br>	·BOSS为圣兽洞窟之主。<br>·物理与魔法攻击均有效。<br>·部分异常状态有效。<br>·出现的敌人会同时使用物理攻击与魔法攻击技能。<br>·BOSS会使用解除增益效果的技能，以及赋予诅咒的技能。<br>·出现的敌人会使用解除辅助效果的必杀技，以及赋予中毒、剧毒、眩晕、睡眠等异常状态的技能。<br>
裏ボス	隐藏BOSS
裏ボス(改修)	隐藏BOSS(改修)
裏ボス(改修_攻撃タイプ耐性なし)	隐藏BOSS(改修_无攻击类型耐性)
裏ボス2（陰窟・名称未反映）	隐藏BOSS2（阴窟·名称未反映）
・聖獣洞窟の主がボスで出現。 <br>・物理・魔法どちらも有効。 <br>・状態異常一部有効。 <br>・出現するエネミーが物理攻撃・魔法攻撃スキルどちらも使用。 <br>・ボスがバフ効果を解除するスキル、火傷・呪い・忘却を付与するスキルを使用。 <br>・出現するエネミーが補助効果を解除する必殺技、毒・猛毒・スタン・睡眠等の状態異常を付与するスキルを使用。 <br>	·BOSS为圣兽洞窟之主。<br>·物理与魔法攻击均有效。<br>·部分异常状态有效。<br>·出现的敌人会同时使用物理攻击与魔法攻击技能。<br>·BOSS会使用解除增益效果的技能，以及赋予灼伤、诅咒、遗忘的技能。<br>·出现的敌人会使用解除辅助效果的必杀技，以及赋予中毒、剧毒、眩晕、睡眠等异常状态的技能。<br>
長靴	长靴
ギンギン	银银
淡水であればどこでも生息できる魚。人間界でも広く知られている。焼きや煮、揚げなど様々な調理法がある。	只要是在淡水中，在哪里都能生存的鱼。在人间界也广为人知。有烤、煮、炸等多种烹饪方法。
カップ	卡普
昔から人間界の食卓に並んできた魚。観賞用としても飼育され、美しいカップは目の飛び出るような価格で取引される。	自古以来便出现在人间界餐桌上的鱼。也被作为观赏鱼饲养，美丽的卡普以令人瞠目的高价进行交易。
カダメ冥界種	卡达梅冥界种
冥界の小川にのみ生息する特別種。虹色の魚体が群れを作る様子は、冥界人の目を楽しませている。	仅栖息于冥界小溪的特殊品种。彩虹色的鱼身成群游动的样子，给冥界人带来了视觉享受。
カダメ	卡达梅
群れを作って生活する小魚。トミクニではとてもポピュラーな魚だが、帝国では観賞魚として高値で取引されている。	成群生活的小鱼。在富国是非常普遍的鱼，但在帝国却作为观赏鱼以高价交易。
ギンギン冥界種	银银冥界种
近頃虹色のギンギンが冥界で見つかった。虹色なのにギンギンという名でいいのか、学者の激論が交わされている。	最近在冥界发现了彩虹色的银银。明明是彩虹色，叫银银是否合适，学者们正展开激烈争论。
カップ冥界種	卡普冥界种
冥界にいるカップって独特の色合いですよね。……はっ！？　これを人間界で売りさばけば一財産築けるのでは！？	冥界的卡普有着独特的色调呢。……啊！？要是把这个拿到人间界去卖，岂不是能发一笔大财！？
アワロナ	阿瓦罗纳
暖かい地方の淡水に住む大型の魚。性格は大人しく、ゆったりと泳ぐ姿には風格すら漂う。	栖息在温暖地区淡水中的大型鱼类。性格温顺，悠然游动的姿态甚至带着一丝威严。
マルマウオ冥界種	圆鱼冥界种
人間界のものと比べると非常に大きい。人の背丈ほどあるマルマウオが水辺に転がっていることも。転がして水中に戻してあげよう。	比人间界的个体大得多。有时甚至会有和人一样高的圆鱼滚落在水边。把它推回水里吧。
クチナガゴイ	长嘴鲤
口周りが特徴的な魚。発達した口と歯で、どんな硬い殻も食い破ってしまう。カニや貝の漁師からは嫌われている。	嘴部特征明显的鱼。用发达的口和牙齿能咬碎任何坚硬的甲壳。遭到捕蟹和捕贝渔民的厌恶。
アワロナ冥界種	阿瓦罗纳冥界种
観賞魚としても人気のあるアワロナだが、色が鮮やかな冥界種は、もし人間界で知られたら天井知らずの値がつくだろう。	作为观赏鱼也很有人气的阿瓦罗纳，其色彩鲜艳的冥界种若是在人间界为人所知，定会被炒出天价吧。
トゥルク冥界種	图尔克冥界种
冥界に生息するトゥルクの鱗は大きく、そして虹色に輝いている。剥がれ落ちた鱗を使って、アクセサリーを作る冥界人もいる。	栖息在冥界的图尔克鳞片很大，且闪耀着彩虹色的光辉。也有冥界人用掉落的鳞片制作饰品。
トッビーウオ	飞鱼
水中から勢いよく飛び出してくる魚。進化して空を飛ぶトッビーウオを見た、と話す漁師もいるが真実は定かではない。	会猛地从水中跳出的鱼。有渔夫说曾见过进化后能在空中飞的飞鱼，但真相不明。
レイレイ	鳐鱼
その異形から、地域によっては釣り上げると不幸になるとされている。新鮮なものは臭みもなく刺身でも食べられる。	因其异形，在某些地区被认为钓到会带来不幸。新鲜的个体没有腥味，可以做成生鱼片食用。
レイレイ冥界種	鳐鱼冥界种
冥界種のレイレイは空を飛ぶこともできる。レイレイの親子が列になって飛ぶ姿は、見るものをほっこりさせてくれる。	冥界种的鳐鱼甚至能在空中飞。鳐鱼亲子排成队列飞行的样子，让看到的人感到温馨。
トゥルク	图尔克
森の奥深くに生息する巨大魚。性格は大人しいが力持ちなので、子供が安易に近づくと跳ね飛ばされてしまう。	栖息在森林深处的巨大鱼类。性格温顺但力气很大，小孩若轻易靠近会被弹飞。
フグゥ冥界種	河豚冥界种
冥界のフグゥは人間界の物より味がいいとされる。ただし毒を取り除くのが難しいため、食べるには覚悟が必要。	据说冥界的河豚比人间界的味道更好。但由于毒素难以去除，食用需要一定的觉悟。
スクイッド	乌贼
足が１０本ある、海生軟体生物。その奇妙な姿から、食用にする地域と忌み嫌う地域が存在するが、味は非常に良い。	拥有10条触手的海生软体生物。因其奇特的外形，存在将其食用的地区和厌恶的地区，但味道非常好。
フグゥ	河豚
食べた瞬間に奇声を発しながら死に至る人が続出したことから、その名がついた。現在は処理法が確立したため安全に食べられる。	因接连出现食用瞬间发出怪声并死亡的人而得名。现在处理方法已确立，可以安全食用。
マージ	马吉
脂が乗って美味しいため、生、焼き、揚げと様々な調理法で食べられている。干したものも大人気。身体の横には鋭いトゲがある。	因油脂丰富味道鲜美，生吃、烤、炸等有各种烹饪方法。干货也非常受欢迎。身体侧面有尖锐的刺。
タイダ	怠惰
この魚を食べたら『怠惰』になってしまう、という逸話から名付けられた。実際は食中毒で動けなくなった人が続出しただけ。	因吃了这种鱼会变得"怠惰"的传说而得名。实际上只是不断有人因食物中毒而动弹不得。
イニシエシーラ	太古竹荚鱼
古代より深海に生息している、非常に珍しい魚。捕まえても海に帰すこと……と学者は言うが、空腹には勝てない。	自古以来便栖息在深海的极为珍稀的鱼。学者说即使捕到也要放归大海……但终究敌不过空腹感。
ガジガジ	嘎吱嘎吱
いかつい姿をしているため、モンスターと勘違いされることも多い。動きは遅く、きゅんきゅんと可愛らしい声を出す。	因外形粗犷常被误认为是怪物。动作迟缓，会发出啾啾的可爱声音。
ガジガジ冥界種	嘎吱嘎吱冥界种
冥界では稀にしか見ることができない希少種。ファムによれば、食べるところがほとんどありませんでした、とのこと。	在冥界难得一见的稀有品种。据法姆说，几乎没有什么可吃的部位。
ホシデ冥界種	星出冥界种
冥界のホシデはとてもカラフルなので、鑑賞に適している。こちらも、投げて遊んではいけない。	冥界的星出颜色非常缤纷，适合观赏。同样，也不能拿来扔着玩。
タイダ冥界種	怠惰冥界种
刺身にしても良し、焼いても良し、干しても良し。冥界の食卓にタイダが並ばない日はないと言われている。冥王は刺身派。	做成生鱼片也好，烤也好，晒干也好。据说冥界的餐桌上没有一天不摆上怠惰。冥王是生鱼片派。
マージ冥界種	马吉冥界种
マージは通常種も美味しいが、冥界種はさらにその味に磨きがかかっているため、冥界で大人気の魚のひとつである。	普通品种的马吉就很美味，而冥界种的味道更是经过了打磨，是冥界极受欢迎的鱼类之一。
『８本足でウネウネ動くのが苦手で……』『慣れるために実物を持ってきてやったよ！』『ア゛ー！』──ある聖神官と女王の会話。	我不太擅长对付那种8条腿扭来扭去的东西……"为了让你习惯，我把实物拿来了哦！"呀啊——！——某位圣神官与女王的对话。
ホシデ	星出
しばしば海岸に打ち上げられているのが目撃される。投げて遊んではいけない。	经常有人目击它们被冲上海岸。不能拿来扔着玩。
カジール	卡吉尔
世界最速の魚として知られ、軍船すら遙かに凌ぐスピードで大海原を回遊する。性格も獰猛で釣り上げるのは極めて困難。	被誉为世界最快的鱼，以远超军舰的速度在汪洋大海中洄游。性格凶猛，极难钓起。
のんびりザメ	悠闲鲨鱼
非常に大きく凶暴そうな見た目に反し、大人しい。しかしそのヒレは高級食材として一部地域で大人気で、最近は数が減っている。	与庞大凶暴的外表相反，性格温顺。但其鱼鳍作为高级食材在部分地区极受欢迎，最近数量正在减少。
カジール冥界種	卡吉尔冥界种
冥界のカジールはのんびりした性格で、海面付近をゆったり泳ぎながらひなたぼっこをしていることが多い。	冥界的卡吉尔性格悠闲，常常在海面附近慢悠悠地游着晒太阳。
基本スタンプ	基础表情
あいミススタンプ1	爱错表情1
あいミススタンプ2	爱错表情2
あいミススタンプ3	爱错表情3
あいミススタンプ4	爱错表情4
あいミススタンプ5	爱错表情5
あいミススタンプ6	爱错表情6
あいミススタンプ7	爱错表情7
あいミススタンプ8	爱错表情8
あいミススタンプ9	爱错表情9
あいミススタンプ10	爱错表情10
あいミススタンプ11	爱错表情11
あいミススタンプ12	爱错表情12
冥界の空	冥界天空
樹理学園の学食	树理学园的食堂
樹理学園の正門	树理学园的正门
樹理学園の正門（黄昏）	树理学园的正门（黄昏）
樹理学園の教室	树理学园的教室
樹理学園の廊下	树理学园的走廊
学園寮の談話室	学园宿舍的谈话室
冥界の街並み	冥界街景
冥界の街並み（黄昏）	冥界街景（黄昏）
冥王の執務室	冥王办公室
古の梢	古老的树梢
シラズの泉（水辺）	未知之泉（水边）
シラズの泉（上空）	未知之泉（上空）
◆出現エネミーの特徴◆ <br>・弱点属性以外の属性に耐性を持つ<br>・ボスエネミーがHP回復・全体魔法攻撃スキルを使用 <br>・ボスエネミーがウェーブ開始時に敵全体にベール付与 <br>・ユニコーンが前衛への物理攻撃スキルを多用	◆出现敌人的特征◆<br>·对弱点属性以外的属性具有耐性<br>·BOSS敌人会使用HP回复·全体魔法攻击技能<br>·BOSS敌人在回合开始时赋予敌方全体面纱状态<br>·独角兽会频繁使用对前卫的物理攻击技能
◆出現エネミーの特徴◆<br>・弱点属性以外の属性に耐性を持つ <br>・ボスエネミーが3ターン毎のターン開始時、自身にバリアー付与 <br>・ボスエネミーが敵味方全体のバフ・デバフ解除スキルを使用 <br>・アバルティスが即死スキルとスタン付与スキルを使用<br>・ラメエルの通常攻撃に攻撃増加効果<br>・アバルティスの通常攻撃に弱体付与効果	◆出现敌人的特征◆<br>·对弱点属性以外的属性具有耐性<br>·BOSS敌人每隔3回合开始时，赋予自身护盾状态<br>·BOSS敌人会使用解除敌我全体增益·减益效果的技能<br>·阿巴尔蒂斯会使用即死技能和赋予眩晕的技能<br>·拉梅尔的普通攻击带有攻击上升效果<br>·阿巴尔蒂斯的普通攻击带有赋予弱体效果
◆編成制限：知属性のみ出撃可能<br>◆出現エネミーの特徴◆<br>・エネミーが翠苑タイプの攻撃を使用。毒・猛毒による最大HP減少が無効、固定ダメージ化。<br>・ボスエネミーが出血付与、猛毒付与スキルを使用。<br>・近衛騎士の連撃率が高い。即死の必殺技を使用。魔法ダメージを軽減。攻撃を回避時、集中付与効果。<br>・プレデターの連撃率が高い。被ダメージ時、ランダムな敵単体の防御減少効果。<br>・ギュムノートがスタン付与スキルを使用。<br>・ベベンジュウガがバフ解除の必殺技を使用。	◆编成限制：仅知属性可出击<br>◆出现敌人的特征◆<br>·敌人使用翠苑类型攻击。中毒·剧毒带来的最大HP减少无效，变为固定伤害。<br>·BOSS敌人会使用赋予出血、赋予剧毒技能。<br>·近卫骑士的连击率高。会使用即死的必杀技。减轻魔法伤害。回避攻击时，赋予集中效果。<br>·捕食者的连击率高。受到伤害时，随机减少敌方单体的防御。<br>·吉姆诺特会使用赋予眩晕的技能。<br>·贝文朱加会使用解除增益效果的必杀技。
◆編成制限：心属性のみ出撃可能<br>◆出現エネミーの特徴◆<br>・エネミーが黒咆タイプの攻撃を使用。<br>・ボスエネミーが遅滞付与、次元遮断付与、状態異常のターン延長スキルを使用。<br>・ゴワモコが遅滞付与スキルを使用。<br>・フラム・ラルヴァが攻撃バフ解除の必殺技を使用。物理ダメージを軽減。<br>・フラム・ラルヴァ<忘>が魔力バフ解除の必殺技を使用。魔法ダメージを軽減。ダウン時に忘却付与効果。<br>・マグナ・タピルスが幸運減少、睡眠付与、HP回復スキルを使用。通常攻撃時に味方の防御増加効果。	◆编成限制：仅心属性可出击<br>◆出现敌人的特征◆<br>·敌人使用黑咆类型攻击。<br>·BOSS敌人会使用赋予迟滞、赋予次元遮断、延长异常状态回合数的技能。<br>·刚毛莫可会使用赋予迟滞的技能。<br>·弗拉姆·拉尔瓦会使用解除攻击增益的必杀技。减轻物理伤害。<br>·弗拉姆·拉尔瓦<忘>会使用解除魔力增益的必杀技。减轻魔法伤害。倒下时赋予遗忘效果。<br>·玛格纳·塔皮尔斯会使用减少幸运、赋予睡眠、回复HP的技能。普通攻击时带有提升我方防御的效果。
◆編成制限：芸属性のみ出撃可能<br>◆出現エネミーの特徴◆<br>・エネミーが蒼史タイプの攻撃を使用。前衛後衛入れ替えを無効化。<br>・ボスエネミーが味方の回避率を増加させるスキルを使用。攻撃を回避時に確率で自身に力溜め付与。<br>・ベノスボアンが前衛に幻影を付与する必殺技を使用。<br>・カーディナルが飛行付与の必殺技を使用。<br>・ゴーレムが前衛のバフ解除の必殺技を使用。魔法ダメージと状態異常を無効化。<br>・メタシクロ祭祀書が呪い・弱体を付与するスキルを使用。スタン付与時に耐性が増加。	◆编成限制：仅芸属性可出击<br>◆出现敌人的特征◆<br>·敌人使用苍史类型攻击。前卫后卫替换无效化。<br>·BOSS敌人会使用提升我方回避率的技能。回避攻击时概率赋予自身蓄力状态。<br>·维诺斯博安会使用赋予前卫幻影状态的必杀技。<br>·卡迪纳尔会使用赋予飞行状态的必杀技。<br>·魔像会使用解除前卫增益效果的必杀技。魔法伤害与异常状态无效化。<br>·梅塔西克罗祭祀书会使用赋予诅咒·弱体的技能。赋予眩晕时自身耐性增加。
◆編成制限：心属性のみ出撃可能<br>◆出現エネミーの特徴◆<br>・エネミーが黒咆タイプの攻撃を使用。<br>・ボスエネミーが遅滞付与、次元遮断付与、状態異常のターン延長スキルを使用。<br>・ゴワモコが遅滞付与スキルを使用。<br>・フラム・ラルヴァが攻撃バフ解除の必殺技を使用。物理ダメージを軽減。<br>・フラム・ラルヴァ・忘が魔力バフ解除の必殺技を使用。魔法ダメージを軽減。ダウン時に忘却付与効果。<br>・マグナ・タピルスが幸運減少、睡眠付与、HP回復スキルを使用。通常攻撃時に味方の防御増加効果。	◆编成限制：仅心属性可出击<br>◆出现敌人的特征◆<br>·敌人使用黑咆类型攻击。<br>·BOSS敌人会使用赋予迟滞、赋予次元遮断、延长异常状态回合数的技能。<br>·刚毛莫可会使用赋予迟滞的技能。<br>·弗拉姆·拉尔瓦会使用解除攻击增益的必杀技。减轻物理伤害。<br>·弗拉姆·拉尔瓦·忘会使用解除魔力增益的必杀技。减轻魔法伤害。倒下时赋予遗忘效果。<br>·玛格纳·塔皮尔斯会使用减少幸运、赋予睡眠、回复HP的技能。普通攻击时带有提升我方防御的效果。
◆編成制限：知属性のみ出撃可能<br>◆出現エネミーの特徴◆<br>・エネミーが黒咆タイプの攻撃を使用。黒咆タイプの攻撃以外のダメージ軽減。<br>・ボスエネミーが守護神付与の必殺技を使用。バトル開始時に多数の補助効果を付与。デバフを受けると自身の補助効果を2つ解除。<br>・ゴワモコが通常攻撃時、味方単体の防御増加。<br>・フラム・ラルヴァ・虚が虚脱付与のスキルを使用。魔法ダメージを半減。<br>・プレデターがバトル開始時に多数の補助効果を付与。デバフを受けると自身の補助効果を2つ解除。<br>・ユニコーンがHP回復のスキルを使用。	◆编成限制：仅知属性可出击<br>◆出现敌人的特征◆<br>·敌人使用黑咆类型攻击。黑咆类型攻击以外的伤害减轻。<br>·BOSS敌人会使用赋予守护神状态的必杀技。战斗开始时赋予自身大量辅助效果。受到减益效果时会解除自身2个辅助效果。<br>·刚毛莫可普通攻击时，提升我方单体防御。<br>·弗拉姆·拉尔瓦·虚会使用赋予虚脱的技能。魔法伤害减半。<br>·捕食者战斗开始时赋予自身大量辅助效果。受到减益效果时会解除自身2个辅助效果。<br>·独角兽会使用回复HP的技能。
◆編成制限：理属性のみ出撃可能<br>◆出現エネミーの特徴◆<br>・エネミーが翠苑タイプの攻撃を使用。翠苑タイプの攻撃以外のダメージ軽減。状態異常を付与されている場合は自身のパラメータを下げる、補助効果を解除するなどのデバフ効果を受ける。<br>・ボスエネミーが味方の状態異常を解除するスキルを使用。<br>・メタシクロ祭祀書が呪いを付与するスキルを使用。<br>・ベノスボアンがスタンを付与するスキルを使用。<br>・ブラッドドラゴンが味方の状態異常を解除する必殺技を使用。<br>・ゴワモコが味方にベールを付与する必殺技を使用。<br>・エラローヴがバフ解除の必殺技を使用。	◆编成限制：仅理属性可出击<br>◆出现敌人的特征◆<br>·敌人使用翠苑类型攻击。翠苑类型攻击以外的伤害减轻。若被赋予异常状态，自身属性会下降、辅助效果会被解除等，受到减益效果影响。<br>·BOSS敌人会使用解除我方异常状态的技能。<br>·梅塔西克罗祭祀书会使用赋予诅咒的技能。<br>·维诺斯博安会使用赋予眩晕的技能。<br>·鲜血巨龙会使用解除我方异常状态的必杀技。<br>·刚毛莫可会使用赋予我方面纱状态的必杀技。<br>·艾拉罗夫会使用解除增益效果的必杀技。
◆編成制限：知属性のみ出撃可能<br>◆出現エネミーの特徴◆<br>・エネミーが紅華タイプの攻撃を使用。紅華タイプの攻撃以外のダメージ軽減。<br>・ボスエネミーが一定ターン開始毎にバフ効果、補助効果を付与。<br>・騎士が物理ダメージを軽減、確率で仲間への物理攻撃を代わりに受ける。<br>・ギュムノートがバフ解除のスキルを使用。<br>・クラゲが味方全体のデバフ解除のスキルを使用。<br>・ゴーレムが魔法ダメージを軽減、確率で仲間への魔法攻撃を代わりに受ける。<br>・ラメエルが一定ターン開始毎にバフ効果、補助効果を付与。	◆编成限制：仅知属性可出击<br>◆出现敌人的特征◆<br>·敌人使用红华类型攻击。红华类型攻击以外的伤害减轻。<br>·BOSS敌人每隔一定回合开始时，赋予自身增益效果和辅助效果。<br>·骑士减轻物理伤害，概率替同伴承受物理攻击。<br>·吉姆诺特会使用解除增益效果的技能。<br>·水母会使用解除我方全体减益效果的技能。<br>·魔像减轻魔法伤害，概率替同伴承受魔法攻击。<br>·拉梅尔每隔一定回合开始时，赋予自身增益效果和辅助效果。
※<indent=32>1度の召喚で獲得する聖装が重複する場合がございます。</indent=32><br>※<indent=32>それぞれの提供割合が小数点第五位を切り捨てして表示しています。そのため合計値が100.0000%(小数点第五位を切り捨て)にならない場合がございます。</indent=32><br>※<indent=32>本召喚から出現する聖装のステータスは召喚画面の「召喚詳細」または召喚詳細内の「提供割合」からご確認いただけます。</indent=32><br>※<indent=32>「聖装の蒼片」は獲得してから30日で「蒼粒子」へと変換されます。</indent=32><br>※<indent=32>「聖装の蒼片」の有効期限は「通貨管理」からご確認いただけます。</indent=32><br>※<indent=32>施策内容や期間は予告なく変更させていただく場合がございます。</indent=32><br>※<indent=32>「聖装の蒼片」の獲得</indent=32><br> <indent=32>聖装毎に10聖装の蒼片を獲得することができます。</indent=32><br><br>※<indent=32>所持している聖装を獲得した場合</indent=32><br> <indent=32>聖装はその聖装に対応した「開花の輝石」へと自動的に変換されます。</indent=32><br> <indent=32>各聖装毎に、開花の輝石の限界獲得数が設定されており、それ以降に獲得した開花の輝石は聖装の蒼片へと自動的に変換されます。</indent=32><br> <indent=32>獲得する聖装の蒼片の量は、聖装レアリティ毎に異なります。</indent=32><br>・<indent=32>R聖装：18回開花の輝石に変換されて以降、5聖装の蒼片に変換。</indent=32><br>・<indent=32>SR聖装：18回開花の輝石に変換されて以降、25聖装の蒼片に変換。</indent=32><br>・<indent=32>SSR聖装：8回開花の輝石に変換されて以降、100聖装の蒼片に変換。 </indent=32>	※<indent=32>单次召唤中获得的圣装可能会出现重复。</indent=32><br>※<indent=32>各提供比例显示为舍弃小数点后第五位的结果。因此，合计值可能不会达到100.0000%（舍弃小数点后第五位）。</indent=32><br>※<indent=32>本召唤中出现的圣装状态，可通过召唤画面的"召唤详情"或召唤详情内的"提供比例"进行确认。</indent=32><br>※<indent=32>"圣装苍片"将在获得30天后转化为"苍粒子"。</indent=32><br>※<indent=32>"圣装苍片"的有效期可通过"货币管理"进行确认。</indent=32><br>※<indent=32>活动内容及期间可能会在无预告的情况下变更。</indent=32><br>※<indent=32>"圣装苍片"的获得</indent=32><br> <indent=32>每个圣装可获得10个圣装苍片。</indent=32><br><br>※<indent=32>获得已持有的圣装时</indent=32><br> <indent=32>该圣装将自动转化为对应的"开花辉石"。</indent=32><br> <indent=32>每个圣装均设有开花辉石的获得上限，超过上限后获得的开花辉石将自动转化为圣装苍片。</indent=32><br> <indent=32>获得的圣装苍片数量因圣装稀有度而异。</indent=32><br>・<indent=32>R圣装：转化18次为开花辉石后，之后转化为5个圣装苍片。</indent=32><br>・<indent=32>SR圣装：转化18次为开花辉石后，之后转化为25个圣装苍片。</indent=32><br>・<indent=32>SSR圣装：转化8次为开花辉石后，之后转化为100个圣装苍片。</indent=32>
※<indent=32>それぞれの提供割合が小数点第五位を切り捨てして表示しています。そのため合計値が100.0000%(小数点第五位を切り捨て)にならない場合がございます。</indent=32><br>※<indent=32>SR+聖装の出現確率はSRレアリティに含まれます。</indent=32><br>※<indent=32>本召喚から出現する聖装のステータスは召喚画面の「召喚詳細」または召喚詳細内の「提供割合」からご確認いただけます。</indent=32><br>※<indent=32>「聖装の蒼片」は獲得してから30日で「蒼粒子」へと変換されます。</indent=32><br>※<indent=32>「聖装の蒼片」の有効期限は「通貨管理」からご確認いただけます。</indent=32><br>※<indent=32>施策内容や期間は予告なく変更させていただく場合がございます</indent=32><br><br>※<indent=32>所持している聖装を獲得した場合</indent=32><br> <indent=32>聖装はその聖装に対応した「開花の輝石」へと自動的に変換されます。</indent=32><br> <indent=32>各聖装毎に、開花の輝石の限界獲得数が設定されており、それ以降に獲得した開花の輝石は聖装の蒼片へと自動的に変換されます。</indent=32><br>・<indent=32>R聖装：18回開花の輝石に変換されて以降、5聖装の蒼片に変換。 |  ※<indent=32>各提供比例显示为舍弃小数点后第五位的结果。因此，合计值可能不会达到100.0000%（舍弃小数点后第五位）。</indent=32><br>※<indent=32>SR+圣装的出货概率包含在SR稀有度中。</indent=32><br>※<indent=32>本召唤中出现的圣装状态，可通过召唤画面的"召唤详情"或召唤详情内的"提供比例"进行确认。</indent=32><br>※<indent=32>"圣装苍片"将在获得30天后转化为"苍粒子"。</indent=32><br>※<indent=32>"圣装苍片"的有效期可通过"货币管理"进行确认。</indent=32><br>※<indent=32>活动内容及期间可能会在无预告的情况下变更。</indent=32><br><br>※<indent=32>获得已持有的圣装时</indent=32><br> <indent=32>该圣装将自动转化为对应的"开花辉石"。</indent=32><br> <indent=32>每个圣装均设有开花辉石的获得上限，超过上限后获得的开花辉石将自动转化为圣装苍片。</indent=32><br>・<indent=32>R圣装：转化18次为开花辉石后，之后转化为5个圣装苍片。 | 	
※<indent=32>それぞれの提供割合が小数点第五位を切り捨てして表示しています。そのため合計値が100.0000%(小数点第五位を切り捨て)にならない場合がございます。</indent=32><br>※<indent=32>SR+聖装の出現確率はSRレアリティに含まれます。</indent=32><br>※<indent=32>本召喚から出現する聖装のステータスは召喚画面の「召喚詳細」または召喚詳細内の「提供割合」からご確認いただけます。</indent=32><br>※<indent=32>「聖装の蒼片」は獲得してから30日で「蒼粒子」へと変換されます。</indent=32><br>※<indent=32>「聖装の蒼片」の有効期限は「通貨管理」からご確認いただけます。</indent=32><br>※<indent=32>施策内容や期間は予告なく変更させていただく場合がございます</indent=32><br><br>※<indent=32>所持している聖装を獲得した場合</indent=32><br> <indent=32>聖装はその聖装に対応した「開花の輝石」へと自動的に変換されます。</indent=32><br> <indent=32>各聖装毎に、開花の輝石の限界獲得数が設定されており、それ以降に獲得した開花の輝石は聖装の蒼片へと自動的に変換されます。</indent=32><br> <indent=32>獲得する聖装の蒼片の量は、聖装レアリティ毎に異なります。</indent=32><br>・<indent=32>SR聖装：18回開花の輝石に変換されて以降、25聖装の蒼片に変換。</indent=32><br>・<indent=32>SSR聖装：8回開花の輝石に変換されて以降、100聖装の蒼片に変換。 |  ※<indent=32>各提供比例显示为舍弃小数点后第五位的结果。因此，合计值可能不会达到100.0000%（舍弃小数点后第五位）。</indent=32><br>※<indent=32>SR+圣装的出货概率包含在SR稀有度中。</indent=32><br>※<indent=32>本召唤中出现的圣装状态，可通过召唤画面的"召唤详情"或召唤详情内的"提供比例"进行确认。</indent=32><br>※<indent=32>"圣装苍片"将在获得30天后转化为"苍粒子"。</indent=32><br>※<indent=32>"圣装苍片"的有效期可通过"货币管理"进行确认。</indent=32><br>※<indent=32>活动内容及期间可能会在无预告的情况下变更。</indent=32><br><br>※<indent=32>获得已持有的圣装时</indent=32><br> <indent=32>该圣装将自动转化为对应的"开花辉石"。</indent=32><br> <indent=32>每个圣装均设有开花辉石的获得上限，超过上限后获得的开花辉石将自动转化为圣装苍片。</indent=32><br> <indent=32>获得的圣装苍片数量因圣装稀有度而异。</indent=32><br>・<indent=32>SR圣装：转化18次为开花辉石后，之后转化为25个圣装苍片。</indent=32><br>・<indent=32>SSR圣装：转化8次为开花辉石后，之后转化为100个圣装苍片。 | 	
※<indent=32>1度の召喚で獲得する聖装が重複する場合がございます。</indent=32><br>※<indent=32>それぞれの提供割合が小数点第五位を切り捨てして表示しています。そのため合計値が100.0000%(小数点第五位を切り捨て)にならない場合がございます。</indent=32><br>※<indent=32>SR+聖装の出現確率はSRレアリティに含まれます。</indent=32><br>※<indent=32>本召喚から出現する聖装のステータスは召喚画面の「召喚詳細」または召喚詳細内の「提供割合」からご確認いただけます。</indent=32><br>※<indent=32>有償フレアライトと無償フレアライトの両方を所持している場合、無償フレアライトから優先的に消費されます。有償フレアライトは購入日の古い物から順に消費されます。</indent=32><br>※<indent=32>「聖装の蒼片」は獲得してから30日で「蒼粒子」へと変換されます。</indent=32><br>※<indent=32>有償フレアライトと「聖装の蒼片」の有効期限は「通貨管理」からご確認いただけます。</indent=32><br>※<indent=32>施策内容や期間は予告なく変更させていただく場合がございます。</indent=32><br>※<indent=32>「聖装の蒼片」の獲得</indent=32><br> <indent=32>聖装毎に10聖装の蒼片を獲得することができます。</indent=32><br>※<indent=32>本召喚を実行する毎に1ステップずつ繰り上がり、5ステップ目にSSR聖装が特別枠から1着確定で出現します。</indent=32><br> <indent=32>その後、ステップはリセットされ、再び5ステップ目を目指して召喚することが可能です。</indent=32><br>※<indent=32>他の召喚を実行してもステップは繰り上がりません。</indent=32><br><br>※<indent=32>所持している聖装を獲得した場合</indent=32><br> <indent=32>聖装はその聖装に対応した「開花の輝石」へと自動的に変換されます。</indent=32><br> <indent=32>各聖装毎に、開花の輝石の限界獲得数が設定されており、それ以降に獲得した開花の輝石は聖装の蒼片へと自動的に変換されます。</indent=32><br> <indent=32>獲得する聖装の蒼片の量は、聖装レアリティ毎に異なります。</indent=32><br>・<indent=32>R聖装：18回開花の輝石に変換されて以降、5聖装の蒼片に変換。</indent=32><br>・<indent=32>SR聖装：18回開花の輝石に変換されて以降、25聖装の蒼片に変換。</indent=32><br>・<indent=32>SSR聖装：8回開花の輝石に変換されて以降、100聖装の蒼片に変換。 | ※<indent=32>单次召唤中获得的圣装可能会出现重复。</indent=32><br>※<indent=32>各提供比例显示为舍弃小数点后第五位的结果。因此，合计值可能不会达到100.0000%（舍弃小数点后第五位）。</indent=32><br>※<indent=32>SR+圣装的出货概率包含在SR稀有度中。</indent=32><br>※<indent=32>本召唤中出现的圣装状态，可通过召唤画面的"召唤详情"或召唤详情内的"提供比例"进行确认。</indent=32><br>※<indent=32>若同时持有付费辉煌石和免费辉煌石，将优先消耗免费辉煌石。付费辉煌石将从购买日期最早的开始依次消耗。</indent=32><br>※<indent=32>"圣装苍片"将在获得30天后转化为"苍粒子"。</indent=32><br>※<indent=32>付费辉煌石和"圣装苍片"的有效期可通过"货币管理"进行确认。</indent=32><br>※<indent=32>活动内容及期间可能会在无预告的情况下变更。</indent=32><br>※<indent=32>"圣装苍片"的获得</indent=32><br> <indent=32>每个圣装可获得10个圣装苍片。</indent=32><br>※<indent=32>每进行一次本召唤，STEP会前进1步，第5步时必定从特殊栏位中出现1件SSR圣装。</indent=32><br> <indent=32>之后STEP将重置，可再次以第5步为目标进行召唤。</indent=32><br>※<indent=32>进行其他召唤不会推进本召唤的STEP。</indent=32><br><br>※<indent=32>获得已持有的圣装时</indent=32><br> <indent=32>该圣装将自动转化为对应的"开花辉石"。</indent=32><br> <indent=32>每个圣装均设有开花辉石的获得上限，超过上限后获得的开花辉石将自动转化为圣装苍片。</indent=32><br> <indent=32>获得的圣装苍片数量因圣装稀有度而异。</indent=32><br>・<indent=32>R圣装：转化18次为开花辉石后，之后转化为5个圣装苍片。</indent=32><br>・<indent=32>SR圣装：转化18次为开花辉石后，之后转化为25个圣装苍片。</indent=32><br>・<indent=32>SSR圣装：转化8次为开花辉石后，之后转化为100个圣装苍片。 | 	
※<indent=32>1度の召喚で獲得する聖装が重複する場合がございます。</indent=32><br>※<indent=32>それぞれの提供割合が小数点第五位を切り捨てして表示しています。そのため合計値が100.0000%(小数点第五位を切り捨て)にならない場合がございます。</indent=32><br>※<indent=32>SR+聖装の出現確率はSRレアリティに含まれます。</indent=32><br>※<indent=32>本召喚から出現する聖装のステータスは召喚画面の「召喚詳細」または召喚詳細内の「提供割合」からご確認いただけます。</indent=32><br>※<indent=32>「聖装の蒼片」は獲得してから30日で「蒼粒子」へと変換されます。</indent=32><br>※<indent=32>有償フレアライトと「聖装の蒼片」の有効期限は「通貨管理」からご確認いただけます。</indent=32><br>※<indent=32>施策内容や期間は予告なく変更させていただく場合がございます。</indent=32><br>※<indent=32>「聖装の蒼片」の獲得</indent=32><br> <indent=32>聖装毎に10聖装の蒼片を獲得することができます。</indent=32><br><br>※<indent=32>所持している聖装を獲得した場合</indent=32><br> <indent=32>聖装はその聖装に対応した「開花の輝石」へと自動的に変換されます。</indent=32><br> <indent=32>各聖装毎に、開花の輝石の限界獲得数が設定されており、それ以降に獲得した開花の輝石は聖装の蒼片へと自動的に変換されます。</indent=32><br> <indent=32>獲得する聖装の蒼片の量は、聖装レアリティ毎に異なります。</indent=32><br>・<indent=32>R聖装：18回開花の輝石に変換されて以降、5聖装の蒼片に変換。</indent=32><br>・<indent=32>SR聖装：18回開花の輝石に変換されて以降、25聖装の蒼片に変換。</indent=32><br>・<indent=32>SSR聖装：8回開花の輝石に変換されて以降、100聖装の蒼片に変換。</indent=32> | ※<indent=32>单次召唤中获得的圣装可能会出现重复。</indent=32><br>※<indent=32>各提供比例显示为舍弃小数点后第五位的结果。因此，合计值可能不会达到100.0000%（舍弃小数点后第五位）。</indent=32><br>※<indent=32>SR+圣装的出货概率包含在SR稀有度中。</indent=32><br>※<indent=32>本召唤中出现的圣装状态，可通过召唤画面的"召唤详情"或召唤详情内的"提供比例"进行确认。</indent=32><br>※<indent=32>"圣装苍片"将在获得30天后转化为"苍粒子"。</indent=32><br>※<indent=32>付费辉煌石和"圣装苍片"的有效期可通过"货币管理"进行确认。</indent=32><br>※<indent=32>活动内容及期间可能会在无预告的情况下变更。</indent=32><br>※<indent=32>"圣装苍片"的获得</indent=32><br> <indent=32>每个圣装可获得10个圣装苍片。</indent=32><br><br>※<indent=32>获得已持有的圣装时</indent=32><br> <indent=32>该圣装将自动转化为对应的"开花辉石"。</indent=32><br> <indent=32>每个圣装均设有开花辉石的获得上限，超过上限后获得的开花辉石将自动转化为圣装苍片。</indent=32><br> <indent=32>获得的圣装苍片数量因圣装稀有度而异。</indent=32><br>・<indent=32>R圣装：转化18次为开花辉石后，之后转化为5个圣装苍片。</indent=32><br>・<indent=32>SR圣装：转化18次为开花辉石后，之后转化为25个圣装苍片。</indent=32><br>・<indent=32>SSR圣装：转化8次为开花辉石后，之后转化为100个圣装苍片。</indent=32> | 	
※<indent=32>それぞれの提供割合が小数点第五位を切り捨てして表示しています。そのため合計値が100.0000%(小数点第五位を切り捨て)にならない場合がございます。</indent=32><br>※<indent=32>SR+聖装の出現確率はSRレアリティに含まれます。</indent=32><br>※<indent=32>本召喚から出現する聖装のステータスは召喚画面の「召喚詳細」または召喚詳細内の「提供割合」からご確認いただけます。</indent=32><br>※<indent=32>「聖装の蒼片」は獲得してから30日で「蒼粒子」へと変換されます。</indent=32><br>※<indent=32>「聖装の蒼片」の有効期限は「通貨管理」からご確認いただけます。</indent=32><br>※<indent=32>施策内容や期間は予告なく変更させていただく場合がございます。</indent=32><br>※<indent=32>本召喚は1回の挑戦につき、最大5回まで10回召喚を行うことができます。</indent=32><br>※<indent=32>本召喚は1日1回、期間中最大5回まで挑戦することができます。</indent=32><br>※<indent=32>バブーが出現した場合、その回の挑戦は終了となります。</indent=32><br>※<indent=32>バブーが出現した場合、バブーの枠は聖装の代わりにおまけアイテムとして想飾を獲得できます。</indent=32><br>※<indent=32>バブーが出現していない場合でも、日付が変わった時点でその回の挑戦は終了となります。</indent=32><br><br>※<indent=32>所持している聖装を獲得した場合</indent=32><br> <indent=32>聖装はその聖装に対応した「開花の輝石」へと自動的に変換されます。</indent=32><br> <indent=32>各聖装毎に、開花の輝石の限界獲得数が設定されており、それ以降に獲得した開花の輝石は聖装の蒼片へと自動的に変換されます。</indent=32><br> <indent=32>獲得する聖装の蒼片の量は、聖装レアリティ毎に異なります。</indent=32><br>・<indent=32>R聖装：18回開花の輝石に変換されて以降、5聖装の蒼片に変換。</indent=32><br>・<indent=32>SR聖装：18回開花の輝石に変換されて以降、25聖装の蒼片に変換。</indent=32><br>・<indent=32>SSR聖装：8回開花の輝石に変換されて以降、100聖装の蒼片に変換。</indent=32> | ※<indent=32>各提供比例显示为舍弃小数点后第五位的结果。因此，合计值可能不会达到100.0000%（舍弃小数点后第五位）。</indent=32><br>※<indent=32>SR+圣装的出货概率包含在SR稀有度中。</indent=32><br>※<indent=32>本召唤中出现的圣装状态，可通过召唤画面的"召唤详情"或召唤详情内的"提供比例"进行确认。</indent=32><br>※<indent=32>"圣装苍片"将在获得30天后转化为"苍粒子"。</indent=32><br>※<indent=32>"圣装苍片"的有效期可通过"货币管理"进行确认。</indent=32><br>※<indent=32>活动内容及期间可能会在无预告的情况下变更。</indent=32><br>※<indent=32>本召唤每次挑战最多可进行5次十连召唤。</indent=32><br>※<indent=32>本召唤每天可挑战1次，活动期间最多可挑战5次。</indent=32><br>※<indent=32>若巴布出现，该次挑战即告结束。</indent=32><br>※<indent=32>巴布出现时，巴布的栏位将作为替代圣装的附赠道具获得"想饰"。</indent=32><br>※<indent=32>即使巴布未出现，日期变更时该次挑战也将结束。</indent=32><br><br>※<indent=32>获得已持有的圣装时</indent=32><br> <indent=32>该圣装将自动转化为对应的"开花辉石"。</indent=32><br> <indent=32>每个圣装均设有开花辉石的获得上限，超过上限后获得的开花辉石将自动转化为圣装苍片。</indent=32><br> <indent=32>获得的圣装苍片数量因圣装稀有度而异。</indent=32><br>・<indent=32>R圣装：转化18次为开花辉石后，之后转化为5个圣装苍片。</indent=32><br>・<indent=32>SR圣装：转化18次为开花辉石后，之后转化为25个圣装苍片。</indent=32><br>・<indent=32>SSR圣装：转化8次为开花辉石后，之后转化为100个圣装苍片。</indent=32> | 	
※<indent=32>1度の召喚で獲得する聖装が重複する場合がございます。</indent=32><br>※<indent=32>それぞれの提供割合が小数点第五位を切り捨てして表示しています。そのため合計値が100.0000%(小数点第五位を切り捨て)にならない場合がございます。</indent=32><br>※<indent=32>SR+聖装の出現確率はSRレアリティに含まれます。</indent=32><br>※<indent=32>本召喚から出現する聖装のステータスは召喚画面の「召喚詳細」または召喚詳細内の「提供割合」からご確認いただけます。</indent=32><br>※<indent=32>有償フレアライトと無償フレアライトの両方を所持している場合、無償フレアライトから優先的に消費されます。有償フレアライトは購入日の古い物から順に消費されます。</indent=32><br>※<indent=32>「聖装の蒼片」は獲得してから30日で「蒼粒子」へと変換されます。</indent=32><br>※<indent=32>有償フレアライトと「聖装の蒼片」の有効期限は「通貨管理」からご確認いただけます。</indent=32><br>※<indent=32>施策内容や期間は予告なく変更させていただく場合がございます。</indent=32><br>※<indent=32>「聖装の蒼片」の獲得</indent=32><br> <indent=32>聖装毎に10聖装の蒼片を獲得することができます。</indent=32><br>※<indent=32>本召喚を実行する毎に1ステップずつ繰り上がり、5ステップ目にSSR聖装が1着確定で出現します。</indent=32><br> <indent=32>その後、ステップはリセットされ、再び5ステップ目を目指して召喚することが可能です。</indent=32><br> <indent=32>5ステップ目の出現確率はSSRエステル【静寂なる創星の調べ】50%、SSRリース【内に秘めし叡智の光】50%となっており、いずれもこの召喚で出現する可能性のあるものから抽選されます。</indent=32><br>※<indent=32>他の召喚を実行してもステップは繰り上がりません。</indent=32><br><br>※<indent=32>所持している聖装を獲得した場合</indent=32><br> <indent=32>聖装はその聖装に対応した「開花の輝石」へと自動的に変換されます。</indent=32><br> <indent=32>各聖装毎に、開花の輝石の限界獲得数が設定されており、それ以降に獲得した開花の輝石は聖装の蒼片へと自動的に変換されます。</indent=32><br> <indent=32>獲得する聖装の蒼片の量は、聖装レアリティ毎に異なります。</indent=32><br> <indent=32>なお、コラボイベントにて追加される異界のキャスト（SSR）については、開花の輝石への変換数に上限が設定されていないため、聖装の蒼片には変換されません。</indent=32><br>・<indent=32>R聖装：18回開花の輝石に変換されて以降、5聖装の蒼片に変換。</indent=32><br>・<indent=32>SR聖装：18回開花の輝石に変換されて以降、25聖装の蒼片に変換。</indent=32><br>・<indent=32>SSR聖装：8回開花の輝石に変換されて以降、100聖装の蒼片に変換。</indent=32><br>・<indent=32>異界のキャスト（SSR）：開花の輝石への変換上限なし。</indent=32> | ※<indent=32>单次召唤中获得的圣装可能会出现重复。</indent=32><br>※<indent=32>各提供比例显示为舍弃小数点后第五位的结果。因此，合计值可能不会达到100.0000%（舍弃小数点后第五位）。</indent=32><br>※<indent=32>SR+圣装的出货概率包含在SR稀有度中。</indent=32><br>※<indent=32>本召唤中出现的圣装状态，可通过召唤画面的"召唤详情"或召唤详情内的"提供比例"进行确认。</indent=32><br>※<indent=32>若同时持有付费辉煌石和免费辉煌石，将优先消耗免费辉煌石。付费辉煌石将从购买日期最早的开始依次消耗。</indent=32><br>※<indent=32>"圣装苍片"将在获得30天后转化为"苍粒子"。</indent=32><br>※<indent=32>付费辉煌石和"圣装苍片"的有效期可通过"货币管理"进行确认。</indent=32><br>※<indent=32>活动内容及期间可能会在无预告的情况下变更。</indent=32><br>※<indent=32>"圣装苍片"的获得</indent=32><br> <indent=32>每个圣装可获得10个圣装苍片。</indent=32><br>※<indent=32>每进行一次本召唤，STEP会前进1步，第5步时必定出现1件SSR圣装。</indent=32><br> <indent=32>之后STEP将重置，可再次以第5步为目标进行召唤。</indent=32><br> <indent=32>第5步的出现概率为SSR艾丝特尔【静谧创星之调】50%、SSR莉丝【内藏睿智之光】50%，均从本召唤中可能出现的对象中抽选。</indent=32><br>※<indent=32>进行其他召唤不会推进本召唤的STEP。</indent=32><br><br>※<indent=32>获得已持有的圣装时</indent=32><br> <indent=32>该圣装将自动转化为对应的"开花辉石"。</indent=32><br> <indent=32>每个圣装均设有开花辉石的获得上限，超过上限后获得的开花辉石将自动转化为圣装苍片。</indent=32><br> <indent=32>获得的圣装苍片数量因圣装稀有度而异。</indent=32><br> <indent=32>此外，关于在联动活动中追加的异界角色（SSR），其转化为开花辉石的数量不设上限，因此不会转化为圣装苍片。</indent=32><br>・<indent=32>R圣装：转化18次为开花辉石后，之后转化为5个圣装苍片。</indent=32><br>・<indent=32>SR圣装：转化18次为开花辉石后，之后转化为25个圣装苍片。</indent=32><br>・<indent=32>SSR圣装：转化8次为开花辉石后，之后转化为100个圣装苍片。</indent=32><br>・<indent=32>异界角色（SSR）：转化为开花辉石无上限。</indent=32> | 	
※<indent=32>1度の召喚で獲得する聖装が重複する場合がございます。</indent=32><br>※<indent=32>それぞれの提供割合が小数点第五位を切り捨てして表示しています。そのため合計値が100.0000%(小数点第五位を切り捨て)にならない場合がございます。</indent=32><br>※<indent=32>SR+聖装の出現確率はSRレアリティに含まれます。</indent=32><br>※<indent=32>本召喚から出現する聖装のステータスは召喚画面の「召喚詳細」または召喚詳細内の「提供割合」からご確認いただけます。</indent=32><br>※<indent=32>有償フレアライトと無償フレアライトの両方を所持している場合、無償フレアライトから優先的に消費されます。有償フレアライトは購入日の古い物から順に消費されます。</indent=32><br>※<indent=32>「聖装の蒼片」は獲得してから30日で「蒼粒子」へと変換されます。</indent=32><br>※<indent=32>有償フレアライトと「聖装の蒼片」の有効期限は「通貨管理」からご確認いただけます。</indent=32><br>※<indent=32>施策内容や期間は予告なく変更させていただく場合がございます。</indent=32><br>※<indent=32>「聖装の蒼片」の獲得</indent=32><br> <indent=32>聖装毎に10聖装の蒼片を獲得することができます。</indent=32><br>※<indent=32>本召喚を実行する毎に1ステップずつ繰り上がり、5ステップ目にSSR聖装が1着確定で出現します。</indent=32><br> <indent=32>その後、ステップはリセットされ、再び5ステップ目を目指して召喚することが可能です。</indent=32><br>※<indent=32>5ステップ目の出現確率はSSRユー【煌めくさざ波のロンド】25%、SSRアナスチガル【海風に舞う緑の女王】25%となっており、いずれもこの召喚で出現する可能性のあるものから抽選されます。</indent=32><br>※<indent=32>他の召喚を実行してもステップは繰り上がりません。</indent=32><br><br>※<indent=32>所持している聖装を獲得した場合</indent=32><br> <indent=32>聖装はその聖装に対応した「開花の輝石」へと自動的に変換されます。</indent=32><br> <indent=32>各聖装毎に、開花の輝石の限界獲得数が設定されており、それ以降に獲得した開花の輝石は聖装の蒼片へと自動的に変換されます。</indent=32><br> <indent=32>獲得する聖装の蒼片の量は、聖装レアリティ毎に異なります。</indent=32><br>・<indent=32>R聖装：18回開花の輝石に変換されて以降、5聖装の蒼片に変換。</indent=32><br>・<indent=32>SR聖装：18回開花の輝石に変換されて以降、25聖装の蒼片に変換。</indent=32><br>・<indent=32>SSR聖装：8回開花の輝石に変換されて以降、100聖装の蒼片に変換。 | ※<indent=32>单次召唤中获得的圣装可能会出现重复。</indent=32><br>※<indent=32>各提供比例显示为舍弃小数点后第五位的结果。因此，合计值可能不会达到100.0000%（舍弃小数点后第五位）。</indent=32><br>※<indent=32>SR+圣装的出货概率包含在SR稀有度中。</indent=32><br>※<indent=32>本召唤中出现的圣装状态，可通过召唤画面的"召唤详情"或召唤详情内的"提供比例"进行确认。</indent=32><br>※<indent=32>若同时持有付费辉煌石和免费辉煌石，将优先消耗免费辉煌石。付费辉煌石将从购买日期最早的开始依次消耗。</indent=32><br>※<indent=32>"圣装苍片"将在获得30天后转化为"苍粒子"。</indent=32><br>※<indent=32>付费辉煌石和"圣装苍片"的有效期可通过"货币管理"进行确认。</indent=32><br>※<indent=32>活动内容及期间可能会在无预告的情况下变更。</indent=32><br>※<indent=32>"圣装苍片"的获得</indent=32><br> <indent=32>每个圣装可获得10个圣装苍片。</indent=32><br>※<indent=32>每进行一次本召唤，STEP会前进1步，第5步时必定出现1件SSR圣装。</indent=32><br> <indent=32>之后STEP将重置，可再次以第5步为目标进行召唤。</indent=32><br>※<indent=32>第5步的出现概率为SSR尤【闪耀涟漪的轮舞】25%、SSR阿纳斯奇伽尔【海风中起舞的绿之女王】25%，均从本召唤中可能出现的对象中抽选。</indent=32><br>※<indent=32>进行其他召唤不会推进本召唤的STEP。</indent=32><br><br>※<indent=32>获得已持有的圣装时</indent=32><br> <indent=32>该圣装将自动转化为对应的"开花辉石"。</indent=32><br> <indent=32>每个圣装均设有开花辉石的获得上限，超过上限后获得的开花辉石将自动转化为圣装苍片。</indent=32><br> <indent=32>获得的圣装苍片数量因圣装稀有度而异。</indent=32><br>・<indent=32>R圣装：转化18次为开花辉石后，之后转化为5个圣装苍片。</indent=32><br>・<indent=32>SR圣装：转化18次为开花辉石后，之后转化为25个圣装苍片。</indent=32><br>・<indent=32>SSR圣装：转化8次为开花辉石后，之后转化为100个圣装苍片。 | 	
※<indent=32>1度の召喚で獲得する聖装が重複する場合がございます。</indent=32><br>※<indent=32>それぞれの提供割合が小数点第五位を切り捨てして表示しています。そのため合計値が100.0000%(小数点第五位を切り捨て)にならない場合がございます。</indent=32><br>※<indent=32>SR+聖装の出現確率はSRレアリティに含まれます。</indent=32><br>※<indent=32>本召喚から出現する聖装のステータスは召喚画面の「召喚詳細」または召喚詳細内の「提供割合」からご確認いただけます。</indent=32><br>※<indent=32>有償フレアライトと無償フレアライトの両方を所持している場合、無償フレアライトから優先的に消費されます。有償フレアライトは購入日の古い物から順に消費されます。</indent=32><br>※<indent=32>「聖装の蒼片」は獲得してから30日で「蒼粒子」へと変換されます。</indent=32><br>※<indent=32>有償フレアライトと「聖装の蒼片」の有効期限は「通貨管理」からご確認いただけます。</indent=32><br>※<indent=32>施策内容や期間は予告なく変更させていただく場合がございます。</indent=32><br>※<indent=32>「聖装の蒼片」の獲得</indent=32><br> <indent=32>聖装毎に10聖装の蒼片を獲得することができます。</indent=32><br>※<indent=32>本召喚を実行する毎に1ステップずつ繰り上がり、5ステップ目にSSR聖装が1着確定で出現します。</indent=32><br> <indent=32>その後、ステップはリセットされ、再び5ステップ目を目指して召喚することが可能です。</indent=32><br>※<indent=32>5ステップ目の出現確率はSSRフリッカ【陽光と戯れる水しぶき】25%、SSRオリヴィエ【波間に響く至誠の祈り】25%となっており、いずれもこの召喚で出現する可能性のあるものから抽選されます。</indent=32><br>※<indent=32>他の召喚を実行してもステップは繰り上がりません。</indent=32><br><br>※<indent=32>所持している聖装を獲得した場合</indent=32><br> <indent=32>聖装はその聖装に対応した「開花の輝石」へと自動的に変換されます。</indent=32><br> <indent=32>各聖装毎に、開花の輝石の限界獲得数が設定されており、それ以降に獲得した開花の輝石は聖装の蒼片へと自動的に変換されます。</indent=32><br> <indent=32>獲得する聖装の蒼片の量は、聖装レアリティ毎に異なります。</indent=32><br>・<indent=32>R聖装：18回開花の輝石に変換されて以降、5聖装の蒼片に変換。</indent=32><br>・<indent=32>SR聖装：18回開花の輝石に変換されて以降、25聖装の蒼片に変換。</indent=32><br>・<indent=32>SSR聖装：8回開花の輝石に変換されて以降、100聖装の蒼片に変換。 | ※<indent=32>单次召唤中获得的圣装可能会出现重复。</indent=32><br>※<indent=32>各提供比例显示为舍弃小数点后第五位的结果。因此，合计值可能不会达到100.0000%（舍弃小数点后第五位）。</indent=32><br>※<indent=32>SR+圣装的出货概率包含在SR稀有度中。</indent=32><br>※<indent=32>本召唤中出现的圣装状态，可通过召唤画面的"召唤详情"或召唤详情内的"提供比例"进行确认。</indent=32><br>※<indent=32>若同时持有付费辉煌石和免费辉煌石，将优先消耗免费辉煌石。付费辉煌石将从购买日期最早的开始依次消耗。</indent=32><br>※<indent=32>"圣装苍片"将在获得30天后转化为"苍粒子"。</indent=32><br>※<indent=32>付费辉煌石和"圣装苍片"的有效期可通过"货币管理"进行确认。</indent=32><br>※<indent=32>活动内容及期间可能会在无预告的情况下变更。</indent=32><br>※<indent=32>"圣装苍片"的获得</indent=32><br> <indent=32>每个圣装可获得10个圣装苍片。</indent=32><br>※<indent=32>每进行一次本召唤，STEP会前进1步，第5步时必定出现1件SSR圣装。</indent=32><br> <indent=32>之后STEP将重置，可再次以第5步为目标进行召唤。</indent=32><br>※<indent=32>第5步的出现概率为SSR弗利卡【阳光嬉戏的水花】25%、SSR奥利维尔【回荡波涛间的至诚祈祷】25%，均从本召唤中可能出现的对象中抽选。</indent=32><br>※<indent=32>进行其他召唤不会推进本召唤的STEP。</indent=32><br><br>※<indent=32>获得已持有的圣装时</indent=32><br> <indent=32>该圣装将自动转化为对应的"开花辉石"。</indent=32><br> <indent=32>每个圣装均设有开花辉石的获得上限，超过上限后获得的开花辉石将自动转化为圣装苍片。</indent=32><br> <indent=32>获得的圣装苍片数量因圣装稀有度而异。</indent=32><br>・<indent=32>R圣装：转化18次为开花辉石后，之后转化为5个圣装苍片。</indent=32><br>・<indent=32>SR圣装：转化18次为开花辉石后，之后转化为25个圣装苍片。</indent=32><br>・<indent=32>SSR圣装：转化8次为开花辉石后，之后转化为100个圣装苍片。 | 	
※<indent=32>セレクション召喚注意事項</indent=32><br>・<indent=32>召喚毎にピックアップ秘跡聖装の種類や数が異なります。</indent=32><br>・<indent=32>召喚内容選択後、1ステップ目の召喚を実行するまでは召喚内容を選び直すことができます。</indent=32><br>・<indent=32>1ステップ目の召喚実行以降、最終ステップの召喚を実行するまで召喚内容を選び直すことができません。</indent=32><br>※<indent=32>1度の召喚で獲得する聖装が重複する場合がございます。</indent=32><br>※<indent=32>それぞれの提供割合が小数点第五位を切り捨てして表示しています。そのため合計値が100.0000%(小数点第五位を切り捨て)にならない場合がございます。</indent=32><br>※<indent=32>SR+聖装の出現確率はSRレアリティに含まれます。</indent=32><br>※<indent=32>本召喚から出現する聖装のステータスは召喚画面の「召喚詳細」または召喚詳細内の「提供割合」からご確認いただけます。</indent=32><br>※<indent=32>有償フレアライトと無償フレアライトの両方を所持している場合、無償フレアライトから優先的に消費されます。有償フレアライトは購入日の古い物から順に消費されます。</indent=32><br>※<indent=32>「聖装の蒼片」は獲得してから30日で「蒼粒子」へと変換されます。</indent=32><br>※<indent=32>「秘跡の彩片」は本召喚の開催期間後に「蒼粒子」へと変換されます。</indent=32><br>※<indent=32>有償フレアライト、「聖装の蒼片」、「秘跡の彩片」の有効期限は「通貨管理」からご確認いただけます。</indent=32><br>※<indent=32>施策内容や期間は予告なく変更させていただく場合がございます。</indent=32><br>※<indent=32>「秘跡の彩片」の獲得</indent=32><br><indent=32>聖装毎に10秘跡の彩片を獲得することができます。</indent=32><br>※<indent=32>本召喚を実行する毎に1ステップずつ繰り上がり、3・5ステップ目にSSR聖装が1着確定で出現します</indent=32><br><indent=32>その後、ステップはリセットされ、再び1ステップ目から召喚することが可能です。</indent=32><br>※<indent=32>3・5ステップ目のSSR聖装の出現確率はピックアップ秘跡聖装の確率は一律となっており、合計で16.76%です。その他聖装の確率は一律となっており、合計で83.24%です。いずれもこの召喚で出現する可能性のあるものから抽選されます。</indent=32><br>※<indent=32>他の召喚を実行してもステップは繰り上がりません。</indent=32><br><br>※<indent=32>所持している聖装を獲得した場合</indent=32><br><indent=32>聖装はその聖装に対応した「開花の輝石」へと自動的に変換されます。</indent=32><br><indent=32>各聖装毎に、開花の輝石の限界獲得数が設定されており、それ以降に獲得した開花の輝石は聖装の蒼片へと自動的に変換されます。</indent=32><br><indent=32>獲得する聖装の蒼片の量は、聖装レアリティ毎に異なります。</indent=32><br>・<indent=32>R聖装：18回開花の輝石に変換されて以降、5聖装の蒼片に変換。</indent=32><br> ・<indent=32>SR聖装：18回開花の輝石に変換されて以降、25聖装の蒼片に変換。</indent=32><br>・<indent=32>SSR聖装(秘跡聖装を除く)：8回開花の輝石に変換されて以降、100聖装の蒼片に変換。</indent=32><br>・<indent=32>SSR秘跡聖装：10回開花の輝石に変換されて以降、100聖装の蒼片に変換。</indent=32> | ※<indent=32>精选召唤注意事项</indent=32><br>・<indent=32>每次召唤的PICK UP秘迹圣装种类和数量不同。</indent=32><br>・<indent=32>选择召唤内容后，在执行第1步召唤前可以重新选择召唤内容。</indent=32><br>・<indent=32>执行第1步召唤后，直到最终步召唤执行完毕，无法重新选择召唤内容。</indent=32><br>※<indent=32>单次召唤中获得的圣装可能会出现重复。</indent=32><br>※<indent=32>各提供比例显示为舍弃小数点后第五位的结果。因此，合计值可能不会达到100.0000%（舍弃小数点后第五位）。</indent=32><br>※<indent=32>SR+圣装的出货概率包含在SR稀有度中。</indent=32><br>※<indent=32>本召唤中出现的圣装状态，可通过召唤画面的"召唤详情"或召唤详情内的"提供比例"进行确认。</indent=32><br>※<indent=32>若同时持有付费辉煌石和免费辉煌石，将优先消耗免费辉煌石。付费辉煌石将从购买日期最早的开始依次消耗。</indent=32><br>※<indent=32>"圣装苍片"将在获得30天后转化为"苍粒子"。</indent=32><br>※<indent=32>"秘迹彩片"将在本召唤活动期间结束后转化为"苍粒子"。</indent=32><br>※<indent=32>付费辉煌石、"圣装苍片"、"秘迹彩片"的有效期可通过"货币管理"进行确认。</indent=32><br>※<indent=32>活动内容及期间可能会在无预告的情况下变更。</indent=32><br>※<indent=32>"秘迹彩片"的获得</indent=32><br><indent=32>每个圣装可获得10个秘迹彩片。</indent=32><br>※<indent=32>每进行一次本召唤，STEP会前进1步，第3、5步时必定出现1件SSR圣装。</indent=32><br><indent=32>之后STEP将重置，可再次从第1步开始进行召唤。</indent=32><br>※<indent=32>第3、5步的SSR圣装出现概率中，PICK UP秘迹圣装的概率均等，合计为16.76%。其他圣装概率均等，合计为83.24%。均从本召唤中可能出现的对象中抽选。</indent=32><br>※<indent=32>进行其他召唤不会推进本召唤的STEP。</indent=32><br><br>※<indent=32>获得已持有的圣装时</indent=32><br><indent=32>该圣装将自动转化为对应的"开花辉石"。</indent=32><br><indent=32>每个圣装均设有开花辉石的获得上限，超过上限后获得的开花辉石将自动转化为圣装苍片。</indent=32><br><indent=32>获得的圣装苍片数量因圣装稀有度而异。</indent=32><br>・<indent=32>R圣装：转化18次为开花辉石后，之后转化为5个圣装苍片。</indent=32><br> ・<indent=32>SR圣装：转化18次为开花辉石后，之后转化为25个圣装苍片。</indent=32><br>・<indent=32>SSR圣装(秘迹圣装除外)：转化8次为开花辉石后，之后转化为100个圣装苍片。</indent=32><br>・<indent=32>SSR秘迹圣装：转化10次为开花辉石后，之后转化为100个圣装苍片。</indent=32> | 	
※<indent=32>1度の召喚で獲得する聖装が重複する場合がございます。</indent=32><br>※<indent=32>それぞれの提供割合が小数点第五位を切り捨てして表示しています。そのため合計値が100.0000%(小数点第五位を切り捨て)にならない場合がございます。</indent=32><br>※<indent=32>SR+聖装の出現確率はSRレアリティに含まれます。</indent=32><br>※<indent=32>本召喚から出現する聖装のステータスは召喚画面の「召喚詳細」または召喚詳細内の「提供割合」からご確認いただけます。</indent=32><br>※<indent=32>有償フレアライトと無償フレアライトの両方を所持している場合、無償フレアライトから優先的に消費されます。有償フレアライトは購入日の古い物から順に消費されます。</indent=32><br>※<indent=32>「聖装の蒼片」は獲得してから30日で「蒼粒子」へと変換されます。</indent=32><br>※<indent=32>有償フレアライトと「聖装の蒼片」の有効期限は「通貨管理」からご確認いただけます。</indent=32><br>※<indent=32>施策内容や期間は予告なく変更させていただく場合がございます。</indent=32><br>※<indent=32>「聖装の蒼片」の獲得</indent=32><br> <indent=32>聖装毎に10聖装の蒼片を獲得することができます。</indent=32><br>※<indent=32>本召喚を実行する毎に1ステップずつ繰り上がり、5ステップ目にSSR聖装が1着確定で出現します。</indent=32><br> <indent=32>その後、ステップはリセットされ、再び5ステップ目を目指して召喚することが可能です。</indent=32><br>※<indent=32>5ステップ目の出現確率はSSRユー【煌めくさざ波のロンド】50%、SSRアナスチガル【海風に舞う緑の女王】50%となっており、いずれもこの召喚で出現する可能性のあるものから抽選されます。</indent=32><br>※<indent=32>他の召喚を実行してもステップは繰り上がりません。</indent=32><br><br>※<indent=32>所持している聖装を獲得した場合</indent=32><br> <indent=32>聖装はその聖装に対応した「開花の輝石」へと自動的に変換されます。</indent=32><br> <indent=32>各聖装毎に、開花の輝石の限界獲得数が設定されており、それ以降に獲得した開花の輝石は聖装の蒼片へと自動的に変換されます。</indent=32><br> <indent=32>獲得する聖装の蒼片の量は、聖装レアリティ毎に異なります。</indent=32><br>・<indent=32>R聖装：18回開花の輝石に変換されて以降、5聖装の蒼片に変換。</indent=32><br>・<indent=32>SR聖装：18回開花の輝石に変換されて以降、25聖装の蒼片に変換。</indent=32><br>・<indent=32>SSR聖装：8回開花の輝石に変換されて以降、100聖装の蒼片に変換。 | ※<indent=32>单次召唤中获得的圣装可能会出现重复。</indent=32><br>※<indent=32>各提供比例显示为舍弃小数点后第五位的结果。因此，合计值可能不会达到100.0000%（舍弃小数点后第五位）。</indent=32><br>※<indent=32>SR+圣装的出货概率包含在SR稀有度中。</indent=32><br>※<indent=32>本召唤中出现的圣装状态，可通过召唤画面的"召唤详情"或召唤详情内的"提供比例"进行确认。</indent=32><br>※<indent=32>若同时持有付费辉煌石和免费辉煌石，将优先消耗免费辉煌石。付费辉煌石将从购买日期最早的开始依次消耗。</indent=32><br>※<indent=32>"圣装苍片"将在获得30天后转化为"苍粒子"。</indent=32><br>※<indent=32>付费辉煌石和"圣装苍片"的有效期可通过"货币管理"进行确认。</indent=32><br>※<indent=32>活动内容及期间可能会在无预告的情况下变更。</indent=32><br>※<indent=32>"圣装苍片"的获得</indent=32><br> <indent=32>每个圣装可获得10个圣装苍片。</indent=32><br>※<indent=32>每进行一次本召唤，STEP会前进1步，第5步时必定出现1件SSR圣装。</indent=32><br> <indent=32>之后STEP将重置，可再次以第5步为目标进行召唤。</indent=32><br>※<indent=32>第5步的出现概率为SSR尤【闪耀涟漪的轮舞】50%、SSR阿纳斯奇伽尔【海风中起舞的绿之女王】50%，均从本召唤中可能出现的对象中抽选。</indent=32><br>※<indent=32>进行其他召唤不会推进本召唤的STEP。</indent=32><br><br>※<indent=32>获得已持有的圣装时</indent=32><br> <indent=32>该圣装将自动转化为对应的"开花辉石"。</indent=32><br> <indent=32>每个圣装均设有开花辉石的获得上限，超过上限后获得的开花辉石将自动转化为圣装苍片。</indent=32><br> <indent=32>获得的圣装苍片数量因圣装稀有度而异。</indent=32><br>・<indent=32>R圣装：转化18次为开花辉石后，之后转化为5个圣装苍片。</indent=32><br>・<indent=32>SR圣装：转化18次为开花辉石后，之后转化为25个圣装苍片。</indent=32><br>・<indent=32>SSR圣装：转化8次为开花辉石后，之后转化为100个圣装苍片。 | 	
※<indent=32>1度の召喚で獲得する聖装が重複する場合がございます。</indent=32><br>※<indent=32>それぞれの提供割合が小数点第五位を切り捨てして表示しています。そのため合計値が100.0000%(小数点第五位を切り捨て)にならない場合がございます。</indent=32><br>※<indent=32>SR+聖装の出現確率はSRレアリティに含まれます。</indent=32><br>※<indent=32>本召喚から出現する聖装のステータスは召喚画面の「召喚詳細」または召喚詳細内の「提供割合」からご確認いただけます。</indent=32><br>※<indent=32>有償フレアライトと無償フレアライトの両方を所持している場合、無償フレアライトから優先的に消費されます。有償フレアライトは購入日の古い物から順に消費されます。</indent=32><br>※<indent=32>「聖装の蒼片」は獲得してから30日で「蒼粒子」へと変換されます。</indent=32><br>※<indent=32>有償フレアライトと「聖装の蒼片」の有効期限は「通貨管理」からご確認いただけます。</indent=32><br>※<indent=32>施策内容や期間は予告なく変更させていただく場合がございます。</indent=32><br>※<indent=32>「聖装の蒼片」の獲得</indent=32><br> <indent=32>聖装毎に10聖装の蒼片を獲得することができます。</indent=32><br>※<indent=32>本召喚を実行する毎に1ステップずつ繰り上がり、5ステップ目にSSR聖装が1着確定で出現します。</indent=32><br> <indent=32>その後、ステップはリセットされ、再び5ステップ目を目指して召喚することが可能です。</indent=32><br>※<indent=32>5ステップ目の出現確率はSSRフリッカ【陽光と戯れる水しぶき】50%、SSRオリヴィエ【波間に響く至誠の祈り】50%となっており、いずれもこの召喚で出現する可能性のあるものから抽選されます。</indent=32><br>※<indent=32>他の召喚を実行してもステップは繰り上がりません。</indent=32><br><br>※<indent=32>所持している聖装を獲得した場合</indent=32><br> <indent=32>聖装はその聖装に対応した「開花の輝石」へと自動的に変換されます。</indent=32><br> <indent=32>各聖装毎に、開花の輝石の限界獲得数が設定されており、それ以降に獲得した開花の輝石は聖装の蒼片へと自動的に変換されます。</indent=32><br> <indent=32>獲得する聖装の蒼片の量は、聖装レアリティ毎に異なります。</indent=32><br>・<indent=32>R聖装：18回開花の輝石に変換されて以降、5聖装の蒼片に変換。</indent=32><br>・<indent=32>SR聖装：18回開花の輝石に変換されて以降、25聖装の蒼片に変換。</indent=32><br>・<indent=32>SSR聖装：8回開花の輝石に変換されて以降、100聖装の蒼片に変換。 | ※<indent=32>单次召唤中获得的圣装可能会出现重复。</indent=32><br>※<indent=32>各提供比例显示为舍弃小数点后第五位的结果。因此，合计值可能不会达到100.0000%（舍弃小数点后第五位）。</indent=32><br>※<indent=32>SR+圣装的出货概率包含在SR稀有度中。</indent=32><br>※<indent=32>本召唤中出现的圣装状态，可通过召唤画面的"召唤详情"或召唤详情内的"提供比例"进行确认。</indent=32><br>※<indent=32>若同时持有付费辉煌石和免费辉煌石，将优先消耗免费辉煌石。付费辉煌石将从购买日期最早的开始依次消耗。</indent=32><br>※<indent=32>"圣装苍片"将在获得30天后转化为"苍粒子"。</indent=32><br>※<indent=32>付费辉煌石和"圣装苍片"的有效期可通过"货币管理"进行确认。</indent=32><br>※<indent=32>活动内容及期间可能会在无预告的情况下变更。</indent=32><br>※<indent=32>"圣装苍片"的获得</indent=32><br> <indent=32>每个圣装可获得10个圣装苍片。</indent=32><br>※<indent=32>每进行一次本召唤，STEP会前进1步，第5步时必定出现1件SSR圣装。</indent=32><br> <indent=32>之后STEP将重置，可再次以第5步为目标进行召唤。</indent=32><br>※<indent=32>第5步的出现概率为SSR弗利卡【阳光嬉戏的水花】50%、SSR奥利维尔【回荡波涛间的至诚祈祷】50%，均从本召唤中可能出现的对象中抽选。</indent=32><br>※<indent=32>进行其他召唤不会推进本召唤的STEP。</indent=32><br><br>※<indent=32>获得已持有的圣装时</indent=32><br> <indent=32>该圣装将自动转化为对应的"开花辉石"。</indent=32><br> <indent=32>每个圣装均设有开花辉石的获得上限，超过上限后获得的开花辉石将自动转化为圣装苍片。</indent=32><br> <indent=32>获得的圣装苍片数量因圣装稀有度而异。</indent=32><br>・<indent=32>R圣装：转化18次为开花辉石后，之后转化为5个圣装苍片。</indent=32><br>・<indent=32>SR圣装：转化18次为开花辉石后，之后转化为25个圣装苍片。</indent=32><br>・<indent=32>SSR圣装：转化8次为开花辉石后，之后转化为100个圣装苍片。 | 	
※<indent=32>1度の召喚で獲得する聖装が重複する場合がございます。</indent=32><br>※<indent=32>それぞれの提供割合が小数点第五位を切り捨てして表示しています。そのため合計値が100.0000%(小数点第五位を切り捨て)にならない場合がございます。</indent=32><br>※<indent=32>SR+聖装の出現確率はSRレアリティに含まれます。</indent=32><br>※<indent=32>本召喚から出現する聖装のステータスは召喚画面の「召喚詳細」または召喚詳細内の「提供割合」からご確認いただけます。</indent=32><br>※<indent=32>有償フレアライトは購入日の古い物から順に消費されます。</indent=32><br>※<indent=32>「聖装の蒼片」は獲得してから30日で「蒼粒子」へと変換されます。</indent=32><br>※<indent=32>有償フレアライト、「聖装の蒼片」の有効期限は「通貨管理」からご確認いただけます。</indent=32><br>※<indent=32>施策内容や期間は予告なく変更させていただく場合がございます。</indent=32><br>※<indent=32>本召喚を実行する毎に1ステップずつ繰り上がります。3ステップ目が最終ステップとなります。</indent=32><br><indent=32>1ステップ目は水着テーマのSSR聖装が1着確定で出現、2ステップ目は水着テーマのSSR聖装が3着確定で出現、3ステップ目は秘跡聖装が1着確定で出現します。</indent=32><br>※<indent=32>1・2ステップ目のSSR聖装確定で出現する水着テーマのSSR聖装のラインナップは以下の通りで確率は一律となっています。また、確定で出現する水着テーマのSSR聖装に秘跡聖装は含まれません。</indent=32><br><indent=32>イリーナ【夏を撃ち落とす愛銃】</indent=32><br><indent=32>ソフィ【心躍る常夏の放浪者】</indent=32><br><indent=32>リディア【蒼海に寵愛されし者】</indent=32><br><indent=32>エルミナ【渚の海色キャンバス】</indent=32><br><indent=32>ラウラ【潮風と語らう午睡】</indent=32><br><indent=32>ティセ【滑走する夏の思い出】</indent=32><br><indent=32>アリン【夏を眩ませる貴人の花】</indent=32><br><indent=32>クルチャ【灼熱の水着アイドル！】</indent=32><br><indent=32>ヴァレリア【青空と海に響く呼び声】</indent=32><br><indent=32>ユー【煌めくさざ波のロンド】</indent=32><br><indent=32>アナスチガル【海風に舞う緑の女王】</indent=32><br><indent=32>フリッカ【陽光と戯れる水しぶき】</indent=32><br><indent=32>オリヴィエ【波間に響く至誠の祈り】</indent=32><br><indent=32>ナジャ【海原彩る叡智の陽ざし】</indent=32><br><indent=32>フランチェスカ【渚を舞台に踊る看板娘】</indent=32><br>※<indent=32>3ステップ目の秘跡聖装確定で出現する秘跡聖装の確率は一律となっており、この召喚で出現する可能性のあるものから抽選されます。</indent=32><br>※<indent=32>他の召喚を実行してもステップは繰り上がりません。</indent=32><br><br>※<indent=32>所持している聖装を獲得した場合</indent=32><br><indent=32>聖装はその聖装に対応した「開花の輝石」へと自動的に変換されます。</indent=32><br><indent=32>各聖装毎に、開花の輝石の限界獲得数が設定されており、それ以降に獲得した開花の輝石は聖装の蒼片へと自動的に変換されます。</indent=32><br><indent=32>獲得する聖装の蒼片の量は、聖装レアリティ毎に異なります。</indent=32><br>・<indent=32>R聖装：18回開花の輝石に変換されて以降、5聖装の蒼片に変換。</indent=32><br>・<indent=32>SR聖装：18回開花の輝石に変換されて以降、25聖装の蒼片に変換。</indent=32><br>・<indent=32>SSR聖装(秘跡聖装を除く)：8回開花の輝石に変換されて以降、100聖装の蒼片に変換。</indent=32><br>・<indent=32>SSR秘跡聖装：10回開花の輝石に変換されて以降、100聖装の蒼片に変換。</indent=32> | ※<indent=32>单次召唤中获得的圣装可能会出现重复。</indent=32><br>※<indent=32>各提供比例显示为舍弃小数点后第五位的结果。因此，合计值可能不会达到100.0000%（舍弃小数点后第五位）。</indent=32><br>※<indent=32>SR+圣装的出货概率包含在SR稀有度中。</indent=32><br>※<indent=32>本召唤中出现的圣装状态，可通过召唤画面的"召唤详情"或召唤详情内的"提供比例"进行确认。</indent=32><br>※<indent=32>付费辉煌石将从购买日期最早的开始依次消耗。</indent=32><br>※<indent=32>"圣装苍片"将在获得30天后转化为"苍粒子"。</indent=32><br>※<indent=32>付费辉煌石和"圣装苍片"的有效期可通过"货币管理"进行确认。</indent=32><br>※<indent=32>活动内容及期间可能会在无预告的情况下变更。</indent=32><br>※<indent=32>每进行一次本召唤，STEP会前进1步。第3步为最终步。</indent=32><br><indent=32>第1步必定出现1件泳装主题SSR圣装，第2步必定出现3件泳装主题SSR圣装，第3步必定出现1件秘迹圣装。</indent=32><br>※<indent=32>第1、2步的SSR圣装确定出现的泳装主题SSR圣装列表如下，概率均等。此外，确定出现的泳装主题SSR圣装中不包含秘迹圣装。</indent=32><br><indent=32>伊莉娜【击落盛夏的爱枪】</indent=32><br><indent=32>索菲【心动常夏的流浪者】</indent=32><br><indent=32>莉迪亚【被苍海宠爱之人】</indent=32><br><indent=32>艾尔米娜【海滨的海色画布】</indent=32><br><indent=32>劳拉【与海风交谈的午睡】</indent=32><br><indent=32>缇瑟【滑行的夏日回忆】</indent=32><br><indent=32>阿琳【令夏日炫目的贵人之花】</indent=32><br><indent=32>库露查【炽热的泳装偶像！】</indent=32><br><indent=32>瓦莱莉亚【响彻蓝天碧海的呼唤】</indent=32><br><indent=32>尤【闪耀涟漪的轮舞】</indent=32><br><indent=32>阿纳斯奇伽尔【海风中起舞的绿之女王】</indent=32><br><indent=32>弗利卡【阳光嬉戏的水花】</indent=32><br><indent=32>奥利维尔【回荡波涛间的至诚祈祷】</indent=32><br><indent=32>纳贾【点缀海原的睿智阳光】</indent=32><br><indent=32>弗朗西斯卡【在海滨起舞的看板娘】</indent=32><br>※<indent=32>第3步的秘迹圣装确定出现的秘迹圣装概率均等，从本召唤中可能出现的对象中抽选。</indent=32><br>※<indent=32>进行其他召唤不会推进本召唤的STEP。</indent=32><br><br>※<indent=32>获得已持有的圣装时</indent=32><br><indent=32>该圣装将自动转化为对应的"开花辉石"。</indent=32><br><indent=32>每个圣装均设有开花辉石的获得上限，超过上限后获得的开花辉石将自动转化为圣装苍片。</indent=32><br><indent=32>获得的圣装苍片数量因圣装稀有度而异。</indent=32><br>・<indent=32>R圣装：转化18次为开花辉石后，之后转化为5个圣装苍片。</indent=32><br>・<indent=32>SR圣装：转化18次为开花辉石后，之后转化为25个圣装苍片。</indent=32><br>・<indent=32>SSR圣装(秘迹圣装除外)：转化8次为开花辉石后，之后转化为100个圣装苍片。</indent=32><br>・<indent=32>SSR秘迹圣装：转化10次为开花辉石后，之后转化为100个圣装苍片。</indent=32> | 	
※<indent=32>1度の召喚で獲得する聖装が重複する場合がございます。</indent=32><br>※<indent=32>それぞれの提供割合が小数点第五位を切り捨てして表示しています。そのため合計値が100.0000%(小数点第五位を切り捨て)にならない場合がございます。</indent=32><br>※<indent=32>SR+聖装の出現確率はSRレアリティに含まれます。</indent=32><br>※<indent=32>本召喚から出現する聖装のステータスは召喚画面の「召喚詳細」または召喚詳細内の「提供割合」からご確認いただけます。</indent=32><br>※<indent=32>有償フレアライトと無償フレアライトの両方を所持している場合、無償フレアライトから優先的に消費されます。有償フレアライトは購入日の古い物から順に消費されます。</indent=32><br>※<indent=32>「聖装の蒼片」は獲得してから30日で「蒼粒子」へと変換されます。</indent=32><br>※<indent=32>有償フレアライトと「聖装の蒼片」の有効期限は「通貨管理」からご確認いただけます。</indent=32><br>※<indent=32>施策内容や期間は予告なく変更させていただく場合がございます。</indent=32><br>※<indent=32>「聖装の蒼片」の獲得</indent=32><br> <indent=32>聖装毎に10聖装の蒼片を獲得することができます。</indent=32><br>※<indent=32>本召喚を実行する毎に1ステップずつ繰り上がり、5ステップ目にSSR聖装が1着確定で出現します。</indent=32><br> <indent=32>その後、ステップはリセットされ、再び5ステップ目を目指して召喚することが可能です。</indent=32><br>※<indent=32>5ステップ目の出現確率はSSRヴァレリア【弾ける夏色ステップ】25%、SSRセシル【光輝放つ流星と波濤】25%となっており、いずれもこの召喚で出現する可能性のあるものから抽選されます。</indent=32><br>※<indent=32>他の召喚を実行してもステップは繰り上がりません。</indent=32><br><br>※<indent=32>所持している聖装を獲得した場合</indent=32><br> <indent=32>聖装はその聖装に対応した「開花の輝石」へと自動的に変換されます。</indent=32><br> <indent=32>各聖装毎に、開花の輝石の限界獲得数が設定されており、それ以降に獲得した開花の輝石は聖装の蒼片へと自動的に変換されます。</indent=32><br> <indent=32>獲得する聖装の蒼片の量は、聖装レアリティ毎に異なります。</indent=32><br>・<indent=32>R聖装：18回開花の輝石に変換されて以降、5聖装の蒼片に変換。</indent=32><br>・<indent=32>SR聖装：18回開花の輝石に変換されて以降、25聖装の蒼片に変換。</indent=32><br>・<indent=32>SSR聖装：8回開花の輝石に変換されて以降、100聖装の蒼片に変換。 | ※<indent=32>单次召唤中获得的圣装可能会出现重复。</indent=32><br>※<indent=32>各提供比例显示为舍弃小数点后第五位的结果。因此，合计值可能不会达到100.0000%（舍弃小数点后第五位）。</indent=32><br>※<indent=32>SR+圣装的出货概率包含在SR稀有度中。</indent=32><br>※<indent=32>本召唤中出现的圣装状态，可通过召唤画面的"召唤详情"或召唤详情内的"提供比例"进行确认。</indent=32><br>※<indent=32>若同时持有付费辉煌石和免费辉煌石，将优先消耗免费辉煌石。付费辉煌石将从购买日期最早的开始依次消耗。</indent=32><br>※<indent=32>"圣装苍片"将在获得30天后转化为"苍粒子"。</indent=32><br>※<indent=32>付费辉煌石和"圣装苍片"的有效期可通过"货币管理"进行确认。</indent=32><br>※<indent=32>活动内容及期间可能会在无预告的情况下变更。</indent=32><br>※<indent=32>"圣装苍片"的获得</indent=32><br> <indent=32>每个圣装可获得10个圣装苍片。</indent=32><br>※<indent=32>每进行一次本召唤，STEP会前进1步，第5步时必定出现1件SSR圣装。</indent=32><br> <indent=32>之后STEP将重置，可再次以第5步为目标进行召唤。</indent=32><br>※<indent=32>第5步的出现概率为SSR瓦莱莉亚【绽放夏日舞步】25%、SSR塞西尔【散发光辉的流星与波涛】25%，均从本召唤中可能出现的对象中抽选。</indent=32><br>※<indent=32>进行其他召唤不会推进本召唤的STEP。</indent=32><br><br>※<indent=32>获得已持有的圣装时</indent=32><br> <indent=32>该圣装将自动转化为对应的"开花辉石"。</indent=32><br> <indent=32>每个圣装均设有开花辉石的获得上限，超过上限后获得的开花辉石将自动转化为圣装苍片。</indent=32><br> <indent=32>获得的圣装苍片数量因圣装稀有度而异。</indent=32><br>・<indent=32>R圣装：转化18次为开花辉石后，之后转化为5个圣装苍片。</indent=32><br>・<indent=32>SR圣装：转化18次为开花辉石后，之后转化为25个圣装苍片。</indent=32><br>・<indent=32>SSR圣装：转化8次为开花辉石后，之后转化为100个圣装苍片。 | 	
※<indent=32>1度の召喚で獲得する聖装が重複する場合がございます。</indent=32><br>※<indent=32>それぞれの提供割合が小数点第五位を切り捨てして表示しています。そのため合計値が100.0000%(小数点第五位を切り捨て)にならない場合がございます。</indent=32><br>※<indent=32>SR+聖装の出現確率はSRレアリティに含まれます。</indent=32><br>※<indent=32>本召喚から出現する聖装のステータスは召喚画面の「召喚詳細」または召喚詳細内の「提供割合」からご確認いただけます。</indent=32><br>※<indent=32>有償フレアライトと無償フレアライトの両方を所持している場合、無償フレアライトから優先的に消費されます。有償フレアライトは購入日の古い物から順に消費されます。</indent=32><br>※<indent=32>「聖装の蒼片」は獲得してから30日で「蒼粒子」へと変換されます。</indent=32><br>※<indent=32>有償フレアライトと「聖装の蒼片」の有効期限は「通貨管理」からご確認いただけます。</indent=32><br>※<indent=32>施策内容や期間は予告なく変更させていただく場合がございます。</indent=32><br>※<indent=32>「聖装の蒼片」の獲得</indent=32><br> <indent=32>聖装毎に10聖装の蒼片を獲得することができます。</indent=32><br>※<indent=32>本召喚を実行する毎に1ステップずつ繰り上がり、5ステップ目にSSR聖装が1着確定で出現します。</indent=32><br> <indent=32>その後、ステップはリセットされ、再び5ステップ目を目指して召喚することが可能です。</indent=32><br>※<indent=32>5ステップ目の出現確率はSSRラウラ【心を盗む笑顔の花】25%、SSRアリン【太陽とひと夏の冒険】25%となっており、いずれもこの召喚で出現する可能性のあるものから抽選されます。</indent=32><br>※<indent=32>他の召喚を実行してもステップは繰り上がりません。</indent=32><br><br>※<indent=32>所持している聖装を獲得した場合</indent=32><br> <indent=32>聖装はその聖装に対応した「開花の輝石」へと自動的に変換されます。</indent=32><br> <indent=32>各聖装毎に、開花の輝石の限界獲得数が設定されており、それ以降に獲得した開花の輝石は聖装の蒼片へと自動的に変換されます。</indent=32><br> <indent=32>獲得する聖装の蒼片の量は、聖装レアリティ毎に異なります。</indent=32><br>・<indent=32>R聖装：18回開花の輝石に変換されて以降、5聖装の蒼片に変換。</indent=32><br>・<indent=32>SR聖装：18回開花の輝石に変換されて以降、25聖装の蒼片に変換。</indent=32><br>・<indent=32>SSR聖装：8回開花の輝石に変換されて以降、100聖装の蒼片に変換。 | ※<indent=32>单次召唤中获得的圣装可能会出现重复。</indent=32><br>※<indent=32>各提供比例显示为舍弃小数点后第五位的结果。因此，合计值可能不会达到100.0000%（舍弃小数点后第五位）。</indent=32><br>※<indent=32>SR+圣装的出货概率包含在SR稀有度中。</indent=32><br>※<indent=32>本召唤中出现的圣装状态，可通过召唤画面的"召唤详情"或召唤详情内的"提供比例"进行确认。</indent=32><br>※<indent=32>若同时持有付费辉煌石和免费辉煌石，将优先消耗免费辉煌石。付费辉煌石将从购买日期最早的开始依次消耗。</indent=32><br>※<indent=32>"圣装苍片"将在获得30天后转化为"苍粒子"。</indent=32><br>※<indent=32>付费辉煌石和"圣装苍片"的有效期可通过"货币管理"进行确认。</indent=32><br>※<indent=32>活动内容及期间可能会在无预告的情况下变更。</indent=32><br>※<indent=32>"圣装苍片"的获得</indent=32><br> <indent=32>每个圣装可获得10个圣装苍片。</indent=32><br>※<indent=32>每进行一次本召唤，STEP会前进1步，第5步时必定出现1件SSR圣装。</indent=32><br> <indent=32>之后STEP将重置，可再次以第5步为目标进行召唤。</indent=32><br>※<indent=32>第5步的出现概率为SSR劳拉【夺心笑颜之花】25%、SSR阿琳【太阳与夏日冒险】25%，均从本召唤中可能出现的对象中抽选。</indent=32><br>※<indent=32>进行其他召唤不会推进本召唤的STEP。</indent=32><br><br>※<indent=32>获得已持有的圣装时</indent=32><br> <indent=32>该圣装将自动转化为对应的"开花辉石"。</indent=32><br> <indent=32>每个圣装均设有开花辉石的获得上限，超过上限后获得的开花辉石将自动转化为圣装苍片。</indent=32><br> <indent=32>获得的圣装苍片数量因圣装稀有度而异。</indent=32><br>・<indent=32>R圣装：转化18次为开花辉石后，之后转化为5个圣装苍片。</indent=32><br>・<indent=32>SR圣装：转化18次为开花辉石后，之后转化为25个圣装苍片。</indent=32><br>・<indent=32>SSR圣装：转化8次为开花辉石后，之后转化为100个圣装苍片。 | 	
※<indent=32>セレクション召喚注意事項</indent=32><br>・<indent=32>召喚毎にピックアップ秘跡聖装の種類や数が異なります。</indent=32><br>・<indent=32>「召喚詳細」や召喚詳細内の「提供割合」は召喚内容選択後にご確認いただけます。</indent=32><br>・<indent=32>召喚内容選択後、1ステップ目の召喚を実行するまでは召喚内容を選び直すことができます。</indent=32><br>・<indent=32>1ステップ目の召喚実行以降、最終ステップの召喚を実行するまで召喚内容を選び直すことができません。</indent=32><br>※<indent=32>1度の召喚で獲得する聖装が重複する場合がございます。</indent=32><br>※<indent=32>それぞれの提供割合が小数点第五位を切り捨てして表示しています。そのため合計値が100.0000%(小数点第五位を切り捨て)にならない場合がございます。</indent=32><br>※<indent=32>SR+聖装の出現確率はSRレアリティに含まれます。</indent=32><br>※<indent=32>本召喚から出現する聖装のステータスは召喚画面の「召喚詳細」または召喚詳細内の「提供割合」からご確認いただけます。</indent=32><br>※<indent=32>有償フレアライトと無償フレアライトの両方を所持している場合、無償フレアライトから優先的に消費されます。有償フレアライトは購入日の古い物から順に消費されます。</indent=32><br>※<indent=32>「聖装の蒼片」は獲得してから30日で「蒼粒子」へと変換されます。</indent=32><br>※<indent=32>「秘跡の彩片」は本召喚の開催期間後に「蒼粒子」へと変換されます。</indent=32><br>※<indent=32>有償フレアライト、「聖装の蒼片」、「秘跡の彩片」の有効期限は「通貨管理」からご確認いただけます。</indent=32><br>※<indent=32>施策内容や期間は予告なく変更させていただく場合がございます。</indent=32><br>※<indent=32>「秘跡の彩片」の獲得</indent=32><br><indent=32>聖装毎に10秘跡の彩片を獲得することができます。</indent=32><br>※<indent=32>本召喚を実行する毎に1ステップずつ繰り上がります。1周目は15ステップ目、2周目以降は5ステップ目が最終ステップとなります。</indent=32><br><indent=32>1周目の1・3ステップ目は召喚実行に必要なフレアライトが半額となり、5・7・9ステップ目はSSR聖装が1着確定で出現、10･15ステップ目は秘跡聖装が1着確定で出現します。</indent=32><br><indent=32>2周目以降の3・5ステップ目はSSR聖装が1着確定で出現します。</indent=32><br><indent=32>最終ステップまで到達後、ステップはリセットされ、再度1ステップ目から5ステップ目までを召喚可能となります。</indent=32><br>※<indent=32>1週目5・7・9ステップ目、2周目以降3・5ステップ目のSSR聖装の出現確率はピックアップ秘跡聖装の確率は一律となっており、合計で16.76%です。その他聖装の確率は一律となっており、合計で83.24%です。いずれもこの召喚で出現する可能性のあるものから抽選されます。</indent=32><br>※<indent=32>10・15ステップ目の秘跡聖装の出現確率はピックアップ秘跡聖装の確率は一律となっており、合計で75%です。その他秘跡聖装の確率は一律となっており、合計で25%です。いずれもこの召喚で出現する可能性のあるものから抽選されます。</indent=32><br>※<indent=32>他の召喚を実行してもステップは繰り上がりません。</indent=32><br><br>※<indent=32>所持している聖装を獲得した場合</indent=32><br><indent=32>聖装はその聖装に対応した「開花の輝石」へと自動的に変換されます。</indent=32><br><indent=32>各聖装毎に、開花の輝石の限界獲得数が設定されており、それ以降に獲得した開花の輝石は聖装の蒼片へと自動的に変換されます。</indent=32><br><indent=32>獲得する聖装の蒼片の量は、聖装レアリティ毎に異なります。</indent=32><br>・<indent=32>R聖装：18回開花の輝石に変換されて以降、5聖装の蒼片に変換。</indent=32><br>・<indent=32>SR聖装：18回開花の輝石に変換されて以降、25聖装の蒼片に変換。</indent=32><br>・<indent=32>SSR聖装(秘跡聖装を除く)：8回開花の輝石に変換されて以降、100聖装の蒼片に変換。</indent=32><br>・<indent=32>SSR秘跡聖装：10回開花の輝石に変換されて以降、100聖装の蒼片に変換。</indent=32> | ※<indent=32>精选召唤注意事项</indent=32><br>・<indent=32>每次召唤的PICK UP秘迹圣装种类和数量不同。</indent=32><br>・<indent=32>"召唤详情"及召唤详情内的"提供比例"可在选择召唤内容后确认。</indent=32><br>・<indent=32>选择召唤内容后，在执行第1步召唤前可以重新选择召唤内容。</indent=32><br>・<indent=32>执行第1步召唤后，直到最终步召唤执行完毕，无法重新选择召唤内容。</indent=32><br>※<indent=32>单次召唤中获得的圣装可能会出现重复。</indent=32><br>※<indent=32>各提供比例显示为舍弃小数点后第五位的结果。因此，合计值可能不会达到100.0000%（舍弃小数点后第五位）。</indent=32><br>※<indent=32>SR+圣装的出货概率包含在SR稀有度中。</indent=32><br>※<indent=32>本召唤中出现的圣装状态，可通过召唤画面的"召唤详情"或召唤详情内的"提供比例"进行确认。</indent=32><br>※<indent=32>若同时持有付费辉煌石和免费辉煌石，将优先消耗免费辉煌石。付费辉煌石将从购买日期最早的开始依次消耗。</indent=32><br>※<indent=32>"圣装苍片"将在获得30天后转化为"苍粒子"。</indent=32><br>※<indent=32>"秘迹彩片"将在本召唤活动期间结束后转化为"苍粒子"。</indent=32><br>※<indent=32>付费辉煌石、"圣装苍片"、"秘迹彩片"的有效期可通过"货币管理"进行确认。</indent=32><br>※<indent=32>活动内容及期间可能会在无预告的情况下变更。</indent=32><br>※<indent=32>"秘迹彩片"的获得</indent=32><br><indent=32>每个圣装可获得10个秘迹彩片。</indent=32><br>※<indent=32>每进行一次本召唤，STEP会前进1步。第1周目第15步为最终步，第2周目以后第5步为最终步。</indent=32><br><indent=32>第1周目的第1、3步执行召唤所需的辉煌石减半，第5、7、9步必定出现1件SSR圣装，第10、15步必定出现1件秘迹圣装。</indent=32><br><indent=32>第2周目以后的第3、5步必定出现1件SSR圣装。</indent=32><br><indent=32>到达最终步后，STEP将重置，可再次从第1步召唤至第5步。</indent=32><br>※<indent=32>第1周目第5、7、9步及第2周目以后第3、5步的SSR圣装出现概率中，PICK UP秘迹圣装的概率均等，合计为16.76%。其他圣装概率均等，合计为83.24%。均从本召唤中可能出现的对象中抽选。</indent=32><br>※<indent=32>第10、15步的秘迹圣装出现概率中，PICK UP秘迹圣装的概率均等，合计为75%。其他秘迹圣装概率均等，合计为25%。均从本召唤中可能出现的对象中抽选。</indent=32><br>※<indent=32>进行其他召唤不会推进本召唤的STEP。</indent=32><br><br>※<indent=32>获得已持有的圣装时</indent=32><br><indent=32>该圣装将自动转化为对应的"开花辉石"。</indent=32><br><indent=32>每个圣装均设有开花辉石的获得上限，超过上限后获得的开花辉石将自动转化为圣装苍片。</indent=32><br><indent=32>获得的圣装苍片数量因圣装稀有度而异。</indent=32><br>・<indent=32>R圣装：转化18次为开花辉石后，之后转化为5个圣装苍片。</indent=32><br>・<indent=32>SR圣装：转化18次为开花辉石后，之后转化为25个圣装苍片。</indent=32><br>・<indent=32>SSR圣装(秘迹圣装除外)：转化8次为开花辉石后，之后转化为100个圣装苍片。</indent=32><br>・<indent=32>SSR秘迹圣装：转化10次为开花辉石后，之后转化为100个圣装苍片。</indent=32> | 	
※<indent=32>セレクション召喚注意事項</indent=32><br>・<indent=32>召喚毎にピックアップ秘跡聖装の種類や数が異なります。</indent=32><br>・<indent=32>召喚内容選択後、1ステップ目の召喚を実行するまでは召喚内容を選び直すことができます。</indent=32><br>・<indent=32>1ステップ目の召喚実行以降、最終ステップの召喚を実行するまで召喚内容を選び直すことができません。</indent=32><br>※<indent=32>1度の召喚で獲得する聖装が重複する場合がございます。</indent=32><br>※<indent=32>それぞれの提供割合が小数点第五位を切り捨てして表示しています。そのため合計値が100.0000%(小数点第五位を切り捨て)にならない場合がございます。</indent=32><br>※<indent=32>SR+聖装の出現確率はSRレアリティに含まれます。</indent=32><br>※<indent=32>本召喚から出現する聖装のステータスは召喚画面の「召喚詳細」または召喚詳細内の「提供割合」からご確認いただけます。</indent=32><br>※<indent=32>有償フレアライトと無償フレアライトの両方を所持している場合、無償フレアライトから優先的に消費されます。有償フレアライトは購入日の古い物から順に消費されます。</indent=32><br>※<indent=32>「聖装の蒼片」は獲得してから30日で「蒼粒子」へと変換されます。</indent=32><br>※<indent=32>「秘跡の彩片」は本召喚の開催期間後に「蒼粒子」へと変換されます。</indent=32><br>※<indent=32>有償フレアライト、「聖装の蒼片」、「秘跡の彩片」の有効期限は「通貨管理」からご確認いただけます。</indent=32><br>※<indent=32>施策内容や期間は予告なく変更させていただく場合がございます。</indent=32><br>※<indent=32>「秘跡の彩片」の獲得</indent=32><br><indent=32>聖装毎に10秘跡の彩片を獲得することができます。</indent=32><br>※<indent=32>本召喚を実行する毎に1ステップずつ繰り上がります。1周目は15ステップ目、2周目以降は5ステップ目が最終ステップとなります。</indent=32><br><indent=32>1・3ステップ目は召喚実行に必要なフレアライトが半額となり、5・7・9ステップ目はSSR聖装が1着確定で出現、10・15ステップ目は秘跡聖装が1着確定で出現します。</indent=32><br><indent=32>最終ステップまで到達後、ステップはリセットされ、再度1ステップ目から5ステップ目までを召喚可能となります。</indent=32><br>※<indent=32>5・7・9ステップ目のSSR聖装の出現確率はピックアップ秘跡聖装の確率は一律となっており、合計で16.76%です。その他聖装の確率は一律となっており、合計で83.24%です。いずれもこの召喚で出現する可能性のあるものから抽選されます。</indent=32><br>※<indent=32>10・15ステップ目の秘跡聖装の出現確率はピックアップ秘跡聖装の確率は一律となっており、合計で75%です。その他秘跡聖装の確率は一律となっており、合計で25%です。いずれもこの召喚で出現する可能性のあるものから抽選されます。</indent=32><br>※<indent=32>他の召喚を実行してもステップは繰り上がりません。</indent=32><br><br>※<indent=32>所持している聖装を獲得した場合</indent=32><br><indent=32>聖装はその聖装に対応した「開花の輝石」へと自動的に変換されます。</indent=32><br><indent=32>各聖装毎に、開花の輝石の限界獲得数が設定されており、それ以降に獲得した開花の輝石は聖装の蒼片へと自動的に変換されます。</indent=32><br><indent=32>獲得する聖装の蒼片の量は、聖装レアリティ毎に異なります。</indent=32><br>・<indent=32>R聖装：18回開花の輝石に変換されて以降、5聖装の蒼片に変換。</indent=32><br>・<indent=32>SR聖装：18回開花の輝石に変換されて以降、25聖装の蒼片に変換。</indent=32><br>・<indent=32>SSR聖装(秘跡聖装を除く)：8回開花の輝石に変換されて以降、100聖装の蒼片に変換。</indent=32><br>・<indent=32>SSR秘跡聖装：10回開花の輝石に変換されて以降、100聖装の蒼片に変換。</indent=32> | ※<indent=32>精选召唤注意事项</indent=32><br>・<indent=32>每次召唤的PICK UP秘迹圣装种类和数量不同。</indent=32><br>・<indent=32>选择召唤内容后，在执行第1步召唤前可以重新选择召唤内容。</indent=32><br>・<indent=32>执行第1步召唤后，直到最终步召唤执行完毕，无法重新选择召唤内容。</indent=32><br>※<indent=32>单次召唤中获得的圣装可能会出现重复。</indent=32><br>※<indent=32>各提供比例显示为舍弃小数点后第五位的结果。因此，合计值可能不会达到100.0000%（舍弃小数点后第五位）。</indent=32><br>※<indent=32>SR+圣装的出货概率包含在SR稀有度中。</indent=32><br>※<indent=32>本召唤中出现的圣装状态，可通过召唤画面的"召唤详情"或召唤详情内的"提供比例"进行确认。</indent=32><br>※<indent=32>若同时持有付费辉煌石和免费辉煌石，将优先消耗免费辉煌石。付费辉煌石将从购买日期最早的开始依次消耗。</indent=32><br>※<indent=32>"圣装苍片"将在获得30天后转化为"苍粒子"。</indent=32><br>※<indent=32>"秘迹彩片"将在本召唤活动期间结束后转化为"苍粒子"。</indent=32><br>※<indent=32>付费辉煌石、"圣装苍片"、"秘迹彩片"的有效期可通过"货币管理"进行确认。</indent=32><br>※<indent=32>活动内容及期间可能会在无预告的情况下变更。</indent=32><br>※<indent=32>"秘迹彩片"的获得</indent=32><br><indent=32>每个圣装可获得10个秘迹彩片。</indent=32><br>※<indent=32>每进行一次本召唤，STEP会前进1步。第1周目第15步为最终步，第2周目以后第5步为最终步。</indent=32><br><indent=32>第1、3步执行召唤所需的辉煌石减半，第5、7、9步必定出现1件SSR圣装，第10、15步必定出现1件秘迹圣装。</indent=32><br><indent=32>到达最终步后，STEP将重置，可再次从第1步召唤至第5步。</indent=32><br>※<indent=32>第5、7、9步的SSR圣装出现概率中，PICK UP秘迹圣装的概率均等，合计为16.76%。其他圣装概率均等，合计为83.24%。均从本召唤中可能出现的对象中抽选。</indent=32><br>※<indent=32>第10、15步的秘迹圣装出现概率中，PICK UP秘迹圣装的概率均等，合计为75%。其他秘迹圣装概率均等，合计为25%。均从本召唤中可能出现的对象中抽选。</indent=32><br>※<indent=32>进行其他召唤不会推进本召唤的STEP。</indent=32><br><br>※<indent=32>获得已持有的圣装时</indent=32><br><indent=32>该圣装将自动转化为对应的"开花辉石"。</indent=32><br><indent=32>每个圣装均设有开花辉石的获得上限，超过上限后获得的开花辉石将自动转化为圣装苍片。</indent=32><br><indent=32>获得的圣装苍片数量因圣装稀有度而异。</indent=32><br>・<indent=32>R圣装：转化18次为开花辉石后，之后转化为5个圣装苍片。</indent=32><br>・<indent=32>SR圣装：转化18次为开花辉石后，之后转化为25个圣装苍片。</indent=32><br>・<indent=32>SSR圣装(秘迹圣装除外)：转化8次为开花辉石后，之后转化为100个圣装苍片。</indent=32><br>・<indent=32>SSR秘迹圣装：转化10次为开花辉石后，之后转化为100个圣装苍片。</indent=32> | 	
※<indent=32>1度の召喚で獲得する聖装が重複する場合がございます。</indent=32><br>※<indent=32>それぞれの提供割合が小数点第五位を切り捨てして表示しています。そのため合計値が100.0000%(小数点第五位を切り捨て)にならない場合がございます。</indent=32><br>※<indent=32>SR+聖装の出現確率はSRレアリティに含まれます。</indent=32><br>※<indent=32>本召喚から出現する聖装のステータスは召喚画面の「召喚詳細」または召喚詳細内の「提供割合」からご確認いただけます。</indent=32><br>※<indent=32>有償フレアライトと無償フレアライトの両方を所持している場合、無償フレアライトから優先的に消費されます。有償フレアライトは購入日の古い物から順に消費されます。</indent=32><br>※<indent=32>「聖装の蒼片」は獲得してから30日で「蒼粒子」へと変換されます。</indent=32><br>※<indent=32>「秘跡の彩片」は本召喚の開催期間後に「蒼粒子」へと変換されます。</indent=32><br>※<indent=32>有償フレアライト、「聖装の蒼片」、「秘跡の彩片」の有効期限は「通貨管理」からご確認いただけます。</indent=32><br>※<indent=32>施策内容や期間は予告なく変更させていただく場合がございます。</indent=32><br>※<indent=32>「秘跡の彩片」の獲得</indent=32><br><indent=32>聖装毎に10秘跡の彩片を獲得することができます。</indent=32><br>※<indent=32>本召喚を実行する毎に1ステップずつ繰り上がり、5ステップ目にSSR聖装が特別枠から1着確定で出現します。</indent=32><br><indent=32>その後、ステップはリセットされ、再び1ステップ目から召喚することが可能です。</indent=32><br>※<indent=32>5ステップ目のSSR聖装の出現確率はピックアップ対象聖装6.7600％(小数点第五位を切り捨て)、準ピックアップ対象聖装は各5.0000％(小数点第五位を切り捨て)、その他聖装の確率は一律となっており、いずれもこの召喚で出現する可能性のあるものから抽選されます。</indent=32><br><indent=32>準ピックアップ対象聖装とは、同じ聖装レアリティ内で最も出現確率の高いピックアップ対象聖装に次いで出現確率の高い聖装を指します。</indent=32><br>※<indent=32>他の召喚を実行してもステップは繰り上がりません。</indent=32><br><br>※<indent=32>所持している聖装を獲得した場合</indent=32><br><indent=32>聖装はその聖装に対応した「開花の輝石」へと自動的に変換されます。</indent=32><br><indent=32>各聖装毎に、開花の輝石の限界獲得数が設定されており、それ以降に獲得した開花の輝石は聖装の蒼片へと自動的に変換されます。</indent=32><br><indent=32>獲得する聖装の蒼片の量は、聖装レアリティ毎に異なります。</indent=32><br>・<indent=32>R聖装：18回開花の輝石に変換されて以降、5聖装の蒼片に変換。</indent=32><br>・<indent=32>SR聖装：18回開花の輝石に変換されて以降、25聖装の蒼片に変換。</indent=32><br>・<indent=32>SSR聖装(秘跡/深憶聖装を除く)：8回開花の輝石に変換されて以降、100聖装の蒼片に変換。</indent=32><br>・<indent=32>SSR秘跡/深憶聖装：10回開花の輝石に変換されて以降、100聖装の蒼片に変換。</indent=32> | ※<indent=32>单次召唤中获得的圣装可能会出现重复。</indent=32><br>※<indent=32>各提供比例显示为舍弃小数点后第五位的结果。因此，合计值可能不会达到100.0000%（舍弃小数点后第五位）。</indent=32><br>※<indent=32>SR+圣装的出货概率包含在SR稀有度中。</indent=32><br>※<indent=32>本召唤中出现的圣装状态，可通过召唤画面的"召唤详情"或召唤详情内的"提供比例"进行确认。</indent=32><br>※<indent=32>若同时持有付费辉煌石和免费辉煌石，将优先消耗免费辉煌石。付费辉煌石将从购买日期最早的开始依次消耗。</indent=32><br>※<indent=32>"圣装苍片"将在获得30天后转化为"苍粒子"。</indent=32><br>※<indent=32>"秘迹彩片"将在本召唤活动期间结束后转化为"苍粒子"。</indent=32><br>※<indent=32>付费辉煌石、"圣装苍片"、"秘迹彩片"的有效期可通过"货币管理"进行确认。</indent=32><br>※<indent=32>活动内容及期间可能会在无预告的情况下变更。</indent=32><br>※<indent=32>"秘迹彩片"的获得</indent=32><br><indent=32>每个圣装可获得10个秘迹彩片。</indent=32><br>※<indent=32>每进行一次本召唤，STEP会前进1步，第5步时必定从特殊栏位中出现1件SSR圣装。</indent=32><br><indent=32>之后STEP将重置，可再次从第1步开始进行召唤。</indent=32><br>※<indent=32>第5步的SSR圣装出现概率中，PICK UP对象圣装为6.7600%(舍弃小数点后第五位)，准PICK UP对象圣装各为5.0000%(舍弃小数点后第五位)，其他圣装概率均等。均从本召唤中可能出现的对象中抽选。</indent=32><br><indent=32>准PICK UP对象圣装指在同一圣装稀有度内，出现概率仅次于最高概率的PICK UP对象圣装的圣装。</indent=32><br>※<indent=32>进行其他召唤不会推进本召唤的STEP。</indent=32><br><br>※<indent=32>获得已持有的圣装时</indent=32><br><indent=32>该圣装将自动转化为对应的"开花辉石"。</indent=32><br><indent=32>每个圣装均设有开花辉石的获得上限，超过上限后获得的开花辉石将自动转化为圣装苍片。</indent=32><br><indent=32>获得的圣装苍片数量因圣装稀有度而异。</indent=32><br>・<indent=32>R圣装：转化18次为开花辉石后，之后转化为5个圣装苍片。</indent=32><br>・<indent=32>SR圣装：转化18次为开花辉石后，之后转化为25个圣装苍片。</indent=32><br>・<indent=32>SSR圣装(秘迹/深忆圣装除外)：转化8次为开花辉石后，之后转化为100个圣装苍片。</indent=32><br>・<indent=32>SSR秘迹/深忆圣装：转化10次为开花辉石后，之后转化为100个圣装苍片。</indent=32> | 	
※<indent=32>セレクション召喚注意事項</indent=32><br>・<indent=32>召喚毎にピックアップ秘跡聖装の種類が異なります。</indent=32><br>・<indent=32>「召喚詳細」や召喚詳細内の「提供割合」は召喚内容選択後にご確認いただけます。</indent=32><br>・<indent=32>召喚内容選択後、1ステップ目の召喚を実行するまでは召喚内容を選び直すことができます。</indent=32><br>・<indent=32>1ステップ目の召喚実行以降、最終ステップの召喚を実行するまで召喚内容を選び直すことができません。</indent=32><br>※<indent=32>1度の召喚で獲得する聖装が重複する場合がございます。</indent=32><br>※<indent=32>それぞれの提供割合が小数点第五位を切り捨てして表示しています。そのため合計値が100.0000%(小数点第五位を切り捨て)にならない場合がございます。</indent=32><br>※<indent=32>SR+聖装の出現確率はSRレアリティに含まれます。</indent=32><br>※<indent=32>本召喚から出現する聖装のステータスは召喚画面の「召喚詳細」または召喚詳細内の「提供割合」からご確認いただけます。</indent=32><br>※<indent=32>有償フレアライトと無償フレアライトの両方を所持している場合、無償フレアライトから優先的に消費されます。有償フレアライトは購入日の古い物から順に消費されます。</indent=32><br>※<indent=32>「聖装の蒼片」は獲得してから30日で「蒼粒子」へと変換されます。</indent=32><br>※<indent=32>「秘跡の彩片」は本召喚の開催期間後に「蒼粒子」へと変換されます。</indent=32><br>※<indent=32>有償フレアライト、「聖装の蒼片」、「秘跡の彩片」の有効期限は「通貨管理」からご確認いただけます。</indent=32><br>※<indent=32>施策内容や期間は予告なく変更させていただく場合がございます。</indent=32><br>※<indent=32>「秘跡の彩片」の獲得</indent=32><br><indent=32>聖装毎に10秘跡の彩片を獲得することができます。</indent=32><br>※<indent=32>本召喚を実行する毎に1ステップずつ繰り上がります。5ステップ目が最終ステップとなります。</indent=32><br><indent=32>3・5ステップ目はSSR聖装が1着確定で出現します。</indent=32><br><indent=32>最終ステップまで到達後、ステップはリセットされ、再度1ステップ目から5ステップ目までを召喚可能となります。</indent=32><br>※<indent=32>3・5ステップ目のSSR聖装の出現確率はピックアップ秘跡聖装の確率は一律となっており、合計で16.76%です。その他聖装の確率は一律となっており、合計で83.24%です。いずれもこの召喚で出現する可能性のあるものから抽選されます。</indent=32><br>※<indent=32>他の召喚を実行してもステップは繰り上がりません。</indent=32><br><br>※<indent=32>所持している聖装を獲得した場合</indent=32><br><indent=32>聖装はその聖装に対応した「開花の輝石」へと自動的に変換されます。</indent=32><br><indent=32>各聖装毎に、開花の輝石の限界獲得数が設定されており、それ以降に獲得した開花の輝石は聖装の蒼片へと自動的に変換されます。</indent=32><br><indent=32>獲得する聖装の蒼片の量は、聖装レアリティ毎に異なります。</indent=32><br>・<indent=32>R聖装：18回開花の輝石に変換されて以降、5聖装の蒼片に変換。</indent=32><br>・<indent=32>SR聖装：18回開花の輝石に変換されて以降、25聖装の蒼片に変換。</indent=32><br>・<indent=32>SSR聖装(秘跡/深憶聖装を除く)：8回開花の輝石に変換されて以降、100聖装の蒼片に変換。</indent=32><br>・<indent=32>SSR秘跡/深憶聖装：10回開花の輝石に変換されて以降、100聖装の蒼片に変換。</indent=32> | ※<indent=32>精选召唤注意事项</indent=32><br>・<indent=32>每次召唤的PICK UP秘迹圣装种类不同。</indent=32><br>・<indent=32>"召唤详情"及召唤详情内的"提供比例"可在选择召唤内容后确认。</indent=32><br>・<indent=32>选择召唤内容后，在执行第1步召唤前可以重新选择召唤内容。</indent=32><br>・<indent=32>执行第1步召唤后，直到最终步召唤执行完毕，无法重新选择召唤内容。</indent=32><br>※<indent=32>单次召唤中获得的圣装可能会出现重复。</indent=32><br>※<indent=32>各提供比例显示为舍弃小数点后第五位的结果。因此，合计值可能不会达到100.0000%（舍弃小数点后第五位）。</indent=32><br>※<indent=32>SR+圣装的出货概率包含在SR稀有度中。</indent=32><br>※<indent=32>本召唤中出现的圣装状态，可通过召唤画面的"召唤详情"或召唤详情内的"提供比例"进行确认。</indent=32><br>※<indent=32>若同时持有付费辉煌石和免费辉煌石，将优先消耗免费辉煌石。付费辉煌石将从购买日期最早的开始依次消耗。</indent=32><br>※<indent=32>"圣装苍片"将在获得30天后转化为"苍粒子"。</indent=32><br>※<indent=32>"秘迹彩片"将在本召唤活动期间结束后转化为"苍粒子"。</indent=32><br>※<indent=32>付费辉煌石、"圣装苍片"、"秘迹彩片"的有效期可通过"货币管理"进行确认。</indent=32><br>※<indent=32>活动内容及期间可能会在无预告的情况下变更。</indent=32><br>※<indent=32>"秘迹彩片"的获得</indent=32><br><indent=32>每个圣装可获得10个秘迹彩片。</indent=32><br>※<indent=32>每进行一次本召唤，STEP会前进1步。第5步为最终步。</indent=32><br><indent=32>第3、5步必定出现1件SSR圣装。</indent=32><br><indent=32>到达最终步后，STEP将重置，可再次从第1步召唤至第5步。</indent=32><br>※<indent=32>第3、5步的SSR圣装出现概率中，PICK UP秘迹圣装的概率均等，合计为16.76%。其他圣装概率均等，合计为83.24%。均从本召唤中可能出现的对象中抽选。</indent=32><br>※<indent=32>进行其他召唤不会推进本召唤的STEP。</indent=32><br><br>※<indent=32>获得已持有的圣装时</indent=32><br><indent=32>该圣装将自动转化为对应的"开花辉石"。</indent=32><br><indent=32>每个圣装均设有开花辉石的获得上限，超过上限后获得的开花辉石将自动转化为圣装苍片。</indent=32><br><indent=32>获得的圣装苍片数量因圣装稀有度而异。</indent=32><br>・<indent=32>R圣装：转化18次为开花辉石后，之后转化为5个圣装苍片。</indent=32><br>・<indent=32>SR圣装：转化18次为开花辉石后，之后转化为25个圣装苍片。</indent=32><br>・<indent=32>SSR圣装(秘迹/深忆圣装除外)：转化8次为开花辉石后，之后转化为100个圣装苍片。</indent=32><br>・<indent=32>SSR秘迹/深忆圣装：转化10次为开花辉石后，之后转化为100个圣装苍片。</indent=32> | 	
※<indent=32>セレクション召喚注意事項</indent=32><br>・<indent=32>召喚毎にピックアップ秘跡聖装の種類が異なります。</indent=32><br>・<indent=32>召喚内容選択後、1ステップ目の召喚を実行するまでは召喚内容を選び直すことができます。</indent=32><br>・<indent=32>1ステップ目の召喚実行以降、最終ステップの召喚を実行するまで召喚内容を選び直すことができません。</indent=32><br>※<indent=32>1度の召喚で獲得する聖装が重複する場合がございます。</indent=32><br>※<indent=32>それぞれの提供割合が小数点第五位を切り捨てして表示しています。そのため合計値が100.0000%(小数点第五位を切り捨て)にならない場合がございます。</indent=32><br>※<indent=32>SR+聖装の出現確率はSRレアリティに含まれます。</indent=32><br>※<indent=32>本召喚から出現する聖装のステータスは召喚画面の「召喚詳細」または召喚詳細内の「提供割合」からご確認いただけます。</indent=32><br>※<indent=32>有償フレアライトと無償フレアライトの両方を所持している場合、無償フレアライトから優先的に消費されます。有償フレアライトは購入日の古い物から順に消費されます。</indent=32><br>※<indent=32>「聖装の蒼片」は獲得してから30日で「蒼粒子」へと変換されます。</indent=32><br>※<indent=32>「秘跡の彩片」は本召喚の開催期間後に「蒼粒子」へと変換されます。</indent=32><br>※<indent=32>有償フレアライト、「聖装の蒼片」、「秘跡の彩片」の有効期限は「通貨管理」からご確認いただけます。</indent=32><br>※<indent=32>施策内容や期間は予告なく変更させていただく場合がございます。</indent=32><br>※<indent=32>「秘跡の彩片」の獲得</indent=32><br><indent=32>聖装毎に10秘跡の彩片を獲得することができます。</indent=32><br>※<indent=32>本召喚を実行する毎に1ステップずつ繰り上がります。5ステップ目が最終ステップとなります。</indent=32><br><indent=32>3・5ステップ目はSSR聖装が1着確定で出現します。</indent=32><br><indent=32>最終ステップまで到達後、ステップはリセットされ、再度1ステップ目から5ステップ目までを召喚可能となります。</indent=32><br>※<indent=32>3・5ステップ目のSSR聖装の出現確率はピックアップ秘跡聖装の確率は一律となっており、合計で16.76%です。その他聖装の確率は一律となっており、合計で83.24%です。いずれもこの召喚で出現する可能性のあるものから抽選されます。</indent=32><br>※<indent=32>他の召喚を実行してもステップは繰り上がりません。</indent=32><br><br>※<indent=32>所持している聖装を獲得した場合</indent=32><br><indent=32>聖装はその聖装に対応した「開花の輝石」へと自動的に変換されます。</indent=32><br><indent=32>各聖装毎に、開花の輝石の限界獲得数が設定されており、それ以降に獲得した開花の輝石は聖装の蒼片へと自動的に変換されます。</indent=32><br><indent=32>獲得する聖装の蒼片の量は、聖装レアリティ毎に異なります。</indent=32><br>・<indent=32>R聖装：18回開花の輝石に変換されて以降、5聖装の蒼片に変換。</indent=32><br> ・<indent=32>SR聖装：18回開花の輝石に変換されて以降、25聖装の蒼片に変換。</indent=32><br>・<indent=32>SSR聖装(秘跡/深憶聖装を除く)：8回開花の輝石に変換されて以降、100聖装の蒼片に変換。</indent=32><br>・<indent=32>SSR秘跡/深憶聖装：10回開花の輝石に変換されて以降、100聖装の蒼片に変換。</indent=32> | ※<indent=32>精选召唤注意事项</indent=32><br>・<indent=32>每次召唤的PICK UP秘迹圣装种类不同。</indent=32><br>・<indent=32>选择召唤内容后，在执行第1步召唤前可以重新选择召唤内容。</indent=32><br>・<indent=32>执行第1步召唤后，直到最终步召唤执行完毕，无法重新选择召唤内容。</indent=32><br>※<indent=32>单次召唤中获得的圣装可能会出现重复。</indent=32><br>※<indent=32>各提供比例显示为舍弃小数点后第五位的结果。因此，合计值可能不会达到100.0000%（舍弃小数点后第五位）。</indent=32><br>※<indent=32>SR+圣装的出货概率包含在SR稀有度中。</indent=32><br>※<indent=32>本召唤中出现的圣装状态，可通过召唤画面的"召唤详情"或召唤详情内的"提供比例"进行确认。</indent=32><br>※<indent=32>若同时持有付费辉煌石和免费辉煌石，将优先消耗免费辉煌石。付费辉煌石将从购买日期最早的开始依次消耗。</indent=32><br>※<indent=32>"圣装苍片"将在获得30天后转化为"苍粒子"。</indent=32><br>※<indent=32>"秘迹彩片"将在本召唤活动期间结束后转化为"苍粒子"。</indent=32><br>※<indent=32>付费辉煌石、"圣装苍片"、"秘迹彩片"的有效期可通过"货币管理"进行确认。</indent=32><br>※<indent=32>活动内容及期间可能会在无预告的情况下变更。</indent=32><br>※<indent=32>"秘迹彩片"的获得</indent=32><br><indent=32>每个圣装可获得10个秘迹彩片。</indent=32><br>※<indent=32>每进行一次本召唤，STEP会前进1步。第5步为最终步。</indent=32><br><indent=32>第3、5步必定出现1件SSR圣装。</indent=32><br><indent=32>到达最终步后，STEP将重置，可再次从第1步召唤至第5步。</indent=32><br>※<indent=32>第3、5步的SSR圣装出现概率中，PICK UP秘迹圣装的概率均等，合计为16.76%。其他圣装概率均等，合计为83.24%。均从本召唤中可能出现的对象中抽选。</indent=32><br>※<indent=32>进行其他召唤不会推进本召唤的STEP。</indent=32><br><br>※<indent=32>获得已持有的圣装时</indent=32><br><indent=32>该圣装将自动转化为对应的"开花辉石"。</indent=32><br><indent=32>每个圣装均设有开花辉石的获得上限，超过上限后获得的开花辉石将自动转化为圣装苍片。</indent=32><br><indent=32>获得的圣装苍片数量因圣装稀有度而异。</indent=32><br>・<indent=32>R圣装：转化18次为开花辉石后，之后转化为5个圣装苍片。</indent=32><br> ・<indent=32>SR圣装：转化18次为开花辉石后，之后转化为25个圣装苍片。</indent=32><br>・<indent=32>SSR圣装(秘迹/深忆圣装除外)：转化8次为开花辉石后，之后转化为100个圣装苍片。</indent=32><br>・<indent=32>SSR秘迹/深忆圣装：转化10次为开花辉石后，之后转化为100个圣装苍片。</indent=32> | 	
※<indent=32>1度の召喚で獲得する聖装が重複する場合がございます。</indent=32><br>※<indent=32>それぞれの提供割合が小数点第五位を切り捨てして表示しています。そのため合計値が100.0000%(小数点第五位を切り捨て)にならない場合がございます。</indent=32><br>※<indent=32>SR+聖装の出現確率はSRレアリティに含まれます。</indent=32><br>※<indent=32>本召喚から出現する聖装のステータスは召喚画面の「召喚詳細」または召喚詳細内の「提供割合」からご確認いただけます。</indent=32><br>※<indent=32>有償フレアライトは購入日の古い物から順に消費されます。</indent=32><br>※<indent=32>「聖装の蒼片」は獲得してから30日で「蒼粒子」へと変換されます。</indent=32><br>※<indent=32>有償フレアライト、「聖装の蒼片」の有効期限は「通貨管理」からご確認いただけます。</indent=32><br>※<indent=32>施策内容や期間は予告なく変更させていただく場合がございます。</indent=32><br>※<indent=32>本召喚を実行する毎に1ステップずつ繰り上がります。3ステップ目が最終ステップとなります。</indent=32><br><indent=32>1ステップ目はクリスマステーマのSSR聖装が1着確定で出現、2ステップ目はクリスマステーマのSSR聖装が3着確定で出現、3ステップ目は秘跡/深憶聖装が1着確定で出現します。</indent=32><br>※<indent=32>1・2ステップ目のSSR聖装確定で出現するクリスマステーマのSSR聖装のラインナップは以下の通りで確率は一律となっています。また、確定で出現するクリスマステーマのSSR聖装に秘跡/深憶聖装は含まれません。</indent=32><br><indent=32>アシュリー【聖夜に閃く白騎士】</indent=32><br><indent=32>ラウラ【雪空を巡る星】</indent=32><br><indent=32>リディア【想い届ける聖天使】</indent=32><br><indent=32>ラディス【夜宮駆ける小さき天女】</indent=32><br><indent=32>ポリン【聖なる夜の人形師】</indent=32><br><indent=32>セシル【氷雪に燃ゆる慕情】</indent=32><br><indent=32>フリッカ【祝福を運ぶ海の賢者】</indent=32><br><indent=32>ファム【澄み渡る無償の愛】</indent=32><br>※<indent=32>3ステップ目の秘跡/深憶聖装確定で出現する秘跡/深憶の確率は一律となっており、この召喚で出現する可能性のあるものから抽選されます。</indent=32><br>※<indent=32>他の召喚を実行してもステップは繰り上がりません。</indent=32><br><br>※<indent=32>所持している聖装を獲得した場合</indent=32><br><indent=32>聖装はその聖装に対応した「開花の輝石」へと自動的に変換されます。</indent=32><br><indent=32>各聖装毎に、開花の輝石の限界獲得数が設定されており、それ以降に獲得した開花の輝石は聖装の蒼片へと自動的に変換されます。</indent=32><br><indent=32>獲得する聖装の蒼片の量は、聖装レアリティ毎に異なります。</indent=32><br>・<indent=32>R聖装：18回開花の輝石に変換されて以降、5聖装の蒼片に変換。</indent=32><br>・<indent=32>SR聖装：18回開花の輝石に変換されて以降、25聖装の蒼片に変換。</indent=32><br>・<indent=32>SSR聖装(秘跡/深憶聖装を除く)：8回開花の輝石に変換されて以降、100聖装の蒼片に変換。</indent=32><br>・<indent=32>SSR秘跡/深憶聖装：10回開花の輝石に変換されて以降、100聖装の蒼片に変換。</indent=32> | ※<indent=32>单次召唤中获得的圣装可能会出现重复。</indent=32><br>※<indent=32>各提供比例显示为舍弃小数点后第五位的结果。因此，合计值可能不会达到100.0000%（舍弃小数点后第五位）。</indent=32><br>※<indent=32>SR+圣装的出货概率包含在SR稀有度中。</indent=32><br>※<indent=32>本召唤中出现的圣装状态，可通过召唤画面的"召唤详情"或召唤详情内的"提供比例"进行确认。</indent=32><br>※<indent=32>付费辉煌石将从购买日期最早的开始依次消耗。</indent=32><br>※<indent=32>"圣装苍片"将在获得30天后转化为"苍粒子"。</indent=32><br>※<indent=32>付费辉煌石和"圣装苍片"的有效期可通过"货币管理"进行确认。</indent=32><br>※<indent=32>活动内容及期间可能会在无预告的情况下变更。</indent=32><br>※<indent=32>每进行一次本召唤，STEP会前进1步。第3步为最终步。</indent=32><br><indent=32>第1步必定出现1件圣诞主题SSR圣装，第2步必定出现3件圣诞主题SSR圣装，第3步必定出现1件秘迹/深忆圣装。</indent=32><br>※<indent=32>第1、2步的SSR圣装确定出现的圣诞主题SSR圣装列表如下，概率均等。此外，确定出现的圣诞主题SSR圣装中不包含秘迹/深忆圣装。</indent=32><br><indent=32>阿什莉【闪耀圣夜的白骑士】</indent=32><br><indent=32>劳拉【巡游雪空的星】</indent=32><br><indent=32>莉迪亚【传递心意的圣天使】</indent=32><br><indent=32>拉迪斯【驰骋夜宫的小天女】</indent=32><br><indent=32>波琳【神圣之夜的人偶师】</indent=32><br><indent=32>塞西尔【燃于冰雪的爱慕】</indent=32><br><indent=32>弗利卡【运送祝福的海之贤者】</indent=32><br><indent=32>法姆【清澈无私的爱】</indent=32><br>※<indent=32>第3步的秘迹/深忆圣装确定出现的秘迹/深忆概率均等，从本召唤中可能出现的对象中抽选。</indent=32><br>※<indent=32>进行其他召唤不会推进本召唤的STEP。</indent=32><br><br>※<indent=32>获得已持有的圣装时</indent=32><br><indent=32>该圣装将自动转化为对应的"开花辉石"。</indent=32><br><indent=32>每个圣装均设有开花辉石的获得上限，超过上限后获得的开花辉石将自动转化为圣装苍片。</indent=32><br><indent=32>获得的圣装苍片数量因圣装稀有度而异。</indent=32><br>・<indent=32>R圣装：转化18次为开花辉石后，之后转化为5个圣装苍片。</indent=32><br>・<indent=32>SR圣装：转化18次为开花辉石后，之后转化为25个圣装苍片。</indent=32><br>・<indent=32>SSR圣装(秘迹/深忆圣装除外)：转化8次为开花辉石后，之后转化为100个圣装苍片。</indent=32><br>・<indent=32>SSR秘迹/深忆圣装：转化10次为开花辉石后，之后转化为100个圣装苍片。</indent=32> | 	
※<indent=32>1度の召喚で獲得する聖装が重複する場合がございます。</indent=32><br>※<indent=32>それぞれの提供割合が小数点第五位を切り捨てして表示しています。そのため合計値が100.0000%(小数点第五位を切り捨て)にならない場合がございます。</indent=32><br>※<indent=32>SR+聖装の出現確率はSRレアリティに含まれます。</indent=32><br>※<indent=32>本召喚から出現する聖装のステータスは召喚画面の「召喚詳細」または召喚詳細内の「提供割合」からご確認いただけます。</indent=32><br>※<indent=32>有償フレアライトは購入日の古い物から順に消費されます。</indent=32><br>※<indent=32>「聖装の蒼片」は獲得してから30日で「蒼粒子」へと変換されます。</indent=32><br>※<indent=32>有償フレアライト、「聖装の蒼片」の有効期限は「通貨管理」からご確認いただけます。</indent=32><br>※<indent=32>施策内容や期間は予告なく変更させていただく場合がございます。</indent=32><br>※<indent=32>本召喚を実行する毎に1ステップずつ繰り上がります。3ステップ目が最終ステップとなります。</indent=32><br><indent=32>1ステップ目はSSR聖装が1着確定で出現、2ステップ目はSSR聖装が3着確定で出現、3ステップ目は秘跡/深憶聖装が1着確定で出現します。</indent=32><br>※<indent=32>1・2ステップ目のSSR聖装の出現確率は秘跡/深憶聖装の確率は一律となっており、合計で16.76%です。その他聖装の確率は一律となっており、合計で83.24%です。いずれもこの召喚で出現する可能性のあるものから抽選されます。</indent=32><br>※<indent=32>3ステップ目の秘跡/深憶聖装の出現確率は一律となっており、この召喚で出現する可能性のあるものから抽選されます。</indent=32><br>※<indent=32>他の召喚を実行してもステップは繰り上がりません。</indent=32><br><br>※<indent=32>所持している聖装を獲得した場合</indent=32><br><indent=32>聖装はその聖装に対応した「開花の輝石」へと自動的に変換されます。</indent=32><br><indent=32>各聖装毎に、開花の輝石の限界獲得数が設定されており、それ以降に獲得した開花の輝石は聖装の蒼片へと自動的に変換されます。</indent=32><br><indent=32>獲得する聖装の蒼片の量は、聖装レアリティ毎に異なります。</indent=32><br>・<indent=32>R聖装：18回開花の輝石に変換されて以降、5聖装の蒼片に変換。</indent=32><br>・<indent=32>SR聖装：18回開花の輝石に変換されて以降、25聖装の蒼片に変換。</indent=32><br>・<indent=32>SSR聖装(秘跡/深憶聖装を除く)：8回開花の輝石に変換されて以降、100聖装の蒼片に変換。</indent=32><br>・<indent=32>SSR秘跡/深憶聖装：10回開花の輝石に変換されて以降、100聖装の蒼片に変換。</indent=32><br><indent=32>　</indent=32> | ※<indent=32>单次召唤中获得的圣装可能会出现重复。</indent=32><br>※<indent=32>各提供比例显示为舍弃小数点后第五位的结果。因此，合计值可能不会达到100.0000%（舍弃小数点后第五位）。</indent=32><br>※<indent=32>SR+圣装的出货概率包含在SR稀有度中。</indent=32><br>※<indent=32>本召唤中出现的圣装状态，可通过召唤画面的"召唤详情"或召唤详情内的"提供比例"进行确认。</indent=32><br>※<indent=32>付费辉煌石将从购买日期最早的开始依次消耗。</indent=32><br>※<indent=32>"圣装苍片"将在获得30天后转化为"苍粒子"。</indent=32><br>※<indent=32>付费辉煌石和"圣装苍片"的有效期可通过"货币管理"进行确认。</indent=32><br>※<indent=32>活动内容及期间可能会在无预告的情况下变更。</indent=32><br>※<indent=32>每进行一次本召唤，STEP会前进1步。第3步为最终步。</indent=32><br><indent=32>第1步必定出现1件SSR圣装，第2步必定出现3件SSR圣装，第3步必定出现1件秘迹/深忆圣装。</indent=32><br>※<indent=32>第1、2步的SSR圣装出现概率中，秘迹/深忆圣装的概率均等，合计为16.76%。其他圣装概率均等，合计为83.24%。均从本召唤中可能出现的对象中抽选。</indent=32><br>※<indent=32>第3步的秘迹/深忆圣装出现概率均等，从本召唤中可能出现的对象中抽选。</indent=32><br>※<indent=32>进行其他召唤不会推进本召唤的STEP。</indent=32><br><br>※<indent=32>获得已持有的圣装时</indent=32><br><indent=32>该圣装将自动转化为对应的"开花辉石"。</indent=32><br><indent=32>每个圣装均设有开花辉石的获得上限，超过上限后获得的开花辉石将自动转化为圣装苍片。</indent=32><br><indent=32>获得的圣装苍片数量因圣装稀有度而异。</indent=32><br>・<indent=32>R圣装：转化18次为开花辉石后，之后转化为5个圣装苍片。</indent=32><br>・<indent=32>SR圣装：转化18次为开花辉石后，之后转化为25个圣装苍片。</indent=32><br>・<indent=32>SSR圣装(秘迹/深忆圣装除外)：转化8次为开花辉石后，之后转化为100个圣装苍片。</indent=32><br>・<indent=32>SSR秘迹/深忆圣装：转化10次为开花辉石后，之后转化为100个圣装苍片。</indent=32><br><indent=32>　</indent=32> | 	
※<indent=32>それぞれの提供割合が小数点第五位を切り捨てして表示しています。そのため合計値が100.0000%(小数点第五位を切り捨て)にならない場合がございます。</indent=32><br>※<indent=32>SR+聖装の出現確率はSRレアリティに含まれます。</indent=32><br>※<indent=32>本召喚から出現する聖装のステータスは召喚画面の「召喚詳細」または召喚詳細内の「提供割合」からご確認いただけます。</indent=32><br>※<indent=32>「聖装の蒼片」は獲得してから30日で「蒼粒子」へと変換されます。</indent=32><br>※<indent=32>「聖装の蒼片」の有効期限は「通貨管理」からご確認いただけます。</indent=32><br>※<indent=32>施策内容や期間は予告なく変更させていただく場合がございます。</indent=32><br>※<indent=32>本召喚は1チャレンジにつき、最大5回まで10回召喚を行うことができます。</indent=32><br>※<indent=32>本召喚は1日1チャレンジ、期間中最大5チャレンジまで挑戦することができます。</indent=32><br>※<indent=32>ライラプスが出現した場合、その回の挑戦は終了となります。</indent=32><br>※<indent=32>ライラプスが出現した場合、ライラプスの枠は聖装の代わりにおまけアイテムとして想飾を獲得できます。</indent=32><br>※<indent=32>ライラプスが出現していない場合でも、日付が変わった時点でその日のチャレンジは終了となります。</indent=32><br><br>※<indent=32>所持している聖装を獲得した場合</indent=32><br> <indent=32>聖装はその聖装に対応した「開花の輝石」へと自動的に変換されます。</indent=32><br> <indent=32>各聖装毎に、開花の輝石の限界獲得数が設定されており、それ以降に獲得した開花の輝石は聖装の蒼片へと自動的に変換されます。</indent=32><br> <indent=32>獲得する聖装の蒼片の量は、聖装レアリティ毎に異なります。</indent=32><br>・<indent=32>R聖装：18回開花の輝石に変換されて以降、5聖装の蒼片に変換。</indent=32><br>・<indent=32>SR聖装：18回開花の輝石に変換されて以降、25聖装の蒼片に変換。</indent=32><br>・<indent=32>SSR聖装：8回開花の輝石に変換されて以降、100聖装の蒼片に変換。</indent=32> | ※<indent=32>各提供比例显示为舍弃小数点后第五位的结果。因此，合计值可能不会达到100.0000%（舍弃小数点后第五位）。</indent=32><br>※<indent=32>SR+圣装的出货概率包含在SR稀有度中。</indent=32><br>※<indent=32>本召唤中出现的圣装状态，可通过召唤画面的"召唤详情"或召唤详情内的"提供比例"进行确认。</indent=32><br>※<indent=32>"圣装苍片"将在获得30天后转化为"苍粒子"。</indent=32><br>※<indent=32>"圣装苍片"的有效期可通过"货币管理"进行确认。</indent=32><br>※<indent=32>活动内容及期间可能会在无预告的情况下变更。</indent=32><br>※<indent=32>本召唤每次挑战最多可进行5次十连召唤。</indent=32><br>※<indent=32>本召唤每天可挑战1次，活动期间最多可挑战5次。</indent=32><br>※<indent=32>若莱拉普斯出现，该次挑战即告结束。</indent=32><br>※<indent=32>莱拉普斯出现时，莱拉普斯的栏位将作为替代圣装的附赠道具获得"想饰"。</indent=32><br>※<indent=32>即使莱拉普斯未出现，日期变更时该次挑战也将结束。</indent=32><br><br>※<indent=32>获得已持有的圣装时</indent=32><br> <indent=32>该圣装将自动转化为对应的"开花辉石"。</indent=32><br> <indent=32>每个圣装均设有开花辉石的获得上限，超过上限后获得的开花辉石将自动转化为圣装苍片。</indent=32><br> <indent=32>获得的圣装苍片数量因圣装稀有度而异。</indent=32><br>・<indent=32>R圣装：转化18次为开花辉石后，之后转化为5个圣装苍片。</indent=32><br>・<indent=32>SR圣装：转化18次为开花辉石后，之后转化为25个圣装苍片。</indent=32><br>・<indent=32>SSR圣装：转化8次为开花辉石后，之后转化为100个圣装苍片。</indent=32> | 	
※<indent=32>1度の召喚で獲得する聖装が重複する場合がございます。</indent=32><br>※<indent=32>それぞれの提供割合が小数点第五位を切り捨てして表示しています。そのため合計値が100.0000%(小数点第五位を切り捨て)にならない場合がございます。</indent=32><br>※<indent=32>SR+聖装の出現確率はSRレアリティに含まれます。</indent=32><br>※<indent=32>本召喚から出現する聖装のステータスは召喚画面の「召喚詳細」または召喚詳細内の「提供割合」からご確認いただけます。</indent=32><br>※<indent=32>有償フレアライトは購入日の古い物から順に消費されます。</indent=32><br>※<indent=32>「聖装の蒼片」は獲得してから30日で「蒼粒子」へと変換されます。</indent=32><br>※<indent=32>有償フレアライト、「聖装の蒼片」の有効期限は「通貨管理」からご確認いただけます。</indent=32><br>※<indent=32>施策内容や期間は予告なく変更させていただく場合がございます。</indent=32><br>※<indent=32>本召喚を実行する毎に1ステップずつ繰り上がります。3ステップ目が最終ステップとなります。</indent=32><br><indent=32>1ステップ目はバレンタインテーマのSSR聖装が1着確定で出現、2ステップ目はバレンタインテーマのSSR聖装が3着確定で出現、3ステップ目は秘跡/深憶聖装が1着確定で出現します。</indent=32><br>※<indent=32>1・2ステップ目のSSR聖装確定で出現するバレンタインテーマのSSR聖装のラインナップは以下の通りで確率は一律となっています。また、確定で出現するバレンタインテーマのSSR聖装に秘跡/深憶聖装は含まれません。</indent=32><br><indent=32>クルチャ【貴方に捧ぐ甘美な滋味】</indent=32><br><indent=32>ユー【甘き深淵のメルティ】</indent=32><br><indent=32>フリッカ【はじめての本命チョコ】</indent=32><br><indent=32>フランチェスカ【虹色に花開く恋の味】</indent=32><br><indent=32>コト【甘味と想いを運ぶ祭典】</indent=32><br><indent=32>ポリン【スイーツアルケミスト】</indent=32><br><indent=32>クリス【愛を添えた聖なる甘味】</indent=32><br>※<indent=32>3ステップ目の秘跡/深憶聖装確定で出現する秘跡/深憶の確率は一律となっており、この召喚で出現する可能性のあるものから抽選されます。</indent=32><br>※<indent=32>他の召喚を実行してもステップは繰り上がりません。</indent=32><br><br>※<indent=32>所持している聖装を獲得した場合</indent=32><br><indent=32>聖装はその聖装に対応した「開花の輝石」へと自動的に変換されます。</indent=32><br><indent=32>各聖装毎に、開花の輝石の限界獲得数が設定されており、それ以降に獲得した開花の輝石は聖装の蒼片へと自動的に変換されます。</indent=32><br><indent=32>獲得する聖装の蒼片の量は、聖装レアリティ毎に異なります。</indent=32><br>・<indent=32>R聖装：18回開花の輝石に変換されて以降、5聖装の蒼片に変換。</indent=32><br>・<indent=32>SR聖装：18回開花の輝石に変換されて以降、25聖装の蒼片に変換。</indent=32><br>・<indent=32>SSR聖装(秘跡/深憶聖装を除く)：8回開花の輝石に変換されて以降、100聖装の蒼片に変換。</indent=32><br>・<indent=32>SSR秘跡/深憶聖装：10回開花の輝石に変換されて以降、100聖装の蒼片に変換。</indent=32> | ※<indent=32>单次召唤中获得的圣装可能会出现重复。</indent=32><br>※<indent=32>各提供比例显示为舍弃小数点后第五位的结果。因此，合计值可能不会达到100.0000%（舍弃小数点后第五位）。</indent=32><br>※<indent=32>SR+圣装的出货概率包含在SR稀有度中。</indent=32><br>※<indent=32>本召唤中出现的圣装状态，可通过召唤画面的"召唤详情"或召唤详情内的"提供比例"进行确认。</indent=32><br>※<indent=32>付费辉煌石将从购买日期最早的开始依次消耗。</indent=32><br>※<indent=32>"圣装苍片"将在获得30天后转化为"苍粒子"。</indent=32><br>※<indent=32>付费辉煌石和"圣装苍片"的有效期可通过"货币管理"进行确认。</indent=32><br>※<indent=32>活动内容及期间可能会在无预告的情况下变更。</indent=32><br>※<indent=32>每进行一次本召唤，STEP会前进1步。第3步为最终步。</indent=32><br><indent=32>第1步必定出现1件情人节主题SSR圣装，第2步必定出现3件情人节主题SSR圣装，第3步必定出现1件秘迹/深忆圣装。</indent=32><br>※<indent=32>第1、2步的SSR圣装确定出现的情人节主题SSR圣装列表如下，概率均等。此外，确定出现的情人节主题SSR圣装中不包含秘迹/深忆圣装。</indent=32><br><indent=32>库露查【献给你的甘美滋味】</indent=32><br><indent=32>尤【甜蜜深渊的融化】</indent=32><br><indent=32>弗利卡【初次的本命巧克力】</indent=32><br><indent=32>弗朗西斯卡【绽放虹色的恋之味】</indent=32><br><indent=32>琴【传递甘甜与思念的祭典】</indent=32><br><indent=32>波琳【甜点炼金术师】</indent=32><br><indent=32>克莉丝【附带爱意的神圣甜味】</indent=32><br>※<indent=32>第3步的秘迹/深忆圣装确定出现的秘迹/深忆概率均等，从本召唤中可能出现的对象中抽选。</indent=32><br>※<indent=32>进行其他召唤不会推进本召唤的STEP。</indent=32><br><br>※<indent=32>获得已持有的圣装时</indent=32><br><indent=32>该圣装将自动转化为对应的"开花辉石"。</indent=32><br><indent=32>每个圣装均设有开花辉石的获得上限，超过上限后获得的开花辉石将自动转化为圣装苍片。</indent=32><br><indent=32>获得的圣装苍片数量因圣装稀有度而异。</indent=32><br>・<indent=32>R圣装：转化18次为开花辉石后，之后转化为5个圣装苍片。</indent=32><br>・<indent=32>SR圣装：转化18次为开花辉石后，之后转化为25个圣装苍片。</indent=32><br>・<indent=32>SSR圣装(秘迹/深忆圣装除外)：转化8次为开花辉石后，之后转化为100个圣装苍片。</indent=32><br>・<indent=32>SSR秘迹/深忆圣装：转化10次为开花辉石后，之后转化为100个圣装苍片。</indent=32> | 	
※<indent=32>セレクション召喚注意事項</indent=32><br>・<indent=32>召喚毎にピックアップ秘跡/深憶聖装の種類が異なります。</indent=32><br>・<indent=32>「召喚詳細」や召喚詳細内の「提供割合」は召喚内容選択後にご確認いただけます。</indent=32><br>・<indent=32>召喚内容選択後、1ステップ目の召喚を実行するまでは召喚内容を選び直すことができます。</indent=32><br>・<indent=32>1ステップ目の召喚実行以降、最終ステップの召喚を実行するまで召喚内容を選び直すことができません。</indent=32><br>※<indent=32>1度の召喚で獲得する聖装が重複する場合がございます。</indent=32><br>※<indent=32>それぞれの提供割合が小数点第五位を切り捨てして表示しています。そのため合計値が100.0000%(小数点第五位を切り捨て)にならない場合がございます。</indent=32><br>※<indent=32>SR+聖装の出現確率はSRレアリティに含まれます。</indent=32><br>※<indent=32>本召喚から出現する聖装のステータスは召喚画面の「召喚詳細」または召喚詳細内の「提供割合」からご確認いただけます。</indent=32><br>※<indent=32>有償フレアライトと無償フレアライトの両方を所持している場合、無償フレアライトから優先的に消費されます。有償フレアライトは購入日の古い物から順に消費されます。</indent=32><br>※<indent=32>「聖装の蒼片」は獲得してから30日で「蒼粒子」へと変換されます。</indent=32><br>※<indent=32>「秘跡の彩片」は本召喚の開催期間後に「蒼粒子」へと変換されます。</indent=32><br>※<indent=32>有償フレアライト、「聖装の蒼片」、「秘跡の彩片」の有効期限は「通貨管理」からご確認いただけます。</indent=32><br>※<indent=32>施策内容や期間は予告なく変更させていただく場合がございます。</indent=32><br>※<indent=32>「秘跡の彩片」の獲得</indent=32><br><indent=32>聖装毎に10秘跡の彩片を獲得することができます。</indent=32><br>※<indent=32>本召喚を実行する毎に1ステップずつ繰り上がります。5ステップ目が最終ステップとなります。</indent=32><br><indent=32>3・5ステップ目はSSR聖装が1着確定で出現します。</indent=32><br><indent=32>最終ステップまで到達後、ステップはリセットされ、再度1ステップ目から5ステップ目までを召喚可能となります。</indent=32><br>※<indent=32>3・5ステップ目のSSR聖装の出現確率はピックアップ秘跡/深憶聖装の確率は一律となっており、合計で16.76%です。その他聖装の確率は一律となっており、合計で83.24%です。いずれもこの召喚で出現する可能性のあるものから抽選されます。</indent=32><br>※<indent=32>他の召喚を実行してもステップは繰り上がりません。</indent=32><br><br>※<indent=32>所持している聖装を獲得した場合</indent=32><br><indent=32>聖装はその聖装に対応した「開花の輝石」へと自動的に変換されます。</indent=32><br><indent=32>各聖装毎に、開花の輝石の限界獲得数が設定されており、それ以降に獲得した開花の輝石は聖装の蒼片へと自動的に変換されます。</indent=32><br><indent=32>獲得する聖装の蒼片の量は、聖装レアリティ毎に異なります。</indent=32><br>・<indent=32>R聖装：18回開花の輝石に変換されて以降、5聖装の蒼片に変換。</indent=32><br>・<indent=32>SR聖装：18回開花の輝石に変換されて以降、25聖装の蒼片に変換。</indent=32><br>・<indent=32>SSR聖装(秘跡/深憶聖装を除く)：8回開花の輝石に変換されて以降、100聖装の蒼片に変換。</indent=32><br>・<indent=32>SSR秘跡/深憶聖装：10回開花の輝石に変換されて以降、100聖装の蒼片に変換。</indent=32> | ※<indent=32>精选召唤注意事项</indent=32><br>・<indent=32>每次召唤的PICK UP秘迹/深忆圣装种类不同。</indent=32><br>・<indent=32>"召唤详情"及召唤详情内的"提供比例"可在选择召唤内容后确认。</indent=32><br>・<indent=32>选择召唤内容后，在执行第1步召唤前可以重新选择召唤内容。</indent=32><br>・<indent=32>执行第1步召唤后，直到最终步召唤执行完毕，无法重新选择召唤内容。</indent=32><br>※<indent=32>单次召唤中获得的圣装可能会出现重复。</indent=32><br>※<indent=32>各提供比例显示为舍弃小数点后第五位的结果。因此，合计值可能不会达到100.0000%（舍弃小数点后第五位）。</indent=32><br>※<indent=32>SR+圣装的出货概率包含在SR稀有度中。</indent=32><br>※<indent=32>本召唤中出现的圣装状态，可通过召唤画面的"召唤详情"或召唤详情内的"提供比例"进行确认。</indent=32><br>※<indent=32>若同时持有付费辉煌石和免费辉煌石，将优先消耗免费辉煌石。付费辉煌石将从购买日期最早的开始依次消耗。</indent=32><br>※<indent=32>"圣装苍片"将在获得30天后转化为"苍粒子"。</indent=32><br>※<indent=32>"秘迹彩片"将在本召唤活动期间结束后转化为"苍粒子"。</indent=32><br>※<indent=32>付费辉煌石、"圣装苍片"、"秘迹彩片"的有效期可通过"货币管理"进行确认。</indent=32><br>※<indent=32>活动内容及期间可能会在无预告的情况下变更。</indent=32><br>※<indent=32>"秘迹彩片"的获得</indent=32><br><indent=32>每个圣装可获得10个秘迹彩片。</indent=32><br>※<indent=32>每进行一次本召唤，STEP会前进1步。第5步为最终步。</indent=32><br><indent=32>第3、5步必定出现1件SSR圣装。</indent=32><br><indent=32>到达最终步后，STEP将重置，可再次从第1步召唤至第5步。</indent=32><br>※<indent=32>第3、5步的SSR圣装出现概率中，PICK UP秘迹/深忆圣装的概率均等，合计为16.76%。其他圣装概率均等，合计为83.24%。均从本召唤中可能出现的对象中抽选。</indent=32><br>※<indent=32>进行其他召唤不会推进本召唤的STEP。</indent=32><br><br>※<indent=32>获得已持有的圣装时</indent=32><br><indent=32>该圣装将自动转化为对应的"开花辉石"。</indent=32><br><indent=32>每个圣装均设有开花辉石的获得上限，超过上限后获得的开花辉石将自动转化为圣装苍片。</indent=32><br><indent=32>获得的圣装苍片数量因圣装稀有度而异。</indent=32><br>・<indent=32>R圣装：转化18次为开花辉石后，之后转化为5个圣装苍片。</indent=32><br>・<indent=32>SR圣装：转化18次为开花辉石后，之后转化为25个圣装苍片。</indent=32><br>・<indent=32>SSR圣装(秘迹/深忆圣装除外)：转化8次为开花辉石后，之后转化为100个圣装苍片。</indent=32><br>・<indent=32>SSR秘迹/深忆圣装：转化10次为开花辉石后，之后转化为100个圣装苍片。</indent=32> | 	
※<indent=32>セレクション召喚注意事項</indent=32><br>・<indent=32>召喚毎にピックアップ秘跡/深憶聖装の種類が異なります。</indent=32><br>・<indent=32>召喚内容選択後、1ステップ目の召喚を実行するまでは召喚内容を選び直すことができます。</indent=32><br>・<indent=32>1ステップ目の召喚実行以降、最終ステップの召喚を実行するまで召喚内容を選び直すことができません。</indent=32><br>※<indent=32>1度の召喚で獲得する聖装が重複する場合がございます。</indent=32><br>※<indent=32>それぞれの提供割合が小数点第五位を切り捨てして表示しています。そのため合計値が100.0000%(小数点第五位を切り捨て)にならない場合がございます。</indent=32><br>※<indent=32>SR+聖装の出現確率はSRレアリティに含まれます。</indent=32><br>※<indent=32>本召喚から出現する聖装のステータスは召喚画面の「召喚詳細」または召喚詳細内の「提供割合」からご確認いただけます。</indent=32><br>※<indent=32>有償フレアライトと無償フレアライトの両方を所持している場合、無償フレアライトから優先的に消費されます。有償フレアライトは購入日の古い物から順に消費されます。</indent=32><br>※<indent=32>「聖装の蒼片」は獲得してから30日で「蒼粒子」へと変換されます。</indent=32><br>※<indent=32>「秘跡の彩片」は本召喚の開催期間後に「蒼粒子」へと変換されます。</indent=32><br>※<indent=32>有償フレアライト、「聖装の蒼片」、「秘跡の彩片」の有効期限は「通貨管理」からご確認いただけます。</indent=32><br>※<indent=32>施策内容や期間は予告なく変更させていただく場合がございます。</indent=32><br>※<indent=32>「秘跡の彩片」の獲得</indent=32><br><indent=32>聖装毎に10秘跡の彩片を獲得することができます。</indent=32><br>※<indent=32>本召喚を実行する毎に1ステップずつ繰り上がります。5ステップ目が最終ステップとなります。</indent=32><br><indent=32>3・5ステップ目はSSR聖装が1着確定で出現します。</indent=32><br><indent=32>最終ステップまで到達後、ステップはリセットされ、再度1ステップ目から5ステップ目までを召喚可能となります。</indent=32><br>※<indent=32>3・5ステップ目のSSR聖装の出現確率はピックアップ秘跡/深憶聖装の確率は一律となっており、合計で16.76%です。その他聖装の確率は一律となっており、合計で83.24%です。いずれもこの召喚で出現する可能性のあるものから抽選されます。</indent=32><br>※<indent=32>他の召喚を実行してもステップは繰り上がりません。</indent=32><br><br>※<indent=32>所持している聖装を獲得した場合</indent=32><br><indent=32>聖装はその聖装に対応した「開花の輝石」へと自動的に変換されます。</indent=32><br><indent=32>各聖装毎に、開花の輝石の限界獲得数が設定されており、それ以降に獲得した開花の輝石は聖装の蒼片へと自動的に変換されます。</indent=32><br><indent=32>獲得する聖装の蒼片の量は、聖装レアリティ毎に異なります。</indent=32><br>・<indent=32>R聖装：18回開花の輝石に変換されて以降、5聖装の蒼片に変換。</indent=32><br> ・<indent=32>SR聖装：18回開花の輝石に変換されて以降、25聖装の蒼片に変換。</indent=32><br>・<indent=32>SSR聖装(秘跡/深憶聖装を除く)：8回開花の輝石に変換されて以降、100聖装の蒼片に変換。</indent=32><br>・<indent=32>SSR秘跡/深憶聖装：10回開花の輝石に変換されて以降、100聖装の蒼片に変換。</indent=32> | ※<indent=32>精选召唤注意事项</indent=32><br>・<indent=32>每次召唤的PICK UP秘迹/深忆圣装种类不同。</indent=32><br>・<indent=32>选择召唤内容后，在执行第1步召唤前可以重新选择召唤内容。</indent=32><br>・<indent=32>执行第1步召唤后，直到最终步召唤执行完毕，无法重新选择召唤内容。</indent=32><br>※<indent=32>单次召唤中获得的圣装可能会出现重复。</indent=32><br>※<indent=32>各提供比例显示为舍弃小数点后第五位的结果。因此，合计值可能不会达到100.0000%（舍弃小数点后第五位）。</indent=32><br>※<indent=32>SR+圣装的出货概率包含在SR稀有度中。</indent=32><br>※<indent=32>本召唤中出现的圣装状态，可通过召唤画面的"召唤详情"或召唤详情内的"提供比例"进行确认。</indent=32><br>※<indent=32>若同时持有付费辉煌石和免费辉煌石，将优先消耗免费辉煌石。付费辉煌石将从购买日期最早的开始依次消耗。</indent=32><br>※<indent=32>"圣装苍片"将在获得30天后转化为"苍粒子"。</indent=32><br>※<indent=32>"秘迹彩片"将在本召唤活动期间结束后转化为"苍粒子"。</indent=32><br>※<indent=32>付费辉煌石、"圣装苍片"、"秘迹彩片"的有效期可通过"货币管理"进行确认。</indent=32><br>※<indent=32>活动内容及期间可能会在无预告的情况下变更。</indent=32><br>※<indent=32>"秘迹彩片"的获得</indent=32><br><indent=32>每个圣装可获得10个秘迹彩片。</indent=32><br>※<indent=32>每进行一次本召唤，STEP会前进1步。第5步为最终步。</indent=32><br><indent=32>第3、5步必定出现1件SSR圣装。</indent=32><br><indent=32>到达最终步后，STEP将重置，可再次从第1步召唤至第5步。</indent=32><br>※<indent=32>第3、5步的SSR圣装出现概率中，PICK UP秘迹/深忆圣装的概率均等，合计为16.76%。其他圣装概率均等，合计为83.24%。均从本召唤中可能出现的对象中抽选。</indent=32><br>※<indent=32>进行其他召唤不会推进本召唤的STEP。</indent=32><br><br>※<indent=32>获得已持有的圣装时</indent=32><br><indent=32>该圣装将自动转化为对应的"开花辉石"。</indent=32><br><indent=32>每个圣装均设有开花辉石的获得上限，超过上限后获得的开花辉石将自动转化为圣装苍片。</indent=32><br><indent=32>获得的圣装苍片数量因圣装稀有度而异。</indent=32><br>・<indent=32>R圣装：转化18次为开花辉石后，之后转化为5个圣装苍片。</indent=32><br> ・<indent=32>SR圣装：转化18次为开花辉石后，之后转化为25个圣装苍片。</indent=32><br>・<indent=32>SSR圣装(秘迹/深忆圣装除外)：转化8次为开花辉石后，之后转化为100个圣装苍片。</indent=32><br>・<indent=32>SSR秘迹/深忆圣装：转化10次为开花辉石后，之后转化为100个圣装苍片。</indent=32> | 	
※<indent=32>それぞれの提供割合が小数点第五位を切り捨てして表示しています。そのため合計値が100.0000%(小数点第五位を切り捨て)にならない場合がございます。</indent=32><br>※<indent=32>SR+聖装の出現確率はSRレアリティに含まれます。</indent=32><br>※<indent=32>本召喚から出現する聖装のステータスは召喚画面の「召喚詳細」または召喚詳細内の「提供割合」からご確認いただけます。</indent=32><br>※<indent=32>「聖装の蒼片」は獲得してから30日で「蒼粒子」へと変換されます。</indent=32><br>※<indent=32>「聖装の蒼片」の有効期限は「通貨管理」からご確認いただけます。</indent=32><br>※<indent=32>施策内容や期間は予告なく変更させていただく場合がございます。</indent=32><br><br>※<indent=32>所持している聖装を獲得した場合</indent=32><br> <indent=32>聖装はその聖装に対応した「開花の輝石」へと自動的に変換されます。</indent=32><br> <indent=32>各聖装毎に、開花の輝石の限界獲得数が設定されており、それ以降に獲得した開花の輝石は聖装の蒼片へと自動的に変換されます。</indent=32><br> <indent=32>獲得する聖装の蒼片の量は、聖装レアリティ毎に異なります。</indent=32><br>・<indent=32>R聖装：18回開花の輝石に変換されて以降、5聖装の蒼片に変換。</indent=32><br>・<indent=32>SR聖装：18回開花の輝石に変換されて以降、25聖装の蒼片に変換。</indent=32><br>・<indent=32>SSR聖装(秘跡/深憶聖装を除く)：8回開花の輝石に変換されて以降、100聖装の蒼片に変換。</indent=32><br>・<indent=32>SSR秘跡/深憶聖装：10回開花の輝石に変換されて以降、100聖装の蒼片に変換。</indent=32> | ※<indent=32>各提供比例显示为舍弃小数点后第五位的结果。因此，合计值可能不会达到100.0000%（舍弃小数点后第五位）。</indent=32><br>※<indent=32>SR+圣装的出货概率包含在SR稀有度中。</indent=32><br>※<indent=32>本召唤中出现的圣装状态，可通过召唤画面的"召唤详情"或召唤详情内的"提供比例"进行确认。</indent=32><br>※<indent=32>"圣装苍片"将在获得30天后转化为"苍粒子"。</indent=32><br>※<indent=32>"圣装苍片"的有效期可通过"货币管理"进行确认。</indent=32><br>※<indent=32>活动内容及期间可能会在无预告的情况下变更。</indent=32><br><br>※<indent=32>获得已持有的圣装时</indent=32><br> <indent=32>该圣装将自动转化为对应的"开花辉石"。</indent=32><br> <indent=32>每个圣装均设有开花辉石的获得上限，超过上限后获得的开花辉石将自动转化为圣装苍片。</indent=32><br> <indent=32>获得的圣装苍片数量因圣装稀有度而异。</indent=32><br>・<indent=32>R圣装：转化18次为开花辉石后，之后转化为5个圣装苍片。</indent=32><br>・<indent=32>SR圣装：转化18次为开花辉石后，之后转化为25个圣装苍片。</indent=32><br>・<indent=32>SSR圣装(秘迹/深忆圣装除外)：转化8次为开花辉石后，之后转化为100个圣装苍片。</indent=32><br>・<indent=32>SSR秘迹/深忆圣装：转化10次为开花辉石后，之后转化为100个圣装苍片。</indent=32> | 	
※<indent=32>1度の召喚で獲得する聖装が重複する場合がございます。</indent=32><br>※<indent=32>それぞれの提供割合が小数点第五位を切り捨てして表示しています。そのため合計値が100.0000%(小数点第五位を切り捨て)にならない場合がございます。</indent=32><br>※<indent=32>SR+聖装の出現確率はSRレアリティに含まれます。</indent=32><br>※<indent=32>本召喚から出現する聖装のステータスは召喚画面の「召喚詳細」または召喚詳細内の「提供割合」からご確認いただけます。</indent=32><br>※<indent=32>有償フレアライトと無償フレアライトの両方を所持している場合、無償フレアライトから優先的に消費されます。有償フレアライトは購入日の古い物から順に消費されます。</indent=32><br>※<indent=32>「聖装の蒼片」は獲得してから30日で「蒼粒子」へと変換されます。</indent=32><br>※<indent=32>有償フレアライトと「聖装の蒼片」の有効期限は「通貨管理」からご確認いただけます。</indent=32><br>※<indent=32>施策内容や期間は予告なく変更させていただく場合がございます。</indent=32><br>※<indent=32>「聖装の蒼片」の獲得</indent=32><br> <indent=32>聖装毎に10聖装の蒼片を獲得することができます。</indent=32><br><br>※<indent=32>所持している聖装を獲得した場合</indent=32><br> <indent=32>聖装はその聖装に対応した「開花の輝石」へと自動的に変換されます。</indent=32><br> <indent=32>各聖装毎に、開花の輝石の限界獲得数が設定されており、それ以降に獲得した開花の輝石は聖装の蒼片へと自動的に変換されます。</indent=32><br> <indent=32>獲得する聖装の蒼片の量は、聖装レアリティ毎に異なります。</indent=32><br>・<indent=32>R聖装：18回開花の輝石に変換されて以降、5聖装の蒼片に変換。</indent=32><br>・<indent=32>SR聖装：18回開花の輝石に変換されて以降、25聖装の蒼片に変換。</indent=32><br>・<indent=32>SSR聖装(秘跡聖装を除く)：8回開花の輝石に変換されて以降、100聖装の蒼片に変換。</indent=32><br>・<indent=32>SSR秘跡聖装：10回開花の輝石に変換されて以降、100聖装の蒼片に変換。</indent=32> | ※<indent=32>单次召唤中获得的圣装可能会出现重复。</indent=32><br>※<indent=32>各提供比例显示为舍弃小数点后第五位的结果。因此，合计值可能不会达到100.0000%（舍弃小数点后第五位）。</indent=32><br>※<indent=32>SR+圣装的出货概率包含在SR稀有度中。</indent=32><br>※<indent=32>本召唤中出现的圣装状态，可通过召唤画面的"召唤详情"或召唤详情内的"提供比例"进行确认。</indent=32><br>※<indent=32>若同时持有付费辉煌石和免费辉煌石，将优先消耗免费辉煌石。付费辉煌石将从购买日期最早的开始依次消耗。</indent=32><br>※<indent=32>"圣装苍片"将在获得30天后转化为"苍粒子"。</indent=32><br>※<indent=32>付费辉煌石和"圣装苍片"的有效期可通过"货币管理"进行确认。</indent=32><br>※<indent=32>活动内容及期间可能会在无预告的情况下变更。</indent=32><br>※<indent=32>"圣装苍片"的获得</indent=32><br> <indent=32>每个圣装可获得10个圣装苍片。</indent=32><br><br>※<indent=32>获得已持有的圣装时</indent=32><br> <indent=32>该圣装将自动转化为对应的"开花辉石"。</indent=32><br> <indent=32>每个圣装均设有开花辉石的获得上限，超过上限后获得的开花辉石将自动转化为圣装苍片。</indent=32><br> <indent=32>获得的圣装苍片数量因圣装稀有度而异。</indent=32><br>・<indent=32>R圣装：转化18次为开花辉石后，之后转化为5个圣装苍片。</indent=32><br>・<indent=32>SR圣装：转化18次为开花辉石后，之后转化为25个圣装苍片。</indent=32><br>・<indent=32>SSR圣装(秘迹圣装除外)：转化8次为开花辉石后，之后转化为100个圣装苍片。</indent=32><br>・<indent=32>SSR秘迹圣装：转化10次为开花辉石后，之后转化为100个圣装苍片。</indent=32> | 	
※<indent=32>1度の召喚で獲得する聖装が重複する場合がございます。</indent=32><br>※<indent=32>それぞれの提供割合が小数点第五位を切り捨てして表示しています。そのため合計値が100.0000%(小数点第五位を切り捨て)にならない場合がございます。</indent=32><br>※<indent=32>SR+聖装の出現確率はSRレアリティに含まれます。</indent=32><br>※<indent=32>本召喚から出現する聖装のステータスは召喚画面の「召喚詳細」または召喚詳細内の「提供割合」からご確認いただけます。</indent=32><br>※<indent=32>有償フレアライトと無償フレアライトの両方を所持している場合、無償フレアライトから優先的に消費されます。有償フレアライトは購入日の古い物から順に消費されます。</indent=32><br>※<indent=32>「聖装の蒼片」は獲得してから30日で「蒼粒子」へと変換されます。</indent=32><br>※<indent=32>有償フレアライト、「聖装の蒼片」の有効期限は「通貨管理」からご確認いただけます。</indent=32><br>※<indent=32>施策内容や期間は予告なく変更させていただく場合がございます。</indent=32><br>※<indent=32>「聖装の蒼片」の獲得</indent=32><br> <indent=32>聖装毎に10聖装の蒼片を獲得することができます。</indent=32><br>※<indent=32>本召喚を実行する毎に1ステップずつ繰り上がり、5・10・15・20・25ステップ目はSSR聖装が特別枠1から1着確定で出現し、25ステップ目はさらに秘跡聖装が特別枠2から1着確定で出現します。</indent=32><br> <indent=32>その後、ステップはリセットされ、再び25ステップ目を目指して召喚することが可能です。</indent=32><br>※<indent=32>他の召喚を実行してもステップは繰り上がりません。</indent=32><br><br>※<indent=32>所持している聖装を獲得した場合</indent=32><br> <indent=32>聖装はその聖装に対応した「開花の輝石」へと自動的に変換されます。</indent=32><br> <indent=32>各聖装毎に、開花の輝石の限界獲得数が設定されており、それ以降に獲得した開花の輝石は聖装の蒼片へと自動的に変換されます。</indent=32><br> <indent=32>獲得する聖装の蒼片の量は、聖装レアリティ毎に異なります。</indent=32><br> ・<indent=32>R聖装：18回開花の輝石に変換されて以降、5聖装の蒼片に変換。</indent=32><br> ・<indent=32>SR聖装：18回開花の輝石に変換されて以降、25聖装の蒼片に変換。</indent=32><br> ・<indent=32>SSR聖装(秘跡聖装を除く)：8回開花の輝石に変換されて以降、100聖装の蒼片に変換。</indent=32><br> ・<indent=32>SSR秘跡聖装：10回開花の輝石に変換されて以降、100聖装の蒼片に変換。</indent=32><br> | ※<indent=32>单次召唤中获得的圣装可能会出现重复。</indent=32><br>※<indent=32>各提供比例显示为舍弃小数点后第五位的结果。因此，合计值可能不会达到100.0000%（舍弃小数点后第五位）。</indent=32><br>※<indent=32>SR+圣装的出货概率包含在SR稀有度中。</indent=32><br>※<indent=32>本召唤中出现的圣装状态，可通过召唤画面的"召唤详情"或召唤详情内的"提供比例"进行确认。</indent=32><br>※<indent=32>若同时持有付费辉煌石和免费辉煌石，将优先消耗免费辉煌石。付费辉煌石将从购买日期最早的开始依次消耗。</indent=32><br>※<indent=32>"圣装苍片"将在获得30天后转化为"苍粒子"。</indent=32><br>※<indent=32>付费辉煌石和"圣装苍片"的有效期可通过"货币管理"进行确认。</indent=32><br>※<indent=32>活动内容及期间可能会在无预告的情况下变更。</indent=32><br>※<indent=32>"圣装苍片"的获得</indent=32><br> <indent=32>每个圣装可获得10个圣装苍片。</indent=32><br>※<indent=32>每进行一次本召唤，STEP会前进1步，第5、10、15、20、25步时必定从特殊栏位1中出现1件SSR圣装，第25步还将从特殊栏位2中必定出现1件秘迹圣装。</indent=32><br> <indent=32>之后STEP将重置，可再次以第25步为目标进行召唤。</indent=32><br>※<indent=32>进行其他召唤不会推进本召唤的STEP。</indent=32><br><br>※<indent=32>获得已持有的圣装时</indent=32><br> <indent=32>该圣装将自动转化为对应的"开花辉石"。</indent=32><br> <indent=32>每个圣装均设有开花辉石的获得上限，超过上限后获得的开花辉石将自动转化为圣装苍片。</indent=32><br> <indent=32>获得的圣装苍片数量因圣装稀有度而异。</indent=32><br> ・<indent=32>R圣装：转化18次为开花辉石后，之后转化为5个圣装苍片。</indent=32><br> ・<indent=32>SR圣装：转化18次为开花辉石后，之后转化为25个圣装苍片。</indent=32><br> ・<indent=32>SSR圣装(秘迹圣装除外)：转化8次为开花辉石后，之后转化为100个圣装苍片。</indent=32><br> ・<indent=32>SSR秘迹圣装：转化10次为开花辉石后，之后转化为100个圣装苍片。</indent=32><br> | 	
※<indent=32>それぞれの提供割合が小数点第五位を切り捨てして表示しています。そのため合計値が100.0000%(小数点第五位を切り捨て)にならない場合がございます。</indent=32><br>※<indent=32>本召喚から出現する聖装のステータスは召喚画面の「召喚詳細」または召喚詳細内の「提供割合」からご確認いただけます。</indent=32><br>※<indent=32>「聖装の蒼片」は獲得してから30日で「蒼粒子」へと変換されます。</indent=32><br>※<indent=32>「聖装の蒼片」の有効期限は「通貨管理」からご確認いただけます。</indent=32><br>※<indent=32>施策内容や期間は予告なく変更させていただく場合がございます。</indent=32><br><br>※<indent=32>所持している聖装を獲得した場合</indent=32><br> <indent=32>聖装はその聖装に対応した「開花の輝石」へと自動的に変換されます。</indent=32><br> <indent=32>各聖装毎に、開花の輝石の限界獲得数が設定されており、それ以降に獲得した開花の輝石は聖装の蒼片へと自動的に変換されます。</indent=32><br> <indent=32>獲得する聖装の蒼片の量は、聖装レアリティ毎に異なります。</indent=32><br>・<indent=32>SSR聖装(秘跡聖装を除く)：8回開花の輝石に変換されて以降、100聖装の蒼片に変換。</indent=32><br>・<indent=32>SSR秘跡聖装：10回開花の輝石に変換されて以降、100聖装の蒼片に変換。</indent=32> | ※<indent=32>各提供比例显示为舍弃小数点后第五位的结果。因此，合计值可能不会达到100.0000%（舍弃小数点后第五位）。</indent=32><br>※<indent=32>本召唤中出现的圣装状态，可通过召唤画面的"召唤详情"或召唤详情内的"提供比例"进行确认。</indent=32><br>※<indent=32>"圣装苍片"将在获得30天后转化为"苍粒子"。</indent=32><br>※<indent=32>"圣装苍片"的有效期可通过"货币管理"进行确认。</indent=32><br>※<indent=32>活动内容及期间可能会在无预告的情况下变更。</indent=32><br><br>※<indent=32>获得已持有的圣装时</indent=32><br> <indent=32>该圣装将自动转化为对应的"开花辉石"。</indent=32><br> <indent=32>每个圣装均设有开花辉石的获得上限，超过上限后获得的开花辉石将自动转化为圣装苍片。</indent=32><br> <indent=32>获得的圣装苍片数量因圣装稀有度而异。</indent=32><br>・<indent=32>SSR圣装(秘迹圣装除外)：转化8次为开花辉石后，之后转化为100个圣装苍片。</indent=32><br>・<indent=32>SSR秘迹圣装：转化10次为开花辉石后，之后转化为100个圣装苍片。</indent=32> | 	
※<indent=32>1度の召喚で獲得する聖装が重複する場合がございます。</indent=32><br>※<indent=32>それぞれの提供割合が小数点第五位を切り捨てして表示しています。そのため合計値が100.0000%(小数点第五位を切り捨て)にならない場合がございます。</indent=32><br>※<indent=32>SR+聖装の出現確率はSRレアリティに含まれます。</indent=32><br>※<indent=32>本召喚から出現する聖装のステータスは召喚画面の「召喚詳細」または召喚詳細内の「提供割合」からご確認いただけます。</indent=32><br>※<indent=32>「聖装の蒼片」は獲得してから30日で「蒼粒子」へと変換されます。</indent=32><br>※<indent=32>有償フレアライトと「聖装の蒼片」の有効期限は「通貨管理」からご確認いただけます。</indent=32><br>※<indent=32>施策内容や期間は予告なく変更させていただく場合がございます。</indent=32><br>※<indent=32>「聖装の蒼片」の獲得</indent=32><br> <indent=32>聖装毎に10聖装の蒼片を獲得することができます。</indent=32><br><br>※<indent=32>所持している聖装を獲得した場合</indent=32><br> <indent=32>聖装はその聖装に対応した「開花の輝石」へと自動的に変換されます。</indent=32><br> <indent=32>各聖装毎に、開花の輝石の限界獲得数が設定されており、それ以降に獲得した開花の輝石は聖装の蒼片へと自動的に変換されます。</indent=32><br> <indent=32>獲得する聖装の蒼片の量は、聖装レアリティ毎に異なります。</indent=32><br>・<indent=32>R聖装：18回開花の輝石に変換されて以降、5聖装の蒼片に変換。</indent=32><br>・<indent=32>SR聖装：18回開花の輝石に変換されて以降、25聖装の蒼片に変換。</indent=32><br>・<indent=32>SSR聖装(秘跡聖装を除く)：8回開花の輝石に変換されて以降、100聖装の蒼片に変換。</indent=32><br>・<indent=32>SSR秘跡聖装：10回開花の輝石に変換されて以降、100聖装の蒼片に変換。</indent=32> | ※<indent=32>单次召唤中获得的圣装可能会出现重复。</indent=32><br>※<indent=32>各提供比例显示为舍弃小数点后第五位的结果。因此，合计值可能不会达到100.0000%（舍弃小数点后第五位）。</indent=32><br>※<indent=32>SR+圣装的出货概率包含在SR稀有度中。</indent=32><br>※<indent=32>本召唤中出现的圣装状态，可通过召唤画面的"召唤详情"或召唤详情内的"提供比例"进行确认。</indent=32><br>※<indent=32>"圣装苍片"将在获得30天后转化为"苍粒子"。</indent=32><br>※<indent=32>付费辉煌石和"圣装苍片"的有效期可通过"货币管理"进行确认。</indent=32><br>※<indent=32>活动内容及期间可能会在无预告的情况下变更。</indent=32><br>※<indent=32>"圣装苍片"的获得</indent=32><br> <indent=32>每个圣装可获得10个圣装苍片。</indent=32><br><br>※<indent=32>获得已持有的圣装时</indent=32><br> <indent=32>该圣装将自动转化为对应的"开花辉石"。</indent=32><br> <indent=32>每个圣装均设有开花辉石的获得上限，超过上限后获得的开花辉石将自动转化为圣装苍片。</indent=32><br> <indent=32>获得的圣装苍片数量因圣装稀有度而异。</indent=32><br>・<indent=32>R圣装：转化18次为开花辉石后，之后转化为5个圣装苍片。</indent=32><br>・<indent=32>SR圣装：转化18次为开花辉石后，之后转化为25个圣装苍片。</indent=32><br>・<indent=32>SSR圣装(秘迹圣装除外)：转化8次为开花辉石后，之后转化为100个圣装苍片。</indent=32><br>・<indent=32>SSR秘迹圣装：转化10次为开花辉石后，之后转化为100个圣装苍片。</indent=32> | 	
※<indent=32>セレクション召喚注意事項</indent=32><br>・<indent=32>召喚毎にピックアップ秘跡/深憶聖装の種類や数が異なります。</indent=32><br>・<indent=32>「召喚詳細」や召喚詳細内の「提供割合」は召喚内容選択後にご確認いただけます。</indent=32><br>・<indent=32>召喚内容選択後、1ステップ目の召喚を実行するまでは召喚内容を選び直すことができます。</indent=32><br>・<indent=32>1ステップ目の召喚実行以降、最終ステップの召喚を実行するまで召喚内容を選び直すことができません。</indent=32><br>※<indent=32>1度の召喚で獲得する聖装が重複する場合がございます。</indent=32><br>※<indent=32>それぞれの提供割合が小数点第五位を切り捨てして表示しています。そのため合計値が100.0000%(小数点第五位を切り捨て)にならない場合がございます。</indent=32><br>※<indent=32>SR+聖装の出現確率はSRレアリティに含まれます。</indent=32><br>※<indent=32>本召喚から出現する聖装のステータスは召喚画面の「召喚詳細」または召喚詳細内の「提供割合」からご確認いただけます。</indent=32><br>※<indent=32>有償フレアライトと無償フレアライトの両方を所持している場合、無償フレアライトから優先的に消費されます。有償フレアライトは購入日の古い物から順に消費されます。</indent=32><br>※<indent=32>「聖装の蒼片」は獲得してから30日で「蒼粒子」へと変換されます。</indent=32><br>※<indent=32>「秘跡の彩片」は本召喚の開催期間後に「蒼粒子」へと変換されます。</indent=32><br>※<indent=32>有償フレアライト、「聖装の蒼片」、「秘跡の彩片」の有効期限は「通貨管理」からご確認いただけます。</indent=32><br>※<indent=32>施策内容や期間は予告なく変更させていただく場合がございます。</indent=32><br>※<indent=32>「秘跡の彩片」の獲得</indent=32><br><indent=32>聖装毎に10秘跡の彩片を獲得することができます。</indent=32><br>※<indent=32>本召喚を実行する毎に1ステップずつ繰り上がります。1周目は10ステップ目、2周目以降は5ステップ目が最終ステップとなります。</indent=32><br><indent=32>1周目の1・3ステップ目は召喚実行に必要なフレアライトが半額となり、5・7・9ステップ目はSSR聖装が1着確定で出現、10ステップ目は秘跡/深憶聖装が1着確定で出現します。</indent=32><br><indent=32>2周目以降の3・5ステップ目はSSR聖装が1着確定で出現します。</indent=32><br><indent=32>最終ステップまで到達後、ステップはリセットされ、再度1ステップ目から5ステップ目までを召喚可能となります。</indent=32><br>※<indent=32>1週目5・7・9ステップ目、2周目以降3・5ステップ目のSSR聖装の出現確率はピックアップ秘跡/深憶聖装の確率は一律となっており、合計で16.76%です。その他聖装の確率は一律となっており、合計で83.24%です。いずれもこの召喚で出現する可能性のあるものから抽選されます。</indent=32><br>※<indent=32>10ステップ目の秘跡/深憶聖装の出現確率はピックアップ秘跡/深憶聖装の確率は一律となっており、合計で75%です。その他秘跡/深憶聖装の確率は一律となっており、合計で25%です。いずれもこの召喚で出現する可能性のあるものから抽選されます。</indent=32><br>※<indent=32>他の召喚を実行してもステップは繰り上がりません。</indent=32><br><br>※<indent=32>所持している聖装を獲得した場合</indent=32><br><indent=32>聖装はその聖装に対応した「開花の輝石」へと自動的に変換されます。</indent=32><br><indent=32>各聖装毎に、開花の輝石の限界獲得数が設定されており、それ以降に獲得した開花の輝石は聖装の蒼片へと自動的に変換されます。</indent=32><br><indent=32>獲得する聖装の蒼片の量は、聖装レアリティ毎に異なります。</indent=32><br>・<indent=32>R聖装：18回開花の輝石に変換されて以降、5聖装の蒼片に変換。</indent=32><br>・<indent=32>SR聖装：18回開花の輝石に変換されて以降、25聖装の蒼片に変換。</indent=32><br>・<indent=32>SSR聖装(秘跡/深憶聖装を除く)：8回開花の輝石に変換されて以降、100聖装の蒼片に変換。</indent=32><br>・<indent=32>SSR秘跡/深憶聖装：10回開花の輝石に変換されて以降、100聖装の蒼片に変換。</indent=32> | ※<indent=32>精选召唤注意事项</indent=32><br>・<indent=32>每次召唤的PICK UP秘迹/深忆圣装种类和数量不同。</indent=32><br>・<indent=32>"召唤详情"及召唤详情内的"提供比例"可在选择召唤内容后确认。</indent=32><br>・<indent=32>选择召唤内容后，在执行第1步召唤前可以重新选择召唤内容。</indent=32><br>・<indent=32>执行第1步召唤后，直到最终步召唤执行完毕，无法重新选择召唤内容。</indent=32><br>※<indent=32>单次召唤中获得的圣装可能会出现重复。</indent=32><br>※<indent=32>各提供比例显示为舍弃小数点后第五位的结果。因此，合计值可能不会达到100.0000%（舍弃小数点后第五位）。</indent=32><br>※<indent=32>SR+圣装的出货概率包含在SR稀有度中。</indent=32><br>※<indent=32>本召唤中出现的圣装状态，可通过召唤画面的"召唤详情"或召唤详情内的"提供比例"进行确认。</indent=32><br>※<indent=32>若同时持有付费辉煌石和免费辉煌石，将优先消耗免费辉煌石。付费辉煌石将从购买日期最早的开始依次消耗。</indent=32><br>※<indent=32>"圣装苍片"将在获得30天后转化为"苍粒子"。</indent=32><br>※<indent=32>"秘迹彩片"将在本召唤活动期间结束后转化为"苍粒子"。</indent=32><br>※<indent=32>付费辉煌石、"圣装苍片"、"秘迹彩片"的有效期可通过"货币管理"进行确认。</indent=32><br>※<indent=32>活动内容及期间可能会在无预告的情况下变更。</indent=32><br>※<indent=32>"秘迹彩片"的获得</indent=32><br><indent=32>每个圣装可获得10个秘迹彩片。</indent=32><br>※<indent=32>每进行一次本召唤，STEP会前进1步。第1周目第10步为最终步，第2周目以后第5步为最终步。</indent=32><br><indent=32>第1周目的第1、3步执行召唤所需的辉煌石减半，第5、7、9步必定出现1件SSR圣装，第10步必定出现1件秘迹/深忆圣装。</indent=32><br><indent=32>第2周目以后的第3、5步必定出现1件SSR圣装。</indent=32><br><indent=32>到达最终步后，STEP将重置，可再次从第1步召唤至第5步。</indent=32><br>※<indent=32>第1周目第5、7、9步及第2周目以后第3、5步的SSR圣装出现概率中，PICK UP秘迹/深忆圣装的概率均等，合计为16.76%。其他圣装概率均等，合计为83.24%。均从本召唤中可能出现的对象中抽选。</indent=32><br>※<indent=32>第10步的秘迹/深忆圣装出现概率中，PICK UP秘迹/深忆圣装的概率均等，合计为75%。其他秘迹/深忆圣装概率均等，合计为25%。均从本召唤中可能出现的对象中抽选。</indent=32><br>※<indent=32>进行其他召唤不会推进本召唤的STEP。</indent=32><br><br>※<indent=32>获得已持有的圣装时</indent=32><br><indent=32>该圣装将自动转化为对应的"开花辉石"。</indent=32><br><indent=32>每个圣装均设有开花辉石的获得上限，超过上限后获得的开花辉石将自动转化为圣装苍片。</indent=32><br><indent=32>获得的圣装苍片数量因圣装稀有度而异。</indent=32><br>・<indent=32>R圣装：转化18次为开花辉石后，之后转化为5个圣装苍片。</indent=32><br>・<indent=32>SR圣装：转化18次为开花辉石后，之后转化为25个圣装苍片。</indent=32><br>・<indent=32>SSR圣装(秘迹/深忆圣装除外)：转化8次为开花辉石后，之后转化为100个圣装苍片。</indent=32><br>・<indent=32>SSR秘迹/深忆圣装：转化10次为开花辉石后，之后转化为100个圣装苍片。</indent=32> | 	
※<indent=32>セレクション召喚注意事項</indent=32><br>・<indent=32>召喚毎にピックアップ秘跡/深憶聖装の種類や数が異なります。</indent=32><br>・<indent=32>召喚内容選択後、1ステップ目の召喚を実行するまでは召喚内容を選び直すことができます。</indent=32><br>・<indent=32>1ステップ目の召喚実行以降、最終ステップの召喚を実行するまで召喚内容を選び直すことができません。</indent=32><br>※<indent=32>1度の召喚で獲得する聖装が重複する場合がございます。</indent=32><br>※<indent=32>それぞれの提供割合が小数点第五位を切り捨てして表示しています。そのため合計値が100.0000%(小数点第五位を切り捨て)にならない場合がございます。</indent=32><br>※<indent=32>SR+聖装の出現確率はSRレアリティに含まれます。</indent=32><br>※<indent=32>本召喚から出現する聖装のステータスは召喚画面の「召喚詳細」または召喚詳細内の「提供割合」からご確認いただけます。</indent=32><br>※<indent=32>有償フレアライトと無償フレアライトの両方を所持している場合、無償フレアライトから優先的に消費されます。有償フレアライトは購入日の古い物から順に消費されます。</indent=32><br>※<indent=32>「聖装の蒼片」は獲得してから30日で「蒼粒子」へと変換されます。</indent=32><br>※<indent=32>「秘跡の彩片」は本召喚の開催期間後に「蒼粒子」へと変換されます。</indent=32><br>※<indent=32>有償フレアライト、「聖装の蒼片」、「秘跡の彩片」の有効期限は「通貨管理」からご確認いただけます。</indent=32><br>※<indent=32>施策内容や期間は予告なく変更させていただく場合がございます。</indent=32><br>※<indent=32>「秘跡の彩片」の獲得</indent=32><br><indent=32>聖装毎に10秘跡の彩片を獲得することができます。</indent=32><br>※<indent=32>本召喚を実行する毎に1ステップずつ繰り上がります。1周目は10ステップ目、2周目以降は5ステップ目が最終ステップとなります。</indent=32><br><indent=32>1・3ステップ目は召喚実行に必要なフレアライトが半額となり、5・7・9ステップ目はSSR聖装が1着確定で出現、10ステップ目は秘跡/深憶聖装が1着確定で出現します。</indent=32><br><indent=32>最終ステップまで到達後、ステップはリセットされ、再度1ステップ目から5ステップ目までを召喚可能となります。</indent=32><br>※<indent=32>5・7・9ステップ目のSSR聖装の出現確率はピックアップ秘跡/深憶聖装の確率は一律となっており、合計で16.76%です。その他聖装の確率は一律となっており、合計で83.24%です。いずれもこの召喚で出現する可能性のあるものから抽選されます。</indent=32><br>※<indent=32>10ステップ目の秘跡/深憶聖装の出現確率はピックアップ秘跡/深憶聖装の確率は一律となっており、合計で75%です。その他秘跡/深憶聖装の確率は一律となっており、合計で25%です。いずれもこの召喚で出現する可能性のあるものから抽選されます。</indent=32><br>※<indent=32>他の召喚を実行してもステップは繰り上がりません。</indent=32><br><br>※<indent=32>所持している聖装を獲得した場合</indent=32><br><indent=32>聖装はその聖装に対応した「開花の輝石」へと自動的に変換されます。</indent=32><br><indent=32>各聖装毎に、開花の輝石の限界獲得数が設定されており、それ以降に獲得した開花の輝石は聖装の蒼片へと自動的に変換されます。</indent=32><br><indent=32>獲得する聖装の蒼片の量は、聖装レアリティ毎に異なります。</indent=32><br>・<indent=32>R聖装：18回開花の輝石に変換されて以降、5聖装の蒼片に変換。</indent=32><br>・<indent=32>SR聖装：18回開花の輝石に変換されて以降、25聖装の蒼片に変換。</indent=32><br>・<indent=32>SSR聖装(秘跡/深憶聖装を除く)：8回開花の輝石に変換されて以降、100聖装の蒼片に変換。</indent=32><br>・<indent=32>SSR秘跡/深憶聖装：10回開花の輝石に変換されて以降、100聖装の蒼片に変換。</indent=32> | ※<indent=32>精选召唤注意事项</indent=32><br>・<indent=32>每次召唤的PICK UP秘迹/深忆圣装种类和数量不同。</indent=32><br>・<indent=32>选择召唤内容后，在执行第1步召唤前可以重新选择召唤内容。</indent=32><br>・<indent=32>执行第1步召唤后，直到最终步召唤执行完毕，无法重新选择召唤内容。</indent=32><br>※<indent=32>单次召唤中获得的圣装可能会出现重复。</indent=32><br>※<indent=32>各提供比例显示为舍弃小数点后第五位的结果。因此，合计值可能不会达到100.0000%（舍弃小数点后第五位）。</indent=32><br>※<indent=32>SR+圣装的出货概率包含在SR稀有度中。</indent=32><br>※<indent=32>本召唤中出现的圣装状态，可通过召唤画面的"召唤详情"或召唤详情内的"提供比例"进行确认。</indent=32><br>※<indent=32>若同时持有付费辉煌石和免费辉煌石，将优先消耗免费辉煌石。付费辉煌石将从购买日期最早的开始依次消耗。</indent=32><br>※<indent=32>"圣装苍片"将在获得30天后转化为"苍粒子"。</indent=32><br>※<indent=32>"秘迹彩片"将在本召唤活动期间结束后转化为"苍粒子"。</indent=32><br>※<indent=32>付费辉煌石、"圣装苍片"、"秘迹彩片"的有效期可通过"货币管理"进行确认。</indent=32><br>※<indent=32>活动内容及期间可能会在无预告的情况下变更。</indent=32><br>※<indent=32>"秘迹彩片"的获得</indent=32><br><indent=32>每个圣装可获得10个秘迹彩片。</indent=32><br>※<indent=32>每进行一次本召唤，STEP会前进1步。第1周目第10步为最终步，第2周目以后第5步为最终步。</indent=32><br><indent=32>第1、3步执行召唤所需的辉煌石减半，第5、7、9步必定出现1件SSR圣装，第10步必定出现1件秘迹/深忆圣装。</indent=32><br><indent=32>到达最终步后，STEP将重置，可再次从第1步召唤至第5步。</indent=32><br>※<indent=32>第5、7、9步的SSR圣装出现概率中，PICK UP秘迹/深忆圣装的概率均等，合计为16.76%。其他圣装概率均等，合计为83.24%。均从本召唤中可能出现的对象中抽选。</indent=32><br>※<indent=32>第10步的秘迹/深忆圣装出现概率中，PICK UP秘迹/深忆圣装的概率均等，合计为75%。其他秘迹/深忆圣装概率均等，合计为25%。均从本召唤中可能出现的对象中抽选。</indent=32><br>※<indent=32>进行其他召唤不会推进本召唤的STEP。</indent=32><br><br>※<indent=32>获得已持有的圣装时</indent=32><br><indent=32>该圣装将自动转化为对应的"开花辉石"。</indent=32><br><indent=32>每个圣装均设有开花辉石的获得上限，超过上限后获得的开花辉石将自动转化为圣装苍片。</indent=32><br><indent=32>获得的圣装苍片数量因圣装稀有度而异。</indent=32><br>・<indent=32>R圣装：转化18次为开花辉石后，之后转化为5个圣装苍片。</indent=32><br>・<indent=32>SR圣装：转化18次为开花辉石后，之后转化为25个圣装苍片。</indent=32><br>・<indent=32>SSR圣装(秘迹/深忆圣装除外)：转化8次为开花辉石后，之后转化为100个圣装苍片。</indent=32><br>・<indent=32>SSR秘迹/深忆圣装：转化10次为开花辉石后，之后转化为100个圣装苍片。</indent=32> | 	
※<indent=32>セレクション召喚注意事項</indent=32><br>・<indent=32>召喚毎にピックアップ秘跡/深憶聖装の種類や数が異なります。</indent=32><br>・<indent=32>召喚内容選択後、1ステップ目の召喚を実行するまでは召喚内容を選び直すことができます。</indent=32><br>・<indent=32>1ステップ目の召喚実行以降、最終ステップの召喚を実行するまで召喚内容を選び直すことができません。</indent=32><br>※<indent=32>1度の召喚で獲得する聖装が重複する場合がございます。</indent=32><br>※<indent=32>それぞれの提供割合が小数点第五位を切り捨てして表示しています。そのため合計値が100.0000%(小数点第五位を切り捨て)にならない場合がございます。</indent=32><br>※<indent=32>SR+聖装の出現確率はSRレアリティに含まれます。</indent=32><br>※<indent=32>本召喚から出現する聖装のステータスは召喚画面の「召喚詳細」または召喚詳細内の「提供割合」からご確認いただけます。</indent=32><br>※<indent=32>有償フレアライトと無償フレアライトの両方を所持している場合、無償フレアライトから優先的に消費されます。有償フレアライトは購入日の古い物から順に消費されます。</indent=32><br>※<indent=32>「聖装の蒼片」は獲得してから30日で「蒼粒子」へと変換されます。</indent=32><br>※<indent=32>「秘跡の彩片」は本召喚の開催期間後に「蒼粒子」へと変換されます。</indent=32><br>※<indent=32>有償フレアライト、「聖装の蒼片」、「秘跡の彩片」の有効期限は「通貨管理」からご確認いただけます。</indent=32><br>※<indent=32>施策内容や期間は予告なく変更させていただく場合がございます。</indent=32><br>※<indent=32>「秘跡の彩片」の獲得</indent=32><br><indent=32>聖装毎に10秘跡の彩片を獲得することができます。</indent=32><br>※<indent=32>本召喚を実行する毎に1ステップずつ繰り上がり、3・5ステップ目にSSR聖装が1着確定で出現します。</indent=32><br><indent=32>その後、ステップはリセットされ、再び1ステップ目から召喚することが可能です。</indent=32><br>※<indent=32>3・5ステップ目のSSR聖装の出現確率はピックアップ秘跡/深憶聖装の確率は一律となっており、合計で16.76%です。その他聖装確率は一律となっており、合計で83.24%です。いずれもこの召喚で出現する可能性のあるものから抽選されます。</indent=32><br>※<indent=32>他の召喚を実行してもステップは繰り上がりません。</indent=32><br><br>※<indent=32>所持している聖装を獲得した場合</indent=32><br><indent=32>聖装はその聖装に対応した「開花の輝石」へと自動的に変換されます。</indent=32><br><indent=32>各聖装毎に、開花の輝石の限界獲得数が設定されており、それ以降に獲得した開花の輝石は聖装の蒼片へと自動的に変換されます。</indent=32><br><indent=32>獲得する聖装の蒼片の量は、聖装レアリティ毎に異なります。</indent=32><br>・<indent=32>R聖装：18回開花の輝石に変換されて以降、5聖装の蒼片に変換。</indent=32><br> ・<indent=32>SR聖装：18回開花の輝石に変換されて以降、25聖装の蒼片に変換。</indent=32><br>・<indent=32>SSR聖装(秘跡/深憶聖装を除く)：8回開花の輝石に変換されて以降、100聖装の蒼片に変換。</indent=32><br>・<indent=32>SSR秘跡/深憶聖装：10回開花の輝石に変換されて以降、100聖装の蒼片に変換。</indent=32> | ※<indent=32>精选召唤注意事项</indent=32><br>・<indent=32>每次召唤的PICK UP秘迹/深忆圣装种类和数量不同。</indent=32><br>・<indent=32>选择召唤内容后，在执行第1步召唤前可以重新选择召唤内容。</indent=32><br>・<indent=32>执行第1步召唤后，直到最终步召唤执行完毕，无法重新选择召唤内容。</indent=32><br>※<indent=32>单次召唤中获得的圣装可能会出现重复。</indent=32><br>※<indent=32>各提供比例显示为舍弃小数点后第五位的结果。因此，合计值可能不会达到100.0000%（舍弃小数点后第五位）。</indent=32><br>※<indent=32>SR+圣装的出货概率包含在SR稀有度中。</indent=32><br>※<indent=32>本召唤中出现的圣装状态，可通过召唤画面的"召唤详情"或召唤详情内的"提供比例"进行确认。</indent=32><br>※<indent=32>若同时持有付费辉煌石和免费辉煌石，将优先消耗免费辉煌石。付费辉煌石将从购买日期最早的开始依次消耗。</indent=32><br>※<indent=32>"圣装苍片"将在获得30天后转化为"苍粒子"。</indent=32><br>※<indent=32>"秘迹彩片"将在本召唤活动期间结束后转化为"苍粒子"。</indent=32><br>※<indent=32>付费辉煌石、"圣装苍片"、"秘迹彩片"的有效期可通过"货币管理"进行确认。</indent=32><br>※<indent=32>活动内容及期间可能会在无预告的情况下变更。</indent=32><br>※<indent=32>"秘迹彩片"的获得</indent=32><br><indent=32>每个圣装可获得10个秘迹彩片。</indent=32><br>※<indent=32>每进行一次本召唤，STEP会前进1步，第3、5步时必定出现1件SSR圣装。</indent=32><br><indent=32>之后STEP将重置，可再次从第1步开始进行召唤。</indent=32><br>※<indent=32>第3、5步的SSR圣装出现概率中，PICK UP秘迹/深忆圣装的概率均等，合计为16.76%。其他圣装概率均等，合计为83.24%。均从本召唤中可能出现的对象中抽选。</indent=32><br>※<indent=32>进行其他召唤不会推进本召唤的STEP。</indent=32><br><br>※<indent=32>获得已持有的圣装时</indent=32><br><indent=32>该圣装将自动转化为对应的"开花辉石"。</indent=32><br><indent=32>每个圣装均设有开花辉石的获得上限，超过上限后获得的开花辉石将自动转化为圣装苍片。</indent=32><br><indent=32>获得的圣装苍片数量因圣装稀有度而异。</indent=32><br>・<indent=32>R圣装：转化18次为开花辉石后，之后转化为5个圣装苍片。</indent=32><br> ・<indent=32>SR圣装：转化18次为开花辉石后，之后转化为25个圣装苍片。</indent=32><br>・<indent=32>SSR圣装(秘迹/深忆圣装除外)：转化8次为开花辉石后，之后转化为100个圣装苍片。</indent=32><br>・<indent=32>SSR秘迹/深忆圣装：转化10次为开花辉石后，之后转化为100个圣装苍片。</indent=32> | 	
※<indent=32>1度の召喚で獲得する聖装が重複する場合がございます。</indent=32><br>※<indent=32>それぞれの提供割合が小数点第五位を切り捨てして表示しています。そのため合計値が100.0000%(小数点第五位を切り捨て)にならない場合がございます。</indent=32><br>※<indent=32>SR+聖装の出現確率はSRレアリティに含まれます。</indent=32><br>※<indent=32>本召喚から出現する聖装のステータスは召喚画面の「召喚詳細」または召喚詳細内の「提供割合」からご確認いただけます。</indent=32><br>※<indent=32>有償フレアライトと無償フレアライトの両方を所持している場合、無償フレアライトから優先的に消費されます。有償フレアライトは購入日の古い物から順に消費されます。</indent=32><br>※<indent=32>「聖装の蒼片」は獲得してから30日で「蒼粒子」へと変換されます。</indent=32><br>※<indent=32>有償フレアライトと「聖装の蒼片」の有効期限は「通貨管理」からご確認いただけます。</indent=32><br>※<indent=32>施策内容や期間は予告なく変更させていただく場合がございます。</indent=32><br>※<indent=32>「聖装の蒼片」の獲得</indent=32><br> <indent=32>聖装毎に10聖装の蒼片を獲得することができます。</indent=32><br>※<indent=32>本召喚を実行する毎に1ステップずつ繰り上がり、5ステップ目にSSR聖装が1着確定で出現します。</indent=32><br> <indent=32>その後、ステップはリセットされ、再び5ステップ目を目指して召喚することが可能です。</indent=32><br>※<indent=32>5ステップ目の出現確率はSSRヴァレリア【弾ける夏色ステップ】50%、SSRセシル【光輝放つ流星と波濤】50%となっており、いずれもこの召喚で出現する可能性のあるものから抽選されます。</indent=32><br>※<indent=32>他の召喚を実行してもステップは繰り上がりません。</indent=32><br><br>※<indent=32>所持している聖装を獲得した場合</indent=32><br> <indent=32>聖装はその聖装に対応した「開花の輝石」へと自動的に変換されます。</indent=32><br> <indent=32>各聖装毎に、開花の輝石の限界獲得数が設定されており、それ以降に獲得した開花の輝石は聖装の蒼片へと自動的に変換されます。</indent=32><br> <indent=32>獲得する聖装の蒼片の量は、聖装レアリティ毎に異なります。</indent=32><br>・<indent=32>R聖装：18回開花の輝石に変換されて以降、5聖装の蒼片に変換。</indent=32><br>・<indent=32>SR聖装：18回開花の輝石に変換されて以降、25聖装の蒼片に変換。</indent=32><br>・<indent=32>SSR聖装：8回開花の輝石に変換されて以降、100聖装の蒼片に変換。 | ※<indent=32>单次召唤中获得的圣装可能会出现重复。</indent=32><br>※<indent=32>各提供比例显示为舍弃小数点后第五位的结果。因此，合计值可能不会达到100.0000%（舍弃小数点后第五位）。</indent=32><br>※<indent=32>SR+圣装的出货概率包含在SR稀有度中。</indent=32><br>※<indent=32>本召唤中出现的圣装状态，可通过召唤画面的"召唤详情"或召唤详情内的"提供比例"进行确认。</indent=32><br>※<indent=32>若同时持有付费辉煌石和免费辉煌石，将优先消耗免费辉煌石。付费辉煌石将从购买日期最早的开始依次消耗。</indent=32><br>※<indent=32>"圣装苍片"将在获得30天后转化为"苍粒子"。</indent=32><br>※<indent=32>付费辉煌石和"圣装苍片"的有效期可通过"货币管理"进行确认。</indent=32><br>※<indent=32>活动内容及期间可能会在无预告的情况下变更。</indent=32><br>※<indent=32>"圣装苍片"的获得</indent=32><br> <indent=32>每个圣装可获得10个圣装苍片。</indent=32><br>※<indent=32>每进行一次本召唤，STEP会前进1步，第5步时必定出现1件SSR圣装。</indent=32><br> <indent=32>之后STEP将重置，可再次以第5步为目标进行召唤。</indent=32><br>※<indent=32>第5步的出现概率为SSR瓦莱莉亚【绽放夏日舞步】50%、SSR塞西尔【散发光辉的流星与波涛】50%，均从本召唤中可能出现的对象中抽选。</indent=32><br>※<indent=32>进行其他召唤不会推进本召唤的STEP。</indent=32><br><br>※<indent=32>获得已持有的圣装时</indent=32><br> <indent=32>该圣装将自动转化为对应的"开花辉石"。</indent=32><br> <indent=32>每个圣装均设有开花辉石的获得上限，超过上限后获得的开花辉石将自动转化为圣装苍片。</indent=32><br> <indent=32>获得的圣装苍片数量因圣装稀有度而异。</indent=32><br>・<indent=32>R圣装：转化18次为开花辉石后，之后转化为5个圣装苍片。</indent=32><br>・<indent=32>SR圣装：转化18次为开花辉石后，之后转化为25个圣装苍片。</indent=32><br>・<indent=32>SSR圣装：转化8次为开花辉石后，之后转化为100个圣装苍片。 | 	
《心》宝石ハント	《心》宝石狩猎
《力》宝石ハント	《力》宝石狩猎
《知》宝石ハント	《知》宝石狩猎
《芸》宝石ハント	《芸》宝石狩猎
《理》宝石ハント	《理》宝石狩猎